---,SkillID,SkillQuality,SkillName,SkillCD,SkillDamage,SkillCount,SkillTargetCount,SkillDamageArea,SkillDamageTypes,SkillActionType,SkillClass,SkillAttachActorClass,SkillProjClass,SkillIcon,SkillDesc,SkillLevel,SkillActorClass,SkillCustomAttributes,SkillType,WeaponItemID,SkillScale
9010101,90101,1,水灵剑,1,4,3,1,"(X=50.000000,Y=50.000000,Z=50.000000)",((TagName="UGC.DamageNumber.Bounce")),SpawnProjectile_Linear,BlueprintGeneratedClass'/RoguelikeX/Asset/Blueprint/Prefabs/Skills/NewRogueSkill/Sword_Skill_9010001.Sword_Skill_9010001_C',BlueprintGeneratedClass'/RoguelikeX/Asset/Blueprint/RougeTreasureActor/Sword_9010001.Sword_9010001_C',BlueprintGeneratedClass'/RoguelikeX/Asset/Blueprint/Prefabs/Projectiles/NewRogueProj/Sword_Proj_9010001.Sword_Proj_9010001_C',Texture2D'/RoguelikeX/Asset/Art/UI/RouglikeXUI/SkillIcon/Icon_601_Skill_FJ.Icon_601_Skill_FJ',<font src="/Game/UMG/Fonts/AgencyFB_Bold.AgencyFB_Bold" size="16" color="ffff00">【弹幕】【弹射】</><br/><font src="/Game/UMG/Fonts/AgencyFB_Bold.AgencyFB_Bold" size="16" color="ffffff">发射</><font src="/Game/UMG/Fonts/AgencyFB_Bold.AgencyFB_Bold" size="16" color="ffff00">3</><font src="/Game/UMG/Fonts/AgencyFB_Bold.AgencyFB_Bold" size="16" color="ffffff">把飞剑，冷却时间</><font src="/Game/UMG/Fonts/AgencyFB_Bold.AgencyFB_Bold" size="16" color="ffff00">1</><font src="/Game/UMG/Fonts/AgencyFB_Bold.AgencyFB_Bold" size="16" color="ffffff">秒</><br/><font src="/Game/UMG/Fonts/AgencyFB_Bold.AgencyFB_Bold" size="16" color="ffffff">每把造成</><font src="/Game/UMG/Fonts/AgencyFB_Bold.AgencyFB_Bold" size="16" color="ffff00">4</><font src="/Game/UMG/Fonts/AgencyFB_Bold.AgencyFB_Bold" size="16" color="ffffff">伤害</><font></><font></>,1,None,"((""SkillProjBounceCount"", 1.000000))",Barrage,8310727,1
9010102,90101,1,水灵剑,1,4,4,1,"(X=50.000000,Y=50.000000,Z=50.000000)",((TagName="UGC.DamageNumber.Bounce")),SpawnProjectile_Linear,BlueprintGeneratedClass'/RoguelikeX/Asset/Blueprint/Prefabs/Skills/NewRogueSkill/Sword_Skill_9010001.Sword_Skill_9010001_C',BlueprintGeneratedClass'/RoguelikeX/Asset/Blueprint/RougeTreasureActor/Sword_9010001.Sword_9010001_C',BlueprintGeneratedClass'/RoguelikeX/Asset/Blueprint/Prefabs/Projectiles/NewRogueProj/Sword_Proj_9010001.Sword_Proj_9010001_C',Texture2D'/RoguelikeX/Asset/Art/UI/RouglikeXUI/SkillIcon/Icon_601_Skill_FJ.Icon_601_Skill_FJ',<font src="/Game/UMG/Fonts/AgencyFB_Bold.AgencyFB_Bold" size="16" color="ffff00">【弹幕】【弹射】</><br/><font src="/Game/UMG/Fonts/AgencyFB_Bold.AgencyFB_Bold" size="16" color="ffffff">发射</><font src="/Game/UMG/Fonts/AgencyFB_Bold.AgencyFB_Bold" size="16" color="ffff00">4</><font src="/Game/UMG/Fonts/AgencyFB_Bold.AgencyFB_Bold" size="16" color="ffffff">把飞剑，冷却时间</><font src="/Game/UMG/Fonts/AgencyFB_Bold.AgencyFB_Bold" size="16" color="ffff00">1</><font src="/Game/UMG/Fonts/AgencyFB_Bold.AgencyFB_Bold" size="16" color="ffffff">秒</><br/><font src="/Game/UMG/Fonts/AgencyFB_Bold.AgencyFB_Bold" size="16" color="ffffff">每把造成</><font src="/Game/UMG/Fonts/AgencyFB_Bold.AgencyFB_Bold" size="16" color="ffff00">4</><font src="/Game/UMG/Fonts/AgencyFB_Bold.AgencyFB_Bold" size="16" color="ffffff">伤害</><font></><font></>,2,None,"((""SkillProjBounceCount"", 1.000000))",Barrage,8310113,1
9010103,90101,1,水灵剑,1,5,5,1,"(X=50.000000,Y=50.000000,Z=50.000000)",((TagName="UGC.DamageNumber.Bounce")),SpawnProjectile_Linear,BlueprintGeneratedClass'/RoguelikeX/Asset/Blueprint/Prefabs/Skills/NewRogueSkill/Sword_Skill_9010001.Sword_Skill_9010001_C',BlueprintGeneratedClass'/RoguelikeX/Asset/Blueprint/RougeTreasureActor/Sword_9010001.Sword_9010001_C',BlueprintGeneratedClass'/RoguelikeX/Asset/Blueprint/Prefabs/Projectiles/NewRogueProj/Sword_Proj_9010001.Sword_Proj_9010001_C',Texture2D'/RoguelikeX/Asset/Art/UI/RouglikeXUI/SkillIcon/Icon_601_Skill_FJ.Icon_601_Skill_FJ',<font src="/Game/UMG/Fonts/AgencyFB_Bold.AgencyFB_Bold" size="16" color="ffff00">【弹幕】【弹射】</><br/><font src="/Game/UMG/Fonts/AgencyFB_Bold.AgencyFB_Bold" size="16" color="ffffff">发射</><font src="/Game/UMG/Fonts/AgencyFB_Bold.AgencyFB_Bold" size="16" color="ffff00">5</><font src="/Game/UMG/Fonts/AgencyFB_Bold.AgencyFB_Bold" size="16" color="ffffff">把飞剑，冷却时间</><font src="/Game/UMG/Fonts/AgencyFB_Bold.AgencyFB_Bold" size="16" color="ffff00">1</><font src="/Game/UMG/Fonts/AgencyFB_Bold.AgencyFB_Bold" size="16" color="ffffff">秒</><br/><font src="/Game/UMG/Fonts/AgencyFB_Bold.AgencyFB_Bold" size="16" color="ffffff">每把造成</><font src="/Game/UMG/Fonts/AgencyFB_Bold.AgencyFB_Bold" size="16" color="ffff00">5</><font src="/Game/UMG/Fonts/AgencyFB_Bold.AgencyFB_Bold" size="16" color="ffffff">伤害</><font></><font></>,3,None,"((""SkillProjBounceCount"", 1.000000))",Barrage,8310021,1
9010104,90101,1,水灵剑,1,7,6,1,"(X=50.000000,Y=50.000000,Z=50.000000)",((TagName="UGC.DamageNumber.Bounce")),SpawnProjectile_Linear,BlueprintGeneratedClass'/RoguelikeX/Asset/Blueprint/Prefabs/Skills/NewRogueSkill/Sword_Skill_9010001.Sword_Skill_9010001_C',BlueprintGeneratedClass'/RoguelikeX/Asset/Blueprint/RougeTreasureActor/Sword_9010001.Sword_9010001_C',BlueprintGeneratedClass'/RoguelikeX/Asset/Blueprint/Prefabs/Projectiles/NewRogueProj/Sword_Proj_9010001.Sword_Proj_9010001_C',Texture2D'/RoguelikeX/Asset/Art/UI/RouglikeXUI/SkillIcon/Icon_601_Skill_FJ.Icon_601_Skill_FJ',<font src="/Game/UMG/Fonts/AgencyFB_Bold.AgencyFB_Bold" size="16" color="ffff00">【弹幕】【弹射】</><br/><font src="/Game/UMG/Fonts/AgencyFB_Bold.AgencyFB_Bold" size="16" color="ffffff">发射</><font src="/Game/UMG/Fonts/AgencyFB_Bold.AgencyFB_Bold" size="16" color="ffff00">6</><font src="/Game/UMG/Fonts/AgencyFB_Bold.AgencyFB_Bold" size="16" color="ffffff">把飞剑，冷却时间</><font src="/Game/UMG/Fonts/AgencyFB_Bold.AgencyFB_Bold" size="16" color="ffff00">1</><font src="/Game/UMG/Fonts/AgencyFB_Bold.AgencyFB_Bold" size="16" color="ffffff">秒</><br/><font src="/Game/UMG/Fonts/AgencyFB_Bold.AgencyFB_Bold" size="16" color="ffffff">每把造成</><font src="/Game/UMG/Fonts/AgencyFB_Bold.AgencyFB_Bold" size="16" color="ffff00">7</><font src="/Game/UMG/Fonts/AgencyFB_Bold.AgencyFB_Bold" size="16" color="ffffff">伤害</><font></><font></>,4,None,"((""SkillProjBounceCount"", 1.000000))",Barrage,8310022,1
9010105,90101,1,水灵剑,1,8,7,1,"(X=50.000000,Y=50.000000,Z=50.000000)",((TagName="UGC.DamageNumber.Bounce")),SpawnProjectile_Linear,BlueprintGeneratedClass'/RoguelikeX/Asset/Blueprint/Prefabs/Skills/NewRogueSkill/Sword_Skill_9010001.Sword_Skill_9010001_C',BlueprintGeneratedClass'/RoguelikeX/Asset/Blueprint/RougeTreasureActor/Sword_9010001.Sword_9010001_C',BlueprintGeneratedClass'/RoguelikeX/Asset/Blueprint/Prefabs/Projectiles/NewRogueProj/Sword_Proj_9010001.Sword_Proj_9010001_C',Texture2D'/RoguelikeX/Asset/Art/UI/RouglikeXUI/SkillIcon/Icon_601_Skill_FJ.Icon_601_Skill_FJ',<font src="/Game/UMG/Fonts/AgencyFB_Bold.AgencyFB_Bold" size="16" color="ffff00">【弹幕】【弹射】</><br/><font src="/Game/UMG/Fonts/AgencyFB_Bold.AgencyFB_Bold" size="16" color="ffffff">发射</><font src="/Game/UMG/Fonts/AgencyFB_Bold.AgencyFB_Bold" size="16" color="ffff00">7</><font src="/Game/UMG/Fonts/AgencyFB_Bold.AgencyFB_Bold" size="16" color="ffffff">把飞剑，冷却时间</><font src="/Game/UMG/Fonts/AgencyFB_Bold.AgencyFB_Bold" size="16" color="ffff00">1</><font src="/Game/UMG/Fonts/AgencyFB_Bold.AgencyFB_Bold" size="16" color="ffffff">秒</><br/><font src="/Game/UMG/Fonts/AgencyFB_Bold.AgencyFB_Bold" size="16" color="ffffff">每把造成</><font src="/Game/UMG/Fonts/AgencyFB_Bold.AgencyFB_Bold" size="16" color="ffff00">8</><font src="/Game/UMG/Fonts/AgencyFB_Bold.AgencyFB_Bold" size="16" color="ffffff">伤害</><font></><font></>,5,None,"((""SkillProjBounceCount"", 1.000000))",Barrage,8310023,1
9240101,92401,1,太一剑,1,4,3,1,"(X=50.000000,Y=50.000000,Z=50.000000)",((TagName="UGC.DamageNumber.Bounce")),SpawnProjectile_Linear,BlueprintGeneratedClass'/RoguelikeX/Asset/Blueprint/Prefabs/Skills/NewRogueSkill/Sword_Skill_9240001.Sword_Skill_9240001_C',BlueprintGeneratedClass'/RoguelikeX/Asset/Blueprint/RougeTreasureActor/Sword_9240001.Sword_9240001_C',BlueprintGeneratedClass'/RoguelikeX/Asset/Blueprint/Prefabs/Projectiles/NewRogueProj/Sword_Proj_9240001.Sword_Proj_9240001_C',Texture2D'/RoguelikeX/Asset/Art/UI/RouglikeXUI/SkillIcon/Icon_601_Skill_FJ.Icon_601_Skill_FJ',<font src="/Game/UMG/Fonts/AgencyFB_Bold.AgencyFB_Bold" size="16" color="ffff00">【弹幕】【弹射】</><br/><font src="/Game/UMG/Fonts/AgencyFB_Bold.AgencyFB_Bold" size="16" color="ffffff">发射</><font src="/Game/UMG/Fonts/AgencyFB_Bold.AgencyFB_Bold" size="16" color="ffff00">3</><font src="/Game/UMG/Fonts/AgencyFB_Bold.AgencyFB_Bold" size="16" color="ffffff">把飞剑，冷却时间</><font src="/Game/UMG/Fonts/AgencyFB_Bold.AgencyFB_Bold" size="16" color="ffff00">1</><font src="/Game/UMG/Fonts/AgencyFB_Bold.AgencyFB_Bold" size="16" color="ffffff">秒</><br/><font src="/Game/UMG/Fonts/AgencyFB_Bold.AgencyFB_Bold" size="16" color="ffffff">每把造成</><font src="/Game/UMG/Fonts/AgencyFB_Bold.AgencyFB_Bold" size="16" color="ffff00">4</><font src="/Game/UMG/Fonts/AgencyFB_Bold.AgencyFB_Bold" size="16" color="ffffff">伤害</><font></><font></>,1,None,"((""SkillProjBounceCount"", 1.000000))",Barrage,8310729,1
9240102,92401,1,太一剑,1,4,4,1,"(X=50.000000,Y=50.000000,Z=50.000000)",((TagName="UGC.DamageNumber.Bounce")),SpawnProjectile_Linear,BlueprintGeneratedClass'/RoguelikeX/Asset/Blueprint/Prefabs/Skills/NewRogueSkill/Sword_Skill_9240001.Sword_Skill_9240001_C',BlueprintGeneratedClass'/RoguelikeX/Asset/Blueprint/RougeTreasureActor/Sword_9240001.Sword_9240001_C',BlueprintGeneratedClass'/RoguelikeX/Asset/Blueprint/Prefabs/Projectiles/NewRogueProj/Sword_Proj_9240001.Sword_Proj_9240001_C',Texture2D'/RoguelikeX/Asset/Art/UI/RouglikeXUI/SkillIcon/Icon_601_Skill_FJ.Icon_601_Skill_FJ',<font src="/Game/UMG/Fonts/AgencyFB_Bold.AgencyFB_Bold" size="16" color="ffff00">【弹幕】【弹射】</><br/><font src="/Game/UMG/Fonts/AgencyFB_Bold.AgencyFB_Bold" size="16" color="ffffff">发射</><font src="/Game/UMG/Fonts/AgencyFB_Bold.AgencyFB_Bold" size="16" color="ffff00">4</><font src="/Game/UMG/Fonts/AgencyFB_Bold.AgencyFB_Bold" size="16" color="ffffff">把飞剑，冷却时间</><font src="/Game/UMG/Fonts/AgencyFB_Bold.AgencyFB_Bold" size="16" color="ffff00">1</><font src="/Game/UMG/Fonts/AgencyFB_Bold.AgencyFB_Bold" size="16" color="ffffff">秒</><br/><font src="/Game/UMG/Fonts/AgencyFB_Bold.AgencyFB_Bold" size="16" color="ffffff">每把造成</><font src="/Game/UMG/Fonts/AgencyFB_Bold.AgencyFB_Bold" size="16" color="ffff00">4</><font src="/Game/UMG/Fonts/AgencyFB_Bold.AgencyFB_Bold" size="16" color="ffffff">伤害</><font></><font></>,2,None,"((""SkillProjBounceCount"", 1.000000))",Barrage,8310024,1
9240103,92401,1,太一剑,1,5,5,1,"(X=50.000000,Y=50.000000,Z=50.000000)",((TagName="UGC.DamageNumber.Bounce")),SpawnProjectile_Linear,BlueprintGeneratedClass'/RoguelikeX/Asset/Blueprint/Prefabs/Skills/NewRogueSkill/Sword_Skill_9240001.Sword_Skill_9240001_C',BlueprintGeneratedClass'/RoguelikeX/Asset/Blueprint/RougeTreasureActor/Sword_9240001.Sword_9240001_C',BlueprintGeneratedClass'/RoguelikeX/Asset/Blueprint/Prefabs/Projectiles/NewRogueProj/Sword_Proj_9240001.Sword_Proj_9240001_C',Texture2D'/RoguelikeX/Asset/Art/UI/RouglikeXUI/SkillIcon/Icon_601_Skill_FJ.Icon_601_Skill_FJ',<font src="/Game/UMG/Fonts/AgencyFB_Bold.AgencyFB_Bold" size="16" color="ffff00">【弹幕】【弹射】</><br/><font src="/Game/UMG/Fonts/AgencyFB_Bold.AgencyFB_Bold" size="16" color="ffffff">发射</><font src="/Game/UMG/Fonts/AgencyFB_Bold.AgencyFB_Bold" size="16" color="ffff00">5</><font src="/Game/UMG/Fonts/AgencyFB_Bold.AgencyFB_Bold" size="16" color="ffffff">把飞剑，冷却时间</><font src="/Game/UMG/Fonts/AgencyFB_Bold.AgencyFB_Bold" size="16" color="ffff00">1</><font src="/Game/UMG/Fonts/AgencyFB_Bold.AgencyFB_Bold" size="16" color="ffffff">秒</><br/><font src="/Game/UMG/Fonts/AgencyFB_Bold.AgencyFB_Bold" size="16" color="ffffff">每把造成</><font src="/Game/UMG/Fonts/AgencyFB_Bold.AgencyFB_Bold" size="16" color="ffff00">5</><font src="/Game/UMG/Fonts/AgencyFB_Bold.AgencyFB_Bold" size="16" color="ffffff">伤害</><font></><font></>,3,None,"((""SkillProjBounceCount"", 1.000000))",Barrage,8310025,1
9240104,92401,1,太一剑,1,7,6,1,"(X=50.000000,Y=50.000000,Z=50.000000)",((TagName="UGC.DamageNumber.Bounce")),SpawnProjectile_Linear,BlueprintGeneratedClass'/RoguelikeX/Asset/Blueprint/Prefabs/Skills/NewRogueSkill/Sword_Skill_9240001.Sword_Skill_9240001_C',BlueprintGeneratedClass'/RoguelikeX/Asset/Blueprint/RougeTreasureActor/Sword_9240001.Sword_9240001_C',BlueprintGeneratedClass'/RoguelikeX/Asset/Blueprint/Prefabs/Projectiles/NewRogueProj/Sword_Proj_9240001.Sword_Proj_9240001_C',Texture2D'/RoguelikeX/Asset/Art/UI/RouglikeXUI/SkillIcon/Icon_601_Skill_FJ.Icon_601_Skill_FJ',<font src="/Game/UMG/Fonts/AgencyFB_Bold.AgencyFB_Bold" size="16" color="ffff00">【弹幕】【弹射】</><br/><font src="/Game/UMG/Fonts/AgencyFB_Bold.AgencyFB_Bold" size="16" color="ffffff">发射</><font src="/Game/UMG/Fonts/AgencyFB_Bold.AgencyFB_Bold" size="16" color="ffff00">6</><font src="/Game/UMG/Fonts/AgencyFB_Bold.AgencyFB_Bold" size="16" color="ffffff">把飞剑，冷却时间</><font src="/Game/UMG/Fonts/AgencyFB_Bold.AgencyFB_Bold" size="16" color="ffff00">1</><font src="/Game/UMG/Fonts/AgencyFB_Bold.AgencyFB_Bold" size="16" color="ffffff">秒</><br/><font src="/Game/UMG/Fonts/AgencyFB_Bold.AgencyFB_Bold" size="16" color="ffffff">每把造成</><font src="/Game/UMG/Fonts/AgencyFB_Bold.AgencyFB_Bold" size="16" color="ffff00">7</><font src="/Game/UMG/Fonts/AgencyFB_Bold.AgencyFB_Bold" size="16" color="ffffff">伤害</><font></><font></>,4,None,"((""SkillProjBounceCount"", 1.000000))",Barrage,8310026,1
9240105,92401,1,太一剑,1,8,7,1,"(X=50.000000,Y=50.000000,Z=50.000000)",((TagName="UGC.DamageNumber.Bounce")),SpawnProjectile_Linear,BlueprintGeneratedClass'/RoguelikeX/Asset/Blueprint/Prefabs/Skills/NewRogueSkill/Sword_Skill_9240001.Sword_Skill_9240001_C',BlueprintGeneratedClass'/RoguelikeX/Asset/Blueprint/RougeTreasureActor/Sword_9240001.Sword_9240001_C',BlueprintGeneratedClass'/RoguelikeX/Asset/Blueprint/Prefabs/Projectiles/NewRogueProj/Sword_Proj_9240001.Sword_Proj_9240001_C',Texture2D'/RoguelikeX/Asset/Art/UI/RouglikeXUI/SkillIcon/Icon_601_Skill_FJ.Icon_601_Skill_FJ',<font src="/Game/UMG/Fonts/AgencyFB_Bold.AgencyFB_Bold" size="16" color="ffff00">【弹幕】【弹射】</><br/><font src="/Game/UMG/Fonts/AgencyFB_Bold.AgencyFB_Bold" size="16" color="ffffff">发射</><font src="/Game/UMG/Fonts/AgencyFB_Bold.AgencyFB_Bold" size="16" color="ffff00">7</><font src="/Game/UMG/Fonts/AgencyFB_Bold.AgencyFB_Bold" size="16" color="ffffff">把飞剑，冷却时间</><font src="/Game/UMG/Fonts/AgencyFB_Bold.AgencyFB_Bold" size="16" color="ffff00">1</><font src="/Game/UMG/Fonts/AgencyFB_Bold.AgencyFB_Bold" size="16" color="ffffff">秒</><br/><font src="/Game/UMG/Fonts/AgencyFB_Bold.AgencyFB_Bold" size="16" color="ffffff">每把造成</><font src="/Game/UMG/Fonts/AgencyFB_Bold.AgencyFB_Bold" size="16" color="ffff00">8</><font src="/Game/UMG/Fonts/AgencyFB_Bold.AgencyFB_Bold" size="16" color="ffffff">伤害</><font></><font></>,5,None,"((""SkillProjBounceCount"", 1.000000))",Barrage,8310096,1
9270201,92702,2,火灵剑,1,5,3,1,"(X=50.000000,Y=50.000000,Z=50.000000)",((TagName="UGC.DamageNumber.Bounce")),SpawnProjectile_Linear,BlueprintGeneratedClass'/RoguelikeX/Asset/Blueprint/Prefabs/Skills/NewRogueSkill/Sword_Skill_9010001.Sword_Skill_9010001_C',BlueprintGeneratedClass'/RoguelikeX/Asset/Blueprint/RougeTreasureActor/Sword_9270001.Sword_9270001_C',BlueprintGeneratedClass'/RoguelikeX/Asset/Blueprint/Prefabs/Projectiles/NewRogueProj/Sword_Proj_9270001.Sword_Proj_9270001_C',Texture2D'/RoguelikeX/Asset/Art/UI/RouglikeXUI/SkillIcon/Icon_601_Skill_FJ.Icon_601_Skill_FJ',<font src="/Game/UMG/Fonts/AgencyFB_Bold.AgencyFB_Bold" size="16" color="ffff00">【弹幕】【弹射】</><br/><font src="/Game/UMG/Fonts/AgencyFB_Bold.AgencyFB_Bold" size="16" color="ffffff">发射</><font src="/Game/UMG/Fonts/AgencyFB_Bold.AgencyFB_Bold" size="16" color="ffff00">3</><font src="/Game/UMG/Fonts/AgencyFB_Bold.AgencyFB_Bold" size="16" color="ffffff">把飞剑，冷却时间</><font src="/Game/UMG/Fonts/AgencyFB_Bold.AgencyFB_Bold" size="16" color="ffff00">1</><font src="/Game/UMG/Fonts/AgencyFB_Bold.AgencyFB_Bold" size="16" color="ffffff">秒</><br/><font src="/Game/UMG/Fonts/AgencyFB_Bold.AgencyFB_Bold" size="16" color="ffffff">每把造成</><font src="/Game/UMG/Fonts/AgencyFB_Bold.AgencyFB_Bold" size="16" color="ffff00">5</><font src="/Game/UMG/Fonts/AgencyFB_Bold.AgencyFB_Bold" size="16" color="ffffff">伤害</><font></><font></>,1,None,"((""SkillProjBounceCount"", 1.000000))",Barrage,8310731,1
9270202,92702,2,火灵剑,1,6,4,1,"(X=50.000000,Y=50.000000,Z=50.000000)",((TagName="UGC.DamageNumber.Bounce")),SpawnProjectile_Linear,BlueprintGeneratedClass'/RoguelikeX/Asset/Blueprint/Prefabs/Skills/NewRogueSkill/Sword_Skill_9010001.Sword_Skill_9010001_C',BlueprintGeneratedClass'/RoguelikeX/Asset/Blueprint/RougeTreasureActor/Sword_9270001.Sword_9270001_C',BlueprintGeneratedClass'/RoguelikeX/Asset/Blueprint/Prefabs/Projectiles/NewRogueProj/Sword_Proj_9270001.Sword_Proj_9270001_C',Texture2D'/RoguelikeX/Asset/Art/UI/RouglikeXUI/SkillIcon/Icon_601_Skill_FJ.Icon_601_Skill_FJ',<font src="/Game/UMG/Fonts/AgencyFB_Bold.AgencyFB_Bold" size="16" color="ffff00">【弹幕】【弹射】</><br/><font src="/Game/UMG/Fonts/AgencyFB_Bold.AgencyFB_Bold" size="16" color="ffffff">发射</><font src="/Game/UMG/Fonts/AgencyFB_Bold.AgencyFB_Bold" size="16" color="ffff00">4</><font src="/Game/UMG/Fonts/AgencyFB_Bold.AgencyFB_Bold" size="16" color="ffffff">把飞剑，冷却时间</><font src="/Game/UMG/Fonts/AgencyFB_Bold.AgencyFB_Bold" size="16" color="ffff00">1</><font src="/Game/UMG/Fonts/AgencyFB_Bold.AgencyFB_Bold" size="16" color="ffffff">秒</><br/><font src="/Game/UMG/Fonts/AgencyFB_Bold.AgencyFB_Bold" size="16" color="ffffff">每把造成</><font src="/Game/UMG/Fonts/AgencyFB_Bold.AgencyFB_Bold" size="16" color="ffff00">6</><font src="/Game/UMG/Fonts/AgencyFB_Bold.AgencyFB_Bold" size="16" color="ffffff">伤害</><font></><font></>,2,None,"((""SkillProjBounceCount"", 1.000000))",Barrage,8310059,1
9270203,92702,2,火灵剑,1,8,5,1,"(X=50.000000,Y=50.000000,Z=50.000000)",((TagName="UGC.DamageNumber.Bounce")),SpawnProjectile_Linear,BlueprintGeneratedClass'/RoguelikeX/Asset/Blueprint/Prefabs/Skills/NewRogueSkill/Sword_Skill_9010001.Sword_Skill_9010001_C',BlueprintGeneratedClass'/RoguelikeX/Asset/Blueprint/RougeTreasureActor/Sword_9270001.Sword_9270001_C',BlueprintGeneratedClass'/RoguelikeX/Asset/Blueprint/Prefabs/Projectiles/NewRogueProj/Sword_Proj_9270001.Sword_Proj_9270001_C',Texture2D'/RoguelikeX/Asset/Art/UI/RouglikeXUI/SkillIcon/Icon_601_Skill_FJ.Icon_601_Skill_FJ',<font src="/Game/UMG/Fonts/AgencyFB_Bold.AgencyFB_Bold" size="16" color="ffff00">【弹幕】【弹射】</><br/><font src="/Game/UMG/Fonts/AgencyFB_Bold.AgencyFB_Bold" size="16" color="ffffff">发射</><font src="/Game/UMG/Fonts/AgencyFB_Bold.AgencyFB_Bold" size="16" color="ffff00">5</><font src="/Game/UMG/Fonts/AgencyFB_Bold.AgencyFB_Bold" size="16" color="ffffff">把飞剑，冷却时间</><font src="/Game/UMG/Fonts/AgencyFB_Bold.AgencyFB_Bold" size="16" color="ffff00">1</><font src="/Game/UMG/Fonts/AgencyFB_Bold.AgencyFB_Bold" size="16" color="ffffff">秒</><br/><font src="/Game/UMG/Fonts/AgencyFB_Bold.AgencyFB_Bold" size="16" color="ffffff">每把造成</><font src="/Game/UMG/Fonts/AgencyFB_Bold.AgencyFB_Bold" size="16" color="ffff00">8</><font src="/Game/UMG/Fonts/AgencyFB_Bold.AgencyFB_Bold" size="16" color="ffffff">伤害</><font></><font></>,3,None,"((""SkillProjBounceCount"", 1.000000))",Barrage,8310060,1
9270204,92702,2,火灵剑,1,9,6,1,"(X=50.000000,Y=50.000000,Z=50.000000)",((TagName="UGC.DamageNumber.Bounce")),SpawnProjectile_Linear,BlueprintGeneratedClass'/RoguelikeX/Asset/Blueprint/Prefabs/Skills/NewRogueSkill/Sword_Skill_9010001.Sword_Skill_9010001_C',BlueprintGeneratedClass'/RoguelikeX/Asset/Blueprint/RougeTreasureActor/Sword_9270001.Sword_9270001_C',BlueprintGeneratedClass'/RoguelikeX/Asset/Blueprint/Prefabs/Projectiles/NewRogueProj/Sword_Proj_9270001.Sword_Proj_9270001_C',Texture2D'/RoguelikeX/Asset/Art/UI/RouglikeXUI/SkillIcon/Icon_601_Skill_FJ.Icon_601_Skill_FJ',<font src="/Game/UMG/Fonts/AgencyFB_Bold.AgencyFB_Bold" size="16" color="ffff00">【弹幕】【弹射】</><br/><font src="/Game/UMG/Fonts/AgencyFB_Bold.AgencyFB_Bold" size="16" color="ffffff">发射</><font src="/Game/UMG/Fonts/AgencyFB_Bold.AgencyFB_Bold" size="16" color="ffff00">6</><font src="/Game/UMG/Fonts/AgencyFB_Bold.AgencyFB_Bold" size="16" color="ffffff">把飞剑，冷却时间</><font src="/Game/UMG/Fonts/AgencyFB_Bold.AgencyFB_Bold" size="16" color="ffff00">1</><font src="/Game/UMG/Fonts/AgencyFB_Bold.AgencyFB_Bold" size="16" color="ffffff">秒</><br/><font src="/Game/UMG/Fonts/AgencyFB_Bold.AgencyFB_Bold" size="16" color="ffffff">每把造成</><font src="/Game/UMG/Fonts/AgencyFB_Bold.AgencyFB_Bold" size="16" color="ffff00">9</><font src="/Game/UMG/Fonts/AgencyFB_Bold.AgencyFB_Bold" size="16" color="ffffff">伤害</><font></><font></>,4,None,"((""SkillProjBounceCount"", 1.000000))",Barrage,8310061,1
9270205,92702,2,火灵剑,1,11,7,1,"(X=50.000000,Y=50.000000,Z=50.000000)",((TagName="UGC.DamageNumber.Bounce")),SpawnProjectile_Linear,BlueprintGeneratedClass'/RoguelikeX/Asset/Blueprint/Prefabs/Skills/NewRogueSkill/Sword_Skill_9010001.Sword_Skill_9010001_C',BlueprintGeneratedClass'/RoguelikeX/Asset/Blueprint/RougeTreasureActor/Sword_9270001.Sword_9270001_C',BlueprintGeneratedClass'/RoguelikeX/Asset/Blueprint/Prefabs/Projectiles/NewRogueProj/Sword_Proj_9270001.Sword_Proj_9270001_C',Texture2D'/RoguelikeX/Asset/Art/UI/RouglikeXUI/SkillIcon/Icon_601_Skill_FJ.Icon_601_Skill_FJ',<font src="/Game/UMG/Fonts/AgencyFB_Bold.AgencyFB_Bold" size="16" color="ffff00">【弹幕】【弹射】</><br/><font src="/Game/UMG/Fonts/AgencyFB_Bold.AgencyFB_Bold" size="16" color="ffffff">发射</><font src="/Game/UMG/Fonts/AgencyFB_Bold.AgencyFB_Bold" size="16" color="ffff00">7</><font src="/Game/UMG/Fonts/AgencyFB_Bold.AgencyFB_Bold" size="16" color="ffffff">把飞剑，冷却时间</><font src="/Game/UMG/Fonts/AgencyFB_Bold.AgencyFB_Bold" size="16" color="ffff00">1</><font src="/Game/UMG/Fonts/AgencyFB_Bold.AgencyFB_Bold" size="16" color="ffffff">秒</><br/><font src="/Game/UMG/Fonts/AgencyFB_Bold.AgencyFB_Bold" size="16" color="ffffff">每把造成</><font src="/Game/UMG/Fonts/AgencyFB_Bold.AgencyFB_Bold" size="16" color="ffff00">11</><font src="/Game/UMG/Fonts/AgencyFB_Bold.AgencyFB_Bold" size="16" color="ffffff">伤害</><font></><font></>,5,None,"((""SkillProjBounceCount"", 1.000000))",Barrage,8310062,1
9250301,92503,3,饮魔剑,1,8,3,1,"(X=50.000000,Y=50.000000,Z=50.000000)",((TagName="UGC.DamageNumber.Bounce")),SpawnProjectile_Linear,BlueprintGeneratedClass'/RoguelikeX/Asset/Blueprint/Prefabs/Skills/NewRogueSkill/Sword_Skill_9250002.Sword_Skill_9250002_C',BlueprintGeneratedClass'/RoguelikeX/Asset/Blueprint/RougeTreasureActor/Sword_9250001.Sword_9250001_C',BlueprintGeneratedClass'/RoguelikeX/Asset/Blueprint/Prefabs/Projectiles/NewRogueProj/Sword_Proj_9250001.Sword_Proj_9250001_C',Texture2D'/RoguelikeX/Asset/Art/UI/RouglikeXUI/SkillIcon/Icon_601_Skill_FJ.Icon_601_Skill_FJ',<font src="/Game/UMG/Fonts/AgencyFB_Bold.AgencyFB_Bold" size="16" color="ffff00">【弹幕】【弹射】</><br/><font src="/Game/UMG/Fonts/AgencyFB_Bold.AgencyFB_Bold" size="16" color="ffffff">发射</><font src="/Game/UMG/Fonts/AgencyFB_Bold.AgencyFB_Bold" size="16" color="ffff00">3</><font src="/Game/UMG/Fonts/AgencyFB_Bold.AgencyFB_Bold" size="16" color="ffffff">把飞剑，冷却时间</><font src="/Game/UMG/Fonts/AgencyFB_Bold.AgencyFB_Bold" size="16" color="ffff00">1</><font src="/Game/UMG/Fonts/AgencyFB_Bold.AgencyFB_Bold" size="16" color="ffffff">秒</><br/><font src="/Game/UMG/Fonts/AgencyFB_Bold.AgencyFB_Bold" size="16" color="ffffff">每把造成</><font src="/Game/UMG/Fonts/AgencyFB_Bold.AgencyFB_Bold" size="16" color="ffff00">8</><font src="/Game/UMG/Fonts/AgencyFB_Bold.AgencyFB_Bold" size="16" color="ffffff">伤害</><font></><font></>,1,None,"((""SkillProjBounceCount"", 1.000000))",Barrage,8310730,1
9250302,92503,3,饮魔剑,1,10,4,1,"(X=50.000000,Y=50.000000,Z=50.000000)",((TagName="UGC.DamageNumber.Bounce")),SpawnProjectile_Linear,BlueprintGeneratedClass'/RoguelikeX/Asset/Blueprint/Prefabs/Skills/NewRogueSkill/Sword_Skill_9250002.Sword_Skill_9250002_C',BlueprintGeneratedClass'/RoguelikeX/Asset/Blueprint/RougeTreasureActor/Sword_9250001.Sword_9250001_C',BlueprintGeneratedClass'/RoguelikeX/Asset/Blueprint/Prefabs/Projectiles/NewRogueProj/Sword_Proj_9250001.Sword_Proj_9250001_C',Texture2D'/RoguelikeX/Asset/Art/UI/RouglikeXUI/SkillIcon/Icon_601_Skill_FJ.Icon_601_Skill_FJ',<font src="/Game/UMG/Fonts/AgencyFB_Bold.AgencyFB_Bold" size="16" color="ffff00">【弹幕】【弹射】</><br/><font src="/Game/UMG/Fonts/AgencyFB_Bold.AgencyFB_Bold" size="16" color="ffffff">发射</><font src="/Game/UMG/Fonts/AgencyFB_Bold.AgencyFB_Bold" size="16" color="ffff00">4</><font src="/Game/UMG/Fonts/AgencyFB_Bold.AgencyFB_Bold" size="16" color="ffffff">把飞剑，冷却时间</><font src="/Game/UMG/Fonts/AgencyFB_Bold.AgencyFB_Bold" size="16" color="ffff00">1</><font src="/Game/UMG/Fonts/AgencyFB_Bold.AgencyFB_Bold" size="16" color="ffffff">秒</><br/><font src="/Game/UMG/Fonts/AgencyFB_Bold.AgencyFB_Bold" size="16" color="ffffff">每把造成</><font src="/Game/UMG/Fonts/AgencyFB_Bold.AgencyFB_Bold" size="16" color="ffff00">10</><font src="/Game/UMG/Fonts/AgencyFB_Bold.AgencyFB_Bold" size="16" color="ffffff">伤害</><font></><font></>,2,None,"((""SkillProjBounceCount"", 1.000000))",Barrage,8310169,1
9250303,92503,3,饮魔剑,1,12,5,1,"(X=50.000000,Y=50.000000,Z=50.000000)",((TagName="UGC.DamageNumber.Bounce")),SpawnProjectile_Linear,BlueprintGeneratedClass'/RoguelikeX/Asset/Blueprint/Prefabs/Skills/NewRogueSkill/Sword_Skill_9250002.Sword_Skill_9250002_C',BlueprintGeneratedClass'/RoguelikeX/Asset/Blueprint/RougeTreasureActor/Sword_9250001.Sword_9250001_C',BlueprintGeneratedClass'/RoguelikeX/Asset/Blueprint/Prefabs/Projectiles/NewRogueProj/Sword_Proj_9250001.Sword_Proj_9250001_C',Texture2D'/RoguelikeX/Asset/Art/UI/RouglikeXUI/SkillIcon/Icon_601_Skill_FJ.Icon_601_Skill_FJ',<font src="/Game/UMG/Fonts/AgencyFB_Bold.AgencyFB_Bold" size="16" color="ffff00">【弹幕】【弹射】</><br/><font src="/Game/UMG/Fonts/AgencyFB_Bold.AgencyFB_Bold" size="16" color="ffffff">发射</><font src="/Game/UMG/Fonts/AgencyFB_Bold.AgencyFB_Bold" size="16" color="ffff00">5</><font src="/Game/UMG/Fonts/AgencyFB_Bold.AgencyFB_Bold" size="16" color="ffffff">把飞剑，冷却时间</><font src="/Game/UMG/Fonts/AgencyFB_Bold.AgencyFB_Bold" size="16" color="ffff00">1</><font src="/Game/UMG/Fonts/AgencyFB_Bold.AgencyFB_Bold" size="16" color="ffffff">秒</><br/><font src="/Game/UMG/Fonts/AgencyFB_Bold.AgencyFB_Bold" size="16" color="ffffff">每把造成</><font src="/Game/UMG/Fonts/AgencyFB_Bold.AgencyFB_Bold" size="16" color="ffff00">12</><font src="/Game/UMG/Fonts/AgencyFB_Bold.AgencyFB_Bold" size="16" color="ffffff">伤害</><font></><font></>,3,None,"((""SkillProjBounceCount"", 1.000000))",Barrage,8310173,1
9250304,92503,3,饮魔剑,1,14,6,1,"(X=50.000000,Y=50.000000,Z=50.000000)",((TagName="UGC.DamageNumber.Bounce")),SpawnProjectile_Linear,BlueprintGeneratedClass'/RoguelikeX/Asset/Blueprint/Prefabs/Skills/NewRogueSkill/Sword_Skill_9250002.Sword_Skill_9250002_C',BlueprintGeneratedClass'/RoguelikeX/Asset/Blueprint/RougeTreasureActor/Sword_9250001.Sword_9250001_C',BlueprintGeneratedClass'/RoguelikeX/Asset/Blueprint/Prefabs/Projectiles/NewRogueProj/Sword_Proj_9250001.Sword_Proj_9250001_C',Texture2D'/RoguelikeX/Asset/Art/UI/RouglikeXUI/SkillIcon/Icon_601_Skill_FJ.Icon_601_Skill_FJ',<font src="/Game/UMG/Fonts/AgencyFB_Bold.AgencyFB_Bold" size="16" color="ffff00">【弹幕】【弹射】</><br/><font src="/Game/UMG/Fonts/AgencyFB_Bold.AgencyFB_Bold" size="16" color="ffffff">发射</><font src="/Game/UMG/Fonts/AgencyFB_Bold.AgencyFB_Bold" size="16" color="ffff00">6</><font src="/Game/UMG/Fonts/AgencyFB_Bold.AgencyFB_Bold" size="16" color="ffffff">把飞剑，冷却时间</><font src="/Game/UMG/Fonts/AgencyFB_Bold.AgencyFB_Bold" size="16" color="ffff00">1</><font src="/Game/UMG/Fonts/AgencyFB_Bold.AgencyFB_Bold" size="16" color="ffffff">秒</><br/><font src="/Game/UMG/Fonts/AgencyFB_Bold.AgencyFB_Bold" size="16" color="ffffff">每把造成</><font src="/Game/UMG/Fonts/AgencyFB_Bold.AgencyFB_Bold" size="16" color="ffff00">14</><font src="/Game/UMG/Fonts/AgencyFB_Bold.AgencyFB_Bold" size="16" color="ffffff">伤害</><font></><font></>,4,None,"((""SkillProjBounceCount"", 1.000000))",Barrage,8310175,1
9250305,92503,3,饮魔剑,1,17,7,1,"(X=50.000000,Y=50.000000,Z=50.000000)",((TagName="UGC.DamageNumber.Bounce")),SpawnProjectile_Linear,BlueprintGeneratedClass'/RoguelikeX/Asset/Blueprint/Prefabs/Skills/NewRogueSkill/Sword_Skill_9250002.Sword_Skill_9250002_C',BlueprintGeneratedClass'/RoguelikeX/Asset/Blueprint/RougeTreasureActor/Sword_9250001.Sword_9250001_C',BlueprintGeneratedClass'/RoguelikeX/Asset/Blueprint/Prefabs/Projectiles/NewRogueProj/Sword_Proj_9250001.Sword_Proj_9250001_C',Texture2D'/RoguelikeX/Asset/Art/UI/RouglikeXUI/SkillIcon/Icon_601_Skill_FJ.Icon_601_Skill_FJ',<font src="/Game/UMG/Fonts/AgencyFB_Bold.AgencyFB_Bold" size="16" color="ffff00">【弹幕】【弹射】</><br/><font src="/Game/UMG/Fonts/AgencyFB_Bold.AgencyFB_Bold" size="16" color="ffffff">发射</><font src="/Game/UMG/Fonts/AgencyFB_Bold.AgencyFB_Bold" size="16" color="ffff00">7</><font src="/Game/UMG/Fonts/AgencyFB_Bold.AgencyFB_Bold" size="16" color="ffffff">把飞剑，冷却时间</><font src="/Game/UMG/Fonts/AgencyFB_Bold.AgencyFB_Bold" size="16" color="ffff00">1</><font src="/Game/UMG/Fonts/AgencyFB_Bold.AgencyFB_Bold" size="16" color="ffffff">秒</><br/><font src="/Game/UMG/Fonts/AgencyFB_Bold.AgencyFB_Bold" size="16" color="ffffff">每把造成</><font src="/Game/UMG/Fonts/AgencyFB_Bold.AgencyFB_Bold" size="16" color="ffff00">17</><font src="/Game/UMG/Fonts/AgencyFB_Bold.AgencyFB_Bold" size="16" color="ffffff">伤害</><font></><font></>,5,None,"((""SkillProjBounceCount"", 1.000000))",Barrage,8310186,1
9340401,93404,4,金阳剑,1,12,3,1,"(X=50.000000,Y=50.000000,Z=50.000000)",((TagName="UGC.DamageNumber.Bounce")),SpawnProjectile_Linear,BlueprintGeneratedClass'/RoguelikeX/Asset/Blueprint/Prefabs/Skills/NewRogueSkill/Sword_Skill_9340001.Sword_Skill_9340001_C',BlueprintGeneratedClass'/RoguelikeX/Asset/Blueprint/RougeTreasureActor/Sword_9340001.Sword_9340001_C',BlueprintGeneratedClass'/RoguelikeX/Asset/Blueprint/Prefabs/Projectiles/NewRogueProj/Sword_Proj_9340001.Sword_Proj_9340001_C',Texture2D'/RoguelikeX/Asset/Art/UI/RouglikeXUI/SkillIcon/Icon_601_Skill_FJ.Icon_601_Skill_FJ',<font src="/Game/UMG/Fonts/AgencyFB_Bold.AgencyFB_Bold" size="16" color="ffff00">【弹幕】【弹射】</><br/><font src="/Game/UMG/Fonts/AgencyFB_Bold.AgencyFB_Bold" size="16" color="ffffff">发射</><font src="/Game/UMG/Fonts/AgencyFB_Bold.AgencyFB_Bold" size="16" color="ffff00">3</><font src="/Game/UMG/Fonts/AgencyFB_Bold.AgencyFB_Bold" size="16" color="ffffff">把飞剑，冷却时间</><font src="/Game/UMG/Fonts/AgencyFB_Bold.AgencyFB_Bold" size="16" color="ffff00">1</><font src="/Game/UMG/Fonts/AgencyFB_Bold.AgencyFB_Bold" size="16" color="ffffff">秒</><br/><font src="/Game/UMG/Fonts/AgencyFB_Bold.AgencyFB_Bold" size="16" color="ffffff">每把造成</><font src="/Game/UMG/Fonts/AgencyFB_Bold.AgencyFB_Bold" size="16" color="ffff00">12</><font src="/Game/UMG/Fonts/AgencyFB_Bold.AgencyFB_Bold" size="16" color="ffffff">伤害</><font></><font></>,1,None,"((""SkillProjBounceCount"", 1.000000))",Barrage,8310732,1
9340402,93404,4,金阳剑,1,13,4,1,"(X=50.000000,Y=50.000000,Z=50.000000)",((TagName="UGC.DamageNumber.Bounce")),SpawnProjectile_Linear,BlueprintGeneratedClass'/RoguelikeX/Asset/Blueprint/Prefabs/Skills/NewRogueSkill/Sword_Skill_9340001.Sword_Skill_9340001_C',BlueprintGeneratedClass'/RoguelikeX/Asset/Blueprint/RougeTreasureActor/Sword_9340001.Sword_9340001_C',BlueprintGeneratedClass'/RoguelikeX/Asset/Blueprint/Prefabs/Projectiles/NewRogueProj/Sword_Proj_9340001.Sword_Proj_9340001_C',Texture2D'/RoguelikeX/Asset/Art/UI/RouglikeXUI/SkillIcon/Icon_601_Skill_FJ.Icon_601_Skill_FJ',<font src="/Game/UMG/Fonts/AgencyFB_Bold.AgencyFB_Bold" size="16" color="ffff00">【弹幕】【弹射】</><br/><font src="/Game/UMG/Fonts/AgencyFB_Bold.AgencyFB_Bold" size="16" color="ffffff">发射</><font src="/Game/UMG/Fonts/AgencyFB_Bold.AgencyFB_Bold" size="16" color="ffff00">4</><font src="/Game/UMG/Fonts/AgencyFB_Bold.AgencyFB_Bold" size="16" color="ffffff">把飞剑，冷却时间</><font src="/Game/UMG/Fonts/AgencyFB_Bold.AgencyFB_Bold" size="16" color="ffff00">1</><font src="/Game/UMG/Fonts/AgencyFB_Bold.AgencyFB_Bold" size="16" color="ffffff">秒</><br/><font src="/Game/UMG/Fonts/AgencyFB_Bold.AgencyFB_Bold" size="16" color="ffffff">每把造成</><font src="/Game/UMG/Fonts/AgencyFB_Bold.AgencyFB_Bold" size="16" color="ffff00">13</><font src="/Game/UMG/Fonts/AgencyFB_Bold.AgencyFB_Bold" size="16" color="ffffff">伤害</><font></><font></>,2,None,"((""SkillProjBounceCount"", 1.000000))",Barrage,8310938,1
9340403,93404,4,金阳剑,1,16,5,1,"(X=50.000000,Y=50.000000,Z=50.000000)",((TagName="UGC.DamageNumber.Bounce")),SpawnProjectile_Linear,BlueprintGeneratedClass'/RoguelikeX/Asset/Blueprint/Prefabs/Skills/NewRogueSkill/Sword_Skill_9340001.Sword_Skill_9340001_C',BlueprintGeneratedClass'/RoguelikeX/Asset/Blueprint/RougeTreasureActor/Sword_9340001.Sword_9340001_C',BlueprintGeneratedClass'/RoguelikeX/Asset/Blueprint/Prefabs/Projectiles/NewRogueProj/Sword_Proj_9340001.Sword_Proj_9340001_C',Texture2D'/RoguelikeX/Asset/Art/UI/RouglikeXUI/SkillIcon/Icon_601_Skill_FJ.Icon_601_Skill_FJ',<font src="/Game/UMG/Fonts/AgencyFB_Bold.AgencyFB_Bold" size="16" color="ffff00">【弹幕】【弹射】</><br/><font src="/Game/UMG/Fonts/AgencyFB_Bold.AgencyFB_Bold" size="16" color="ffffff">发射</><font src="/Game/UMG/Fonts/AgencyFB_Bold.AgencyFB_Bold" size="16" color="ffff00">5</><font src="/Game/UMG/Fonts/AgencyFB_Bold.AgencyFB_Bold" size="16" color="ffffff">把飞剑，冷却时间</><font src="/Game/UMG/Fonts/AgencyFB_Bold.AgencyFB_Bold" size="16" color="ffff00">1</><font src="/Game/UMG/Fonts/AgencyFB_Bold.AgencyFB_Bold" size="16" color="ffffff">秒</><br/><font src="/Game/UMG/Fonts/AgencyFB_Bold.AgencyFB_Bold" size="16" color="ffffff">每把造成</><font src="/Game/UMG/Fonts/AgencyFB_Bold.AgencyFB_Bold" size="16" color="ffff00">16</><font src="/Game/UMG/Fonts/AgencyFB_Bold.AgencyFB_Bold" size="16" color="ffffff">伤害</><font></><font></>,3,None,"((""SkillProjBounceCount"", 1.000000))",Barrage,8310939,1
9340404,93404,4,金阳剑,1,20,6,1,"(X=50.000000,Y=50.000000,Z=50.000000)",((TagName="UGC.DamageNumber.Bounce")),SpawnProjectile_Linear,BlueprintGeneratedClass'/RoguelikeX/Asset/Blueprint/Prefabs/Skills/NewRogueSkill/Sword_Skill_9340001.Sword_Skill_9340001_C',BlueprintGeneratedClass'/RoguelikeX/Asset/Blueprint/RougeTreasureActor/Sword_9340001.Sword_9340001_C',BlueprintGeneratedClass'/RoguelikeX/Asset/Blueprint/Prefabs/Projectiles/NewRogueProj/Sword_Proj_9340001.Sword_Proj_9340001_C',Texture2D'/RoguelikeX/Asset/Art/UI/RouglikeXUI/SkillIcon/Icon_601_Skill_FJ.Icon_601_Skill_FJ',<font src="/Game/UMG/Fonts/AgencyFB_Bold.AgencyFB_Bold" size="16" color="ffff00">【弹幕】【弹射】</><br/><font src="/Game/UMG/Fonts/AgencyFB_Bold.AgencyFB_Bold" size="16" color="ffffff">发射</><font src="/Game/UMG/Fonts/AgencyFB_Bold.AgencyFB_Bold" size="16" color="ffff00">6</><font src="/Game/UMG/Fonts/AgencyFB_Bold.AgencyFB_Bold" size="16" color="ffffff">把飞剑，冷却时间</><font src="/Game/UMG/Fonts/AgencyFB_Bold.AgencyFB_Bold" size="16" color="ffff00">1</><font src="/Game/UMG/Fonts/AgencyFB_Bold.AgencyFB_Bold" size="16" color="ffffff">秒</><br/><font src="/Game/UMG/Fonts/AgencyFB_Bold.AgencyFB_Bold" size="16" color="ffffff">每把造成</><font src="/Game/UMG/Fonts/AgencyFB_Bold.AgencyFB_Bold" size="16" color="ffff00">20</><font src="/Game/UMG/Fonts/AgencyFB_Bold.AgencyFB_Bold" size="16" color="ffffff">伤害</><font></><font></>,4,None,"((""SkillProjBounceCount"", 1.000000))",Barrage,8310940,1
9340405,93404,4,金阳剑,1,23,7,1,"(X=50.000000,Y=50.000000,Z=50.000000)",((TagName="UGC.DamageNumber.Bounce")),SpawnProjectile_Linear,BlueprintGeneratedClass'/RoguelikeX/Asset/Blueprint/Prefabs/Skills/NewRogueSkill/Sword_Skill_9340001.Sword_Skill_9340001_C',BlueprintGeneratedClass'/RoguelikeX/Asset/Blueprint/RougeTreasureActor/Sword_9340001.Sword_9340001_C',BlueprintGeneratedClass'/RoguelikeX/Asset/Blueprint/Prefabs/Projectiles/NewRogueProj/Sword_Proj_9340001.Sword_Proj_9340001_C',Texture2D'/RoguelikeX/Asset/Art/UI/RouglikeXUI/SkillIcon/Icon_601_Skill_FJ.Icon_601_Skill_FJ',<font src="/Game/UMG/Fonts/AgencyFB_Bold.AgencyFB_Bold" size="16" color="ffff00">【弹幕】【弹射】</><br/><font src="/Game/UMG/Fonts/AgencyFB_Bold.AgencyFB_Bold" size="16" color="ffffff">发射</><font src="/Game/UMG/Fonts/AgencyFB_Bold.AgencyFB_Bold" size="16" color="ffff00">7</><font src="/Game/UMG/Fonts/AgencyFB_Bold.AgencyFB_Bold" size="16" color="ffffff">把飞剑，冷却时间</><font src="/Game/UMG/Fonts/AgencyFB_Bold.AgencyFB_Bold" size="16" color="ffff00">1</><font src="/Game/UMG/Fonts/AgencyFB_Bold.AgencyFB_Bold" size="16" color="ffffff">秒</><br/><font src="/Game/UMG/Fonts/AgencyFB_Bold.AgencyFB_Bold" size="16" color="ffffff">每把造成</><font src="/Game/UMG/Fonts/AgencyFB_Bold.AgencyFB_Bold" size="16" color="ffff00">23</><font src="/Game/UMG/Fonts/AgencyFB_Bold.AgencyFB_Bold" size="16" color="ffffff">伤害</><font></><font></>,5,None,"((""SkillProjBounceCount"", 1.000000))",Barrage,8310941,1
9230501,92305,5,雷竹剑,1,16,3,1,"(X=50.000000,Y=50.000000,Z=50.000000)",((TagName="UGC.DamageNumber.Bounce")),SpawnProjectile_Linear,BlueprintGeneratedClass'/RoguelikeX/Asset/Blueprint/Prefabs/Skills/NewRogueSkill/Sword_Skill_9230001.Sword_Skill_9230001_C',BlueprintGeneratedClass'/RoguelikeX/Asset/Blueprint/RougeTreasureActor/Sword_9230001.Sword_9230001_C',BlueprintGeneratedClass'/RoguelikeX/Asset/Blueprint/Prefabs/Projectiles/NewRogueProj/Sword_Proj_9230001.Sword_Proj_9230001_C',Texture2D'/RoguelikeX/Asset/Art/UI/RouglikeXUI/SkillIcon/Icon_601_Skill_FJ.Icon_601_Skill_FJ',<font src="/Game/UMG/Fonts/AgencyFB_Bold.AgencyFB_Bold" size="16" color="ffff00">【弹幕】【弹射】</><br/><font src="/Game/UMG/Fonts/AgencyFB_Bold.AgencyFB_Bold" size="16" color="ffffff">发射</><font src="/Game/UMG/Fonts/AgencyFB_Bold.AgencyFB_Bold" size="16" color="ffff00">3</><font src="/Game/UMG/Fonts/AgencyFB_Bold.AgencyFB_Bold" size="16" color="ffffff">把飞剑，冷却时间</><font src="/Game/UMG/Fonts/AgencyFB_Bold.AgencyFB_Bold" size="16" color="ffff00">1</><font src="/Game/UMG/Fonts/AgencyFB_Bold.AgencyFB_Bold" size="16" color="ffffff">秒</><br/><font src="/Game/UMG/Fonts/AgencyFB_Bold.AgencyFB_Bold" size="16" color="ffffff">每把造成</><font src="/Game/UMG/Fonts/AgencyFB_Bold.AgencyFB_Bold" size="16" color="ffff00">16</><font src="/Game/UMG/Fonts/AgencyFB_Bold.AgencyFB_Bold" size="16" color="ffffff">伤害</><font></><font></>,1,None,"((""SkillProjBounceCount"", 1.000000))",Barrage,8310728,1
9230502,92305,5,雷竹剑,1,18,4,1,"(X=50.000000,Y=50.000000,Z=50.000000)",((TagName="UGC.DamageNumber.Bounce")),SpawnProjectile_Linear,BlueprintGeneratedClass'/RoguelikeX/Asset/Blueprint/Prefabs/Skills/NewRogueSkill/Sword_Skill_9230001.Sword_Skill_9230001_C',BlueprintGeneratedClass'/RoguelikeX/Asset/Blueprint/RougeTreasureActor/Sword_9230001.Sword_9230001_C',BlueprintGeneratedClass'/RoguelikeX/Asset/Blueprint/Prefabs/Projectiles/NewRogueProj/Sword_Proj_9230001.Sword_Proj_9230001_C',Texture2D'/RoguelikeX/Asset/Art/UI/RouglikeXUI/SkillIcon/Icon_601_Skill_FJ.Icon_601_Skill_FJ',<font src="/Game/UMG/Fonts/AgencyFB_Bold.AgencyFB_Bold" size="16" color="ffff00">【弹幕】【弹射】</><br/><font src="/Game/UMG/Fonts/AgencyFB_Bold.AgencyFB_Bold" size="16" color="ffffff">发射</><font src="/Game/UMG/Fonts/AgencyFB_Bold.AgencyFB_Bold" size="16" color="ffff00">4</><font src="/Game/UMG/Fonts/AgencyFB_Bold.AgencyFB_Bold" size="16" color="ffffff">把飞剑，冷却时间</><font src="/Game/UMG/Fonts/AgencyFB_Bold.AgencyFB_Bold" size="16" color="ffff00">1</><font src="/Game/UMG/Fonts/AgencyFB_Bold.AgencyFB_Bold" size="16" color="ffffff">秒</><br/><font src="/Game/UMG/Fonts/AgencyFB_Bold.AgencyFB_Bold" size="16" color="ffffff">每把造成</><font src="/Game/UMG/Fonts/AgencyFB_Bold.AgencyFB_Bold" size="16" color="ffff00">18</><font src="/Game/UMG/Fonts/AgencyFB_Bold.AgencyFB_Bold" size="16" color="ffffff">伤害</><font></><font></>,2,None,"((""SkillProjBounceCount"", 1.000000))",Barrage,8310955,1
9230503,92305,5,雷竹剑,1,22,5,1,"(X=50.000000,Y=50.000000,Z=50.000000)",((TagName="UGC.DamageNumber.Bounce")),SpawnProjectile_Linear,BlueprintGeneratedClass'/RoguelikeX/Asset/Blueprint/Prefabs/Skills/NewRogueSkill/Sword_Skill_9230001.Sword_Skill_9230001_C',BlueprintGeneratedClass'/RoguelikeX/Asset/Blueprint/RougeTreasureActor/Sword_9230001.Sword_9230001_C',BlueprintGeneratedClass'/RoguelikeX/Asset/Blueprint/Prefabs/Projectiles/NewRogueProj/Sword_Proj_9230001.Sword_Proj_9230001_C',Texture2D'/RoguelikeX/Asset/Art/UI/RouglikeXUI/SkillIcon/Icon_601_Skill_FJ.Icon_601_Skill_FJ',<font src="/Game/UMG/Fonts/AgencyFB_Bold.AgencyFB_Bold" size="16" color="ffff00">【弹幕】【弹射】</><br/><font src="/Game/UMG/Fonts/AgencyFB_Bold.AgencyFB_Bold" size="16" color="ffffff">发射</><font src="/Game/UMG/Fonts/AgencyFB_Bold.AgencyFB_Bold" size="16" color="ffff00">5</><font src="/Game/UMG/Fonts/AgencyFB_Bold.AgencyFB_Bold" size="16" color="ffffff">把飞剑，冷却时间</><font src="/Game/UMG/Fonts/AgencyFB_Bold.AgencyFB_Bold" size="16" color="ffff00">1</><font src="/Game/UMG/Fonts/AgencyFB_Bold.AgencyFB_Bold" size="16" color="ffffff">秒</><br/><font src="/Game/UMG/Fonts/AgencyFB_Bold.AgencyFB_Bold" size="16" color="ffffff">每把造成</><font src="/Game/UMG/Fonts/AgencyFB_Bold.AgencyFB_Bold" size="16" color="ffff00">22</><font src="/Game/UMG/Fonts/AgencyFB_Bold.AgencyFB_Bold" size="16" color="ffffff">伤害</><font></><font></>,3,None,"((""SkillProjBounceCount"", 1.000000))",Barrage,8310956,1
9230504,92305,5,雷竹剑,1,26,6,1,"(X=50.000000,Y=50.000000,Z=50.000000)",((TagName="UGC.DamageNumber.Bounce")),SpawnProjectile_Linear,BlueprintGeneratedClass'/RoguelikeX/Asset/Blueprint/Prefabs/Skills/NewRogueSkill/Sword_Skill_9230001.Sword_Skill_9230001_C',BlueprintGeneratedClass'/RoguelikeX/Asset/Blueprint/RougeTreasureActor/Sword_9230001.Sword_9230001_C',BlueprintGeneratedClass'/RoguelikeX/Asset/Blueprint/Prefabs/Projectiles/NewRogueProj/Sword_Proj_9230001.Sword_Proj_9230001_C',Texture2D'/RoguelikeX/Asset/Art/UI/RouglikeXUI/SkillIcon/Icon_601_Skill_FJ.Icon_601_Skill_FJ',<font src="/Game/UMG/Fonts/AgencyFB_Bold.AgencyFB_Bold" size="16" color="ffff00">【弹幕】【弹射】</><br/><font src="/Game/UMG/Fonts/AgencyFB_Bold.AgencyFB_Bold" size="16" color="ffffff">发射</><font src="/Game/UMG/Fonts/AgencyFB_Bold.AgencyFB_Bold" size="16" color="ffff00">6</><font src="/Game/UMG/Fonts/AgencyFB_Bold.AgencyFB_Bold" size="16" color="ffffff">把飞剑，冷却时间</><font src="/Game/UMG/Fonts/AgencyFB_Bold.AgencyFB_Bold" size="16" color="ffff00">1</><font src="/Game/UMG/Fonts/AgencyFB_Bold.AgencyFB_Bold" size="16" color="ffffff">秒</><br/><font src="/Game/UMG/Fonts/AgencyFB_Bold.AgencyFB_Bold" size="16" color="ffffff">每把造成</><font src="/Game/UMG/Fonts/AgencyFB_Bold.AgencyFB_Bold" size="16" color="ffff00">26</><font src="/Game/UMG/Fonts/AgencyFB_Bold.AgencyFB_Bold" size="16" color="ffffff">伤害</><font></><font></>,4,None,"((""SkillProjBounceCount"", 1.000000))",Barrage,8310957,1
9230505,92305,5,雷竹剑,1,30,7,1,"(X=50.000000,Y=50.000000,Z=50.000000)",((TagName="UGC.DamageNumber.Bounce")),SpawnProjectile_Linear,BlueprintGeneratedClass'/RoguelikeX/Asset/Blueprint/Prefabs/Skills/NewRogueSkill/Sword_Skill_9230001.Sword_Skill_9230001_C',BlueprintGeneratedClass'/RoguelikeX/Asset/Blueprint/RougeTreasureActor/Sword_9230001.Sword_9230001_C',BlueprintGeneratedClass'/RoguelikeX/Asset/Blueprint/Prefabs/Projectiles/NewRogueProj/Sword_Proj_9230001.Sword_Proj_9230001_C',Texture2D'/RoguelikeX/Asset/Art/UI/RouglikeXUI/SkillIcon/Icon_601_Skill_FJ.Icon_601_Skill_FJ',<font src="/Game/UMG/Fonts/AgencyFB_Bold.AgencyFB_Bold" size="16" color="ffff00">【弹幕】【弹射】</><br/><font src="/Game/UMG/Fonts/AgencyFB_Bold.AgencyFB_Bold" size="16" color="ffffff">发射</><font src="/Game/UMG/Fonts/AgencyFB_Bold.AgencyFB_Bold" size="16" color="ffff00">7</><font src="/Game/UMG/Fonts/AgencyFB_Bold.AgencyFB_Bold" size="16" color="ffffff">把飞剑，冷却时间</><font src="/Game/UMG/Fonts/AgencyFB_Bold.AgencyFB_Bold" size="16" color="ffff00">1</><font src="/Game/UMG/Fonts/AgencyFB_Bold.AgencyFB_Bold" size="16" color="ffffff">秒</><br/><font src="/Game/UMG/Fonts/AgencyFB_Bold.AgencyFB_Bold" size="16" color="ffffff">每把造成</><font src="/Game/UMG/Fonts/AgencyFB_Bold.AgencyFB_Bold" size="16" color="ffff00">30</><font src="/Game/UMG/Fonts/AgencyFB_Bold.AgencyFB_Bold" size="16" color="ffffff">伤害</><font></><font></>,5,None,"((""SkillProjBounceCount"", 1.000000))",Barrage,8310958,1
9350401,93504,4,越王巨剑,1,15,1,1,"(X=300.000000,Y=300.000000,Z=300.000000)",((TagName="UGC.DamageNumber.Bounce")),SpawnProjectile_Linear,BlueprintGeneratedClass'/RoguelikeX/Asset/Blueprint/Prefabs/Skills/NewRogueSkill/Sword_Skill_9350001.Sword_Skill_9350001_C',BlueprintGeneratedClass'/RoguelikeX/Asset/Blueprint/RougeTreasureActor/Sword_9350001.Sword_9350001_C',BlueprintGeneratedClass'/RoguelikeX/Asset/Blueprint/Prefabs/Projectiles/NewRogueProj/Sword_Proj_9350001.Sword_Proj_9350001_C',Texture2D'/RoguelikeX/Asset/Art/UI/RouglikeXUI/SkillIcon/Icon_601_Skill_FJ.Icon_601_Skill_FJ',<font src="/Game/UMG/Fonts/AgencyFB_Bold.AgencyFB_Bold" size="16" color="ffff00">【弹幕】【弹射】</><br/><font src="/Game/UMG/Fonts/AgencyFB_Bold.AgencyFB_Bold" size="16" color="ffffff">发射</><font src="/Game/UMG/Fonts/AgencyFB_Bold.AgencyFB_Bold" size="16" color="ffff00">1</><font src="/Game/UMG/Fonts/AgencyFB_Bold.AgencyFB_Bold" size="16" color="ffffff">把巨剑，冷却时间</><font src="/Game/UMG/Fonts/AgencyFB_Bold.AgencyFB_Bold" size="16" color="ffff00">1</><font src="/Game/UMG/Fonts/AgencyFB_Bold.AgencyFB_Bold" size="16" color="ffffff">秒</><br/><font src="/Game/UMG/Fonts/AgencyFB_Bold.AgencyFB_Bold" size="16" color="ffffff">每把造成</><font src="/Game/UMG/Fonts/AgencyFB_Bold.AgencyFB_Bold" size="16" color="ffff00">15</><font src="/Game/UMG/Fonts/AgencyFB_Bold.AgencyFB_Bold" size="16" color="ffffff">伤害</><font></><font></>,1,None,"((""SkillProjBounceCount"", 0.000000))",Barrage,8310734,1
9350402,93504,4,越王巨剑,1,17,1,1,"(X=300.000000,Y=300.000000,Z=300.000000)",((TagName="UGC.DamageNumber.Bounce")),SpawnProjectile_Linear,BlueprintGeneratedClass'/RoguelikeX/Asset/Blueprint/Prefabs/Skills/NewRogueSkill/Sword_Skill_9350001.Sword_Skill_9350001_C',BlueprintGeneratedClass'/RoguelikeX/Asset/Blueprint/RougeTreasureActor/Sword_9350001.Sword_9350001_C',BlueprintGeneratedClass'/RoguelikeX/Asset/Blueprint/Prefabs/Projectiles/NewRogueProj/Sword_Proj_9350001.Sword_Proj_9350001_C',Texture2D'/RoguelikeX/Asset/Art/UI/RouglikeXUI/SkillIcon/Icon_601_Skill_FJ.Icon_601_Skill_FJ',<font src="/Game/UMG/Fonts/AgencyFB_Bold.AgencyFB_Bold" size="16" color="ffff00">【弹幕】【弹射】</><br/><font src="/Game/UMG/Fonts/AgencyFB_Bold.AgencyFB_Bold" size="16" color="ffffff">发射</><font src="/Game/UMG/Fonts/AgencyFB_Bold.AgencyFB_Bold" size="16" color="ffff00">1</><font src="/Game/UMG/Fonts/AgencyFB_Bold.AgencyFB_Bold" size="16" color="ffffff">把巨剑，冷却时间</><font src="/Game/UMG/Fonts/AgencyFB_Bold.AgencyFB_Bold" size="16" color="ffff00">1</><font src="/Game/UMG/Fonts/AgencyFB_Bold.AgencyFB_Bold" size="16" color="ffffff">秒</><br/><font src="/Game/UMG/Fonts/AgencyFB_Bold.AgencyFB_Bold" size="16" color="ffffff">每把造成</><font src="/Game/UMG/Fonts/AgencyFB_Bold.AgencyFB_Bold" size="16" color="ffff00">17</><font src="/Game/UMG/Fonts/AgencyFB_Bold.AgencyFB_Bold" size="16" color="ffffff">伤害</><font></><font></>,2,None,"((""SkillProjBounceCount"", 0.000000))",Barrage,8310188,1.2
9350403,93504,4,越王巨剑,2,21,2,1,"(X=300.000000,Y=300.000000,Z=300.000000)",((TagName="UGC.DamageNumber.Bounce")),SpawnProjectile_Linear,BlueprintGeneratedClass'/RoguelikeX/Asset/Blueprint/Prefabs/Skills/NewRogueSkill/Sword_Skill_9350001.Sword_Skill_9350001_C',BlueprintGeneratedClass'/RoguelikeX/Asset/Blueprint/RougeTreasureActor/Sword_9350001.Sword_9350001_C',BlueprintGeneratedClass'/RoguelikeX/Asset/Blueprint/Prefabs/Projectiles/NewRogueProj/Sword_Proj_9350001.Sword_Proj_9350001_C',Texture2D'/RoguelikeX/Asset/Art/UI/RouglikeXUI/SkillIcon/Icon_601_Skill_FJ.Icon_601_Skill_FJ',<font src="/Game/UMG/Fonts/AgencyFB_Bold.AgencyFB_Bold" size="16" color="ffff00">【弹幕】【弹射】</><br/><font src="/Game/UMG/Fonts/AgencyFB_Bold.AgencyFB_Bold" size="16" color="ffffff">发射</><font src="/Game/UMG/Fonts/AgencyFB_Bold.AgencyFB_Bold" size="16" color="ffff00">2</><font src="/Game/UMG/Fonts/AgencyFB_Bold.AgencyFB_Bold" size="16" color="ffffff">把巨剑，冷却时间</><font src="/Game/UMG/Fonts/AgencyFB_Bold.AgencyFB_Bold" size="16" color="ffff00">2</><font src="/Game/UMG/Fonts/AgencyFB_Bold.AgencyFB_Bold" size="16" color="ffffff">秒</><br/><font src="/Game/UMG/Fonts/AgencyFB_Bold.AgencyFB_Bold" size="16" color="ffffff">每把造成</><font src="/Game/UMG/Fonts/AgencyFB_Bold.AgencyFB_Bold" size="16" color="ffff00">21</><font src="/Game/UMG/Fonts/AgencyFB_Bold.AgencyFB_Bold" size="16" color="ffffff">伤害</><font></><font></>,3,None,"((""SkillProjBounceCount"", 0.000000))",Barrage,8310189,1.2
9350404,93504,4,越王巨剑,2,26,2,1,"(X=300.000000,Y=300.000000,Z=300.000000)",((TagName="UGC.DamageNumber.Bounce")),SpawnProjectile_Linear,BlueprintGeneratedClass'/RoguelikeX/Asset/Blueprint/Prefabs/Skills/NewRogueSkill/Sword_Skill_9350001.Sword_Skill_9350001_C',BlueprintGeneratedClass'/RoguelikeX/Asset/Blueprint/RougeTreasureActor/Sword_9350001.Sword_9350001_C',BlueprintGeneratedClass'/RoguelikeX/Asset/Blueprint/Prefabs/Projectiles/NewRogueProj/Sword_Proj_9350001.Sword_Proj_9350001_C',Texture2D'/RoguelikeX/Asset/Art/UI/RouglikeXUI/SkillIcon/Icon_601_Skill_FJ.Icon_601_Skill_FJ',<font src="/Game/UMG/Fonts/AgencyFB_Bold.AgencyFB_Bold" size="16" color="ffff00">【弹幕】【弹射】</><br/><font src="/Game/UMG/Fonts/AgencyFB_Bold.AgencyFB_Bold" size="16" color="ffffff">发射</><font src="/Game/UMG/Fonts/AgencyFB_Bold.AgencyFB_Bold" size="16" color="ffff00">2</><font src="/Game/UMG/Fonts/AgencyFB_Bold.AgencyFB_Bold" size="16" color="ffffff">把巨剑，冷却时间</><font src="/Game/UMG/Fonts/AgencyFB_Bold.AgencyFB_Bold" size="16" color="ffff00">2</><font src="/Game/UMG/Fonts/AgencyFB_Bold.AgencyFB_Bold" size="16" color="ffffff">秒</><br/><font src="/Game/UMG/Fonts/AgencyFB_Bold.AgencyFB_Bold" size="16" color="ffffff">每把造成</><font src="/Game/UMG/Fonts/AgencyFB_Bold.AgencyFB_Bold" size="16" color="ffff00">26</><font src="/Game/UMG/Fonts/AgencyFB_Bold.AgencyFB_Bold" size="16" color="ffffff">伤害</><font></><font></>,4,None,"((""SkillProjBounceCount"", 0.000000))",Barrage,8310191,1.5
9350405,93504,4,越王巨剑,3,30,3,1,"(X=300.000000,Y=300.000000,Z=300.000000)",((TagName="UGC.DamageNumber.Bounce")),SpawnProjectile_Linear,BlueprintGeneratedClass'/RoguelikeX/Asset/Blueprint/Prefabs/Skills/NewRogueSkill/Sword_Skill_9350001.Sword_Skill_9350001_C',BlueprintGeneratedClass'/RoguelikeX/Asset/Blueprint/RougeTreasureActor/Sword_9350001.Sword_9350001_C',BlueprintGeneratedClass'/RoguelikeX/Asset/Blueprint/Prefabs/Projectiles/NewRogueProj/Sword_Proj_9350001.Sword_Proj_9350001_C',Texture2D'/RoguelikeX/Asset/Art/UI/RouglikeXUI/SkillIcon/Icon_601_Skill_FJ.Icon_601_Skill_FJ',<font src="/Game/UMG/Fonts/AgencyFB_Bold.AgencyFB_Bold" size="16" color="ffff00">【弹幕】【弹射】</><br/><font src="/Game/UMG/Fonts/AgencyFB_Bold.AgencyFB_Bold" size="16" color="ffffff">发射</><font src="/Game/UMG/Fonts/AgencyFB_Bold.AgencyFB_Bold" size="16" color="ffff00">3</><font src="/Game/UMG/Fonts/AgencyFB_Bold.AgencyFB_Bold" size="16" color="ffffff">把巨剑，冷却时间</><font src="/Game/UMG/Fonts/AgencyFB_Bold.AgencyFB_Bold" size="16" color="ffff00">3</><font src="/Game/UMG/Fonts/AgencyFB_Bold.AgencyFB_Bold" size="16" color="ffffff">秒</><br/><font src="/Game/UMG/Fonts/AgencyFB_Bold.AgencyFB_Bold" size="16" color="ffffff">每把造成</><font src="/Game/UMG/Fonts/AgencyFB_Bold.AgencyFB_Bold" size="16" color="ffff00">30</><font src="/Game/UMG/Fonts/AgencyFB_Bold.AgencyFB_Bold" size="16" color="ffffff">伤害</><font></><font></>,5,None,"((""SkillProjBounceCount"", 0.000000))",Barrage,8310192,1.5
9260501,92605,5,轩辕巨剑,1,20,1,1,"(X=300.000000,Y=300.000000,Z=300.000000)",((TagName="UGC.DamageNumber.Bounce")),SpawnProjectile_Linear,BlueprintGeneratedClass'/RoguelikeX/Asset/Blueprint/Prefabs/Skills/NewRogueSkill/Sword_Skill_926000.Sword_Skill_926000_C',BlueprintGeneratedClass'/RoguelikeX/Asset/Blueprint/RougeTreasureActor/Sword_9260001.Sword_9260001_C',BlueprintGeneratedClass'/RoguelikeX/Asset/Blueprint/Prefabs/Projectiles/NewRogueProj/Sword_Proj_9260001.Sword_Proj_9260001_C',Texture2D'/RoguelikeX/Asset/Art/UI/RouglikeXUI/SkillIcon/Icon_601_Skill_FJ.Icon_601_Skill_FJ',<font src="/Game/UMG/Fonts/AgencyFB_Bold.AgencyFB_Bold" size="16" color="ffff00">【弹幕】【弹射】</><br/><font src="/Game/UMG/Fonts/AgencyFB_Bold.AgencyFB_Bold" size="16" color="ffffff">发射</><font src="/Game/UMG/Fonts/AgencyFB_Bold.AgencyFB_Bold" size="16" color="ffff00">1</><font src="/Game/UMG/Fonts/AgencyFB_Bold.AgencyFB_Bold" size="16" color="ffffff">把巨剑，冷却时间</><font src="/Game/UMG/Fonts/AgencyFB_Bold.AgencyFB_Bold" size="16" color="ffff00">1</><font src="/Game/UMG/Fonts/AgencyFB_Bold.AgencyFB_Bold" size="16" color="ffffff">秒</><br/><font src="/Game/UMG/Fonts/AgencyFB_Bold.AgencyFB_Bold" size="16" color="ffffff">每把造成</><font src="/Game/UMG/Fonts/AgencyFB_Bold.AgencyFB_Bold" size="16" color="ffff00">20</><font src="/Game/UMG/Fonts/AgencyFB_Bold.AgencyFB_Bold" size="16" color="ffffff">伤害</><font></><font></>,1,None,"((""SkillProjBounceCount"", 0.000000))",Barrage,8310733,1
9260502,92605,5,轩辕巨剑,1,23,1,1,"(X=300.000000,Y=300.000000,Z=300.000000)",((TagName="UGC.DamageNumber.Bounce")),SpawnProjectile_Linear,BlueprintGeneratedClass'/RoguelikeX/Asset/Blueprint/Prefabs/Skills/NewRogueSkill/Sword_Skill_926000.Sword_Skill_926000_C',BlueprintGeneratedClass'/RoguelikeX/Asset/Blueprint/RougeTreasureActor/Sword_9260001.Sword_9260001_C',BlueprintGeneratedClass'/RoguelikeX/Asset/Blueprint/Prefabs/Projectiles/NewRogueProj/Sword_Proj_9260001.Sword_Proj_9260001_C',Texture2D'/RoguelikeX/Asset/Art/UI/RouglikeXUI/SkillIcon/Icon_601_Skill_FJ.Icon_601_Skill_FJ',<font src="/Game/UMG/Fonts/AgencyFB_Bold.AgencyFB_Bold" size="16" color="ffff00">【弹幕】【弹射】</><br/><font src="/Game/UMG/Fonts/AgencyFB_Bold.AgencyFB_Bold" size="16" color="ffffff">发射</><font src="/Game/UMG/Fonts/AgencyFB_Bold.AgencyFB_Bold" size="16" color="ffff00">1</><font src="/Game/UMG/Fonts/AgencyFB_Bold.AgencyFB_Bold" size="16" color="ffffff">把巨剑，冷却时间</><font src="/Game/UMG/Fonts/AgencyFB_Bold.AgencyFB_Bold" size="16" color="ffff00">1</><font src="/Game/UMG/Fonts/AgencyFB_Bold.AgencyFB_Bold" size="16" color="ffffff">秒</><br/><font src="/Game/UMG/Fonts/AgencyFB_Bold.AgencyFB_Bold" size="16" color="ffffff">每把造成</><font src="/Game/UMG/Fonts/AgencyFB_Bold.AgencyFB_Bold" size="16" color="ffff00">23</><font src="/Game/UMG/Fonts/AgencyFB_Bold.AgencyFB_Bold" size="16" color="ffffff">伤害</><font></><font></>,2,None,"((""SkillProjBounceCount"", 0.000000))",Barrage,8310156,1.2
9260503,92605,5,轩辕巨剑,2,28,2,1,"(X=300.000000,Y=300.000000,Z=300.000000)",((TagName="UGC.DamageNumber.Bounce")),SpawnProjectile_Linear,BlueprintGeneratedClass'/RoguelikeX/Asset/Blueprint/Prefabs/Skills/NewRogueSkill/Sword_Skill_926000.Sword_Skill_926000_C',BlueprintGeneratedClass'/RoguelikeX/Asset/Blueprint/RougeTreasureActor/Sword_9260001.Sword_9260001_C',BlueprintGeneratedClass'/RoguelikeX/Asset/Blueprint/Prefabs/Projectiles/NewRogueProj/Sword_Proj_9260001.Sword_Proj_9260001_C',Texture2D'/RoguelikeX/Asset/Art/UI/RouglikeXUI/SkillIcon/Icon_601_Skill_FJ.Icon_601_Skill_FJ',<font src="/Game/UMG/Fonts/AgencyFB_Bold.AgencyFB_Bold" size="16" color="ffff00">【弹幕】【弹射】</><br/><font src="/Game/UMG/Fonts/AgencyFB_Bold.AgencyFB_Bold" size="16" color="ffffff">发射</><font src="/Game/UMG/Fonts/AgencyFB_Bold.AgencyFB_Bold" size="16" color="ffff00">2</><font src="/Game/UMG/Fonts/AgencyFB_Bold.AgencyFB_Bold" size="16" color="ffffff">把巨剑，冷却时间</><font src="/Game/UMG/Fonts/AgencyFB_Bold.AgencyFB_Bold" size="16" color="ffff00">2</><font src="/Game/UMG/Fonts/AgencyFB_Bold.AgencyFB_Bold" size="16" color="ffffff">秒</><br/><font src="/Game/UMG/Fonts/AgencyFB_Bold.AgencyFB_Bold" size="16" color="ffffff">每把造成</><font src="/Game/UMG/Fonts/AgencyFB_Bold.AgencyFB_Bold" size="16" color="ffff00">28</><font src="/Game/UMG/Fonts/AgencyFB_Bold.AgencyFB_Bold" size="16" color="ffffff">伤害</><font></><font></>,3,None,"((""SkillProjBounceCount"", 0.000000))",Barrage,8310157,1.2
9260504,92605,5,轩辕巨剑,2,33,2,1,"(X=300.000000,Y=300.000000,Z=300.000000)",((TagName="UGC.DamageNumber.Bounce")),SpawnProjectile_Linear,BlueprintGeneratedClass'/RoguelikeX/Asset/Blueprint/Prefabs/Skills/NewRogueSkill/Sword_Skill_926000.Sword_Skill_926000_C',BlueprintGeneratedClass'/RoguelikeX/Asset/Blueprint/RougeTreasureActor/Sword_9260001.Sword_9260001_C',BlueprintGeneratedClass'/RoguelikeX/Asset/Blueprint/Prefabs/Projectiles/NewRogueProj/Sword_Proj_9260001.Sword_Proj_9260001_C',Texture2D'/RoguelikeX/Asset/Art/UI/RouglikeXUI/SkillIcon/Icon_601_Skill_FJ.Icon_601_Skill_FJ',<font src="/Game/UMG/Fonts/AgencyFB_Bold.AgencyFB_Bold" size="16" color="ffff00">【弹幕】【弹射】</><br/><font src="/Game/UMG/Fonts/AgencyFB_Bold.AgencyFB_Bold" size="16" color="ffffff">发射</><font src="/Game/UMG/Fonts/AgencyFB_Bold.AgencyFB_Bold" size="16" color="ffff00">2</><font src="/Game/UMG/Fonts/AgencyFB_Bold.AgencyFB_Bold" size="16" color="ffffff">把巨剑，冷却时间</><font src="/Game/UMG/Fonts/AgencyFB_Bold.AgencyFB_Bold" size="16" color="ffff00">2</><font src="/Game/UMG/Fonts/AgencyFB_Bold.AgencyFB_Bold" size="16" color="ffffff">秒</><br/><font src="/Game/UMG/Fonts/AgencyFB_Bold.AgencyFB_Bold" size="16" color="ffffff">每把造成</><font src="/Game/UMG/Fonts/AgencyFB_Bold.AgencyFB_Bold" size="16" color="ffff00">33</><font src="/Game/UMG/Fonts/AgencyFB_Bold.AgencyFB_Bold" size="16" color="ffffff">伤害</><font></><font></>,4,None,"((""SkillProjBounceCount"", 0.000000))",Barrage,8310163,1.5
9260505,92605,5,轩辕巨剑,3,39,3,1,"(X=300.000000,Y=300.000000,Z=300.000000)",((TagName="UGC.DamageNumber.Bounce")),SpawnProjectile_Linear,BlueprintGeneratedClass'/RoguelikeX/Asset/Blueprint/Prefabs/Skills/NewRogueSkill/Sword_Skill_926000.Sword_Skill_926000_C',BlueprintGeneratedClass'/RoguelikeX/Asset/Blueprint/RougeTreasureActor/Sword_9260001.Sword_9260001_C',BlueprintGeneratedClass'/RoguelikeX/Asset/Blueprint/Prefabs/Projectiles/NewRogueProj/Sword_Proj_9260001.Sword_Proj_9260001_C',Texture2D'/RoguelikeX/Asset/Art/UI/RouglikeXUI/SkillIcon/Icon_601_Skill_FJ.Icon_601_Skill_FJ',<font src="/Game/UMG/Fonts/AgencyFB_Bold.AgencyFB_Bold" size="16" color="ffff00">【弹幕】【弹射】</><br/><font src="/Game/UMG/Fonts/AgencyFB_Bold.AgencyFB_Bold" size="16" color="ffffff">发射</><font src="/Game/UMG/Fonts/AgencyFB_Bold.AgencyFB_Bold" size="16" color="ffff00">3</><font src="/Game/UMG/Fonts/AgencyFB_Bold.AgencyFB_Bold" size="16" color="ffffff">把巨剑，冷却时间</><font src="/Game/UMG/Fonts/AgencyFB_Bold.AgencyFB_Bold" size="16" color="ffff00">3</><font src="/Game/UMG/Fonts/AgencyFB_Bold.AgencyFB_Bold" size="16" color="ffffff">秒</><br/><font src="/Game/UMG/Fonts/AgencyFB_Bold.AgencyFB_Bold" size="16" color="ffffff">每把造成</><font src="/Game/UMG/Fonts/AgencyFB_Bold.AgencyFB_Bold" size="16" color="ffff00">39</><font src="/Game/UMG/Fonts/AgencyFB_Bold.AgencyFB_Bold" size="16" color="ffffff">伤害</><font></><font></>,5,None,"((""SkillProjBounceCount"", 0.000000))",Barrage,8310167,1.5
9360501,93605,5,玄天巨剑,1,20,1,1,"(X=300.000000,Y=300.000000,Z=300.000000)",((TagName="UGC.DamageNumber.Bounce")),SpawnProjectile_Linear,BlueprintGeneratedClass'/RoguelikeX/Asset/Blueprint/Prefabs/Skills/NewRogueSkill/Sword_Skill_9360001.Sword_Skill_9360001_C',BlueprintGeneratedClass'/RoguelikeX/Asset/Blueprint/RougeTreasureActor/Sword_9360001.Sword_9360001_C',BlueprintGeneratedClass'/RoguelikeX/Asset/Blueprint/Prefabs/Projectiles/NewRogueProj/Sword_Proj_9360001.Sword_Proj_9360001_C',Texture2D'/RoguelikeX/Asset/Art/UI/RouglikeXUI/SkillIcon/Icon_601_Skill_FJ.Icon_601_Skill_FJ',<font src="/Game/UMG/Fonts/AgencyFB_Bold.AgencyFB_Bold" size="16" color="ffff00">【弹幕】【弹射】</><br/><font src="/Game/UMG/Fonts/AgencyFB_Bold.AgencyFB_Bold" size="16" color="ffffff">发射</><font src="/Game/UMG/Fonts/AgencyFB_Bold.AgencyFB_Bold" size="16" color="ffff00">1</><font src="/Game/UMG/Fonts/AgencyFB_Bold.AgencyFB_Bold" size="16" color="ffffff">把巨剑，冷却时间</><font src="/Game/UMG/Fonts/AgencyFB_Bold.AgencyFB_Bold" size="16" color="ffff00">1</><font src="/Game/UMG/Fonts/AgencyFB_Bold.AgencyFB_Bold" size="16" color="ffffff">秒</><br/><font src="/Game/UMG/Fonts/AgencyFB_Bold.AgencyFB_Bold" size="16" color="ffffff">每把造成</><font src="/Game/UMG/Fonts/AgencyFB_Bold.AgencyFB_Bold" size="16" color="ffff00">20</><font src="/Game/UMG/Fonts/AgencyFB_Bold.AgencyFB_Bold" size="16" color="ffffff">伤害</><font></><font></>,1,None,"((""SkillProjBounceCount"", 0.000000))",Barrage,8310735,1
9360502,93605,5,玄天巨剑,1,23,1,1,"(X=300.000000,Y=300.000000,Z=300.000000)",((TagName="UGC.DamageNumber.Bounce")),SpawnProjectile_Linear,BlueprintGeneratedClass'/RoguelikeX/Asset/Blueprint/Prefabs/Skills/NewRogueSkill/Sword_Skill_9360001.Sword_Skill_9360001_C',BlueprintGeneratedClass'/RoguelikeX/Asset/Blueprint/RougeTreasureActor/Sword_9360001.Sword_9360001_C',BlueprintGeneratedClass'/RoguelikeX/Asset/Blueprint/Prefabs/Projectiles/NewRogueProj/Sword_Proj_9360001.Sword_Proj_9360001_C',Texture2D'/RoguelikeX/Asset/Art/UI/RouglikeXUI/SkillIcon/Icon_601_Skill_FJ.Icon_601_Skill_FJ',<font src="/Game/UMG/Fonts/AgencyFB_Bold.AgencyFB_Bold" size="16" color="ffff00">【弹幕】【弹射】</><br/><font src="/Game/UMG/Fonts/AgencyFB_Bold.AgencyFB_Bold" size="16" color="ffffff">发射</><font src="/Game/UMG/Fonts/AgencyFB_Bold.AgencyFB_Bold" size="16" color="ffff00">1</><font src="/Game/UMG/Fonts/AgencyFB_Bold.AgencyFB_Bold" size="16" color="ffffff">把巨剑，冷却时间</><font src="/Game/UMG/Fonts/AgencyFB_Bold.AgencyFB_Bold" size="16" color="ffff00">1</><font src="/Game/UMG/Fonts/AgencyFB_Bold.AgencyFB_Bold" size="16" color="ffffff">秒</><br/><font src="/Game/UMG/Fonts/AgencyFB_Bold.AgencyFB_Bold" size="16" color="ffffff">每把造成</><font src="/Game/UMG/Fonts/AgencyFB_Bold.AgencyFB_Bold" size="16" color="ffff00">23</><font src="/Game/UMG/Fonts/AgencyFB_Bold.AgencyFB_Bold" size="16" color="ffffff">伤害</><font></><font></>,2,None,"((""SkillProjBounceCount"", 0.000000))",Barrage,8310994,1.2
9360503,93605,5,玄天巨剑,2,28,2,1,"(X=300.000000,Y=300.000000,Z=300.000000)",((TagName="UGC.DamageNumber.Bounce")),SpawnProjectile_Linear,BlueprintGeneratedClass'/RoguelikeX/Asset/Blueprint/Prefabs/Skills/NewRogueSkill/Sword_Skill_9360001.Sword_Skill_9360001_C',BlueprintGeneratedClass'/RoguelikeX/Asset/Blueprint/RougeTreasureActor/Sword_9360001.Sword_9360001_C',BlueprintGeneratedClass'/RoguelikeX/Asset/Blueprint/Prefabs/Projectiles/NewRogueProj/Sword_Proj_9360001.Sword_Proj_9360001_C',Texture2D'/RoguelikeX/Asset/Art/UI/RouglikeXUI/SkillIcon/Icon_601_Skill_FJ.Icon_601_Skill_FJ',<font src="/Game/UMG/Fonts/AgencyFB_Bold.AgencyFB_Bold" size="16" color="ffff00">【弹幕】【弹射】</><br/><font src="/Game/UMG/Fonts/AgencyFB_Bold.AgencyFB_Bold" size="16" color="ffffff">发射</><font src="/Game/UMG/Fonts/AgencyFB_Bold.AgencyFB_Bold" size="16" color="ffff00">2</><font src="/Game/UMG/Fonts/AgencyFB_Bold.AgencyFB_Bold" size="16" color="ffffff">把巨剑，冷却时间</><font src="/Game/UMG/Fonts/AgencyFB_Bold.AgencyFB_Bold" size="16" color="ffff00">2</><font src="/Game/UMG/Fonts/AgencyFB_Bold.AgencyFB_Bold" size="16" color="ffffff">秒</><br/><font src="/Game/UMG/Fonts/AgencyFB_Bold.AgencyFB_Bold" size="16" color="ffffff">每把造成</><font src="/Game/UMG/Fonts/AgencyFB_Bold.AgencyFB_Bold" size="16" color="ffff00">28</><font src="/Game/UMG/Fonts/AgencyFB_Bold.AgencyFB_Bold" size="16" color="ffffff">伤害</><font></><font></>,3,None,"((""SkillProjBounceCount"", 0.000000))",Barrage,8310995,1.2
9360504,93605,5,玄天巨剑,2,33,2,1,"(X=300.000000,Y=300.000000,Z=300.000000)",((TagName="UGC.DamageNumber.Bounce")),SpawnProjectile_Linear,BlueprintGeneratedClass'/RoguelikeX/Asset/Blueprint/Prefabs/Skills/NewRogueSkill/Sword_Skill_9360001.Sword_Skill_9360001_C',BlueprintGeneratedClass'/RoguelikeX/Asset/Blueprint/RougeTreasureActor/Sword_9360001.Sword_9360001_C',BlueprintGeneratedClass'/RoguelikeX/Asset/Blueprint/Prefabs/Projectiles/NewRogueProj/Sword_Proj_9360001.Sword_Proj_9360001_C',Texture2D'/RoguelikeX/Asset/Art/UI/RouglikeXUI/SkillIcon/Icon_601_Skill_FJ.Icon_601_Skill_FJ',<font src="/Game/UMG/Fonts/AgencyFB_Bold.AgencyFB_Bold" size="16" color="ffff00">【弹幕】【弹射】</><br/><font src="/Game/UMG/Fonts/AgencyFB_Bold.AgencyFB_Bold" size="16" color="ffffff">发射</><font src="/Game/UMG/Fonts/AgencyFB_Bold.AgencyFB_Bold" size="16" color="ffff00">2</><font src="/Game/UMG/Fonts/AgencyFB_Bold.AgencyFB_Bold" size="16" color="ffffff">把巨剑，冷却时间</><font src="/Game/UMG/Fonts/AgencyFB_Bold.AgencyFB_Bold" size="16" color="ffff00">2</><font src="/Game/UMG/Fonts/AgencyFB_Bold.AgencyFB_Bold" size="16" color="ffffff">秒</><br/><font src="/Game/UMG/Fonts/AgencyFB_Bold.AgencyFB_Bold" size="16" color="ffffff">每把造成</><font src="/Game/UMG/Fonts/AgencyFB_Bold.AgencyFB_Bold" size="16" color="ffff00">33</><font src="/Game/UMG/Fonts/AgencyFB_Bold.AgencyFB_Bold" size="16" color="ffffff">伤害</><font></><font></>,4,None,"((""SkillProjBounceCount"", 0.000000))",Barrage,8310996,1.5
9360505,93605,5,玄天巨剑,3,39,3,1,"(X=300.000000,Y=300.000000,Z=300.000000)",((TagName="UGC.DamageNumber.Bounce")),SpawnProjectile_Linear,BlueprintGeneratedClass'/RoguelikeX/Asset/Blueprint/Prefabs/Skills/NewRogueSkill/Sword_Skill_9360001.Sword_Skill_9360001_C',BlueprintGeneratedClass'/RoguelikeX/Asset/Blueprint/RougeTreasureActor/Sword_9360001.Sword_9360001_C',BlueprintGeneratedClass'/RoguelikeX/Asset/Blueprint/Prefabs/Projectiles/NewRogueProj/Sword_Proj_9360001.Sword_Proj_9360001_C',Texture2D'/RoguelikeX/Asset/Art/UI/RouglikeXUI/SkillIcon/Icon_601_Skill_FJ.Icon_601_Skill_FJ',<font src="/Game/UMG/Fonts/AgencyFB_Bold.AgencyFB_Bold" size="16" color="ffff00">【弹幕】【弹射】</><br/><font src="/Game/UMG/Fonts/AgencyFB_Bold.AgencyFB_Bold" size="16" color="ffffff">发射</><font src="/Game/UMG/Fonts/AgencyFB_Bold.AgencyFB_Bold" size="16" color="ffff00">3</><font src="/Game/UMG/Fonts/AgencyFB_Bold.AgencyFB_Bold" size="16" color="ffffff">把巨剑，冷却时间</><font src="/Game/UMG/Fonts/AgencyFB_Bold.AgencyFB_Bold" size="16" color="ffff00">3</><font src="/Game/UMG/Fonts/AgencyFB_Bold.AgencyFB_Bold" size="16" color="ffffff">秒</><br/><font src="/Game/UMG/Fonts/AgencyFB_Bold.AgencyFB_Bold" size="16" color="ffffff">每把造成</><font src="/Game/UMG/Fonts/AgencyFB_Bold.AgencyFB_Bold" size="16" color="ffff00">39</><font src="/Game/UMG/Fonts/AgencyFB_Bold.AgencyFB_Bold" size="16" color="ffffff">伤害</><font></><font></>,5,None,"((""SkillProjBounceCount"", 0.000000))",Barrage,8310997,1.5
9020101,90201,1,气煞刀,1.6,5,1,1,"(X=800.000000,Y=400.000000,Z=400.000000)",,MeleeAttack,BlueprintGeneratedClass'/RoguelikeX/Asset/Blueprint/Prefabs/Skills/NewRogueSkill/Knife_Skill_9020001.Knife_Skill_9020001_C',BlueprintGeneratedClass'/RoguelikeX/Asset/Blueprint/RougeTreasureActor/Knife_6020101.Knife_6020101_C',None,Texture2D'/RoguelikeX/Asset/Art/UI/RouglikeXUI/SkillIcon/Icon_601_Skill_FJ.Icon_601_Skill_FJ',<font src="/Game/UMG/Fonts/AgencyFB_Bold.AgencyFB_Bold" size="16" color="ffff00">【近战】【范围】</><br/><font src="/Game/UMG/Fonts/AgencyFB_Bold.AgencyFB_Bold" size="16" color="ffffff">挥舞气煞刀，冷却时间</><font src="/Game/UMG/Fonts/AgencyFB_Bold.AgencyFB_Bold" size="16" color="ffff00">1.6</><font src="/Game/UMG/Fonts/AgencyFB_Bold.AgencyFB_Bold" size="16" color="ffffff">秒</><br/><font src="/Game/UMG/Fonts/AgencyFB_Bold.AgencyFB_Bold" size="16" color="ffffff">造成</><font src="/Game/UMG/Fonts/AgencyFB_Bold.AgencyFB_Bold" size="16" color="ffff00">5</><font src="/Game/UMG/Fonts/AgencyFB_Bold.AgencyFB_Bold" size="16" color="ffffff">范围伤害</><font></><font></><font></><font></>,1,BlueprintGeneratedClass'/RoguelikeX/Asset/Blueprint/RougeTreasureActor/Knife_9020001_SkillActor.Knife_9020001_SkillActor_C',(),Stationary,8310291,1
9020102,90201,1,气煞刀,1.6,5,1,1,"(X=800.000000,Y=400.000000,Z=400.000000)",,MeleeAttack,BlueprintGeneratedClass'/RoguelikeX/Asset/Blueprint/Prefabs/Skills/NewRogueSkill/Knife_Skill_9020001.Knife_Skill_9020001_C',BlueprintGeneratedClass'/RoguelikeX/Asset/Blueprint/RougeTreasureActor/Knife_6020101.Knife_6020101_C',None,Texture2D'/RoguelikeX/Asset/Art/UI/RouglikeXUI/SkillIcon/Icon_601_Skill_FJ.Icon_601_Skill_FJ',<font src="/Game/UMG/Fonts/AgencyFB_Bold.AgencyFB_Bold" size="16" color="ffff00">【近战】【范围】</><br/><font src="/Game/UMG/Fonts/AgencyFB_Bold.AgencyFB_Bold" size="16" color="ffffff">挥舞气煞刀，冷却时间</><font src="/Game/UMG/Fonts/AgencyFB_Bold.AgencyFB_Bold" size="16" color="ffff00">1.6</><font src="/Game/UMG/Fonts/AgencyFB_Bold.AgencyFB_Bold" size="16" color="ffffff">秒</><br/><font src="/Game/UMG/Fonts/AgencyFB_Bold.AgencyFB_Bold" size="16" color="ffffff">造成</><font src="/Game/UMG/Fonts/AgencyFB_Bold.AgencyFB_Bold" size="16" color="ffff00">5</><font src="/Game/UMG/Fonts/AgencyFB_Bold.AgencyFB_Bold" size="16" color="ffffff">范围伤害</><font></><font></><font></><font></>,2,BlueprintGeneratedClass'/RoguelikeX/Asset/Blueprint/RougeTreasureActor/Knife_9020001_SkillActor.Knife_9020001_SkillActor_C',(),Stationary,8310975,1.2
9020103,90201,1,气煞刀,1.6,7,1,1,"(X=800.000000,Y=400.000000,Z=400.000000)",,MeleeAttack,BlueprintGeneratedClass'/RoguelikeX/Asset/Blueprint/Prefabs/Skills/NewRogueSkill/Knife_Skill_9020001.Knife_Skill_9020001_C',BlueprintGeneratedClass'/RoguelikeX/Asset/Blueprint/RougeTreasureActor/Knife_6020101.Knife_6020101_C',None,Texture2D'/RoguelikeX/Asset/Art/UI/RouglikeXUI/SkillIcon/Icon_601_Skill_FJ.Icon_601_Skill_FJ',<font src="/Game/UMG/Fonts/AgencyFB_Bold.AgencyFB_Bold" size="16" color="ffff00">【近战】【范围】</><br/><font src="/Game/UMG/Fonts/AgencyFB_Bold.AgencyFB_Bold" size="16" color="ffffff">挥舞气煞刀，冷却时间</><font src="/Game/UMG/Fonts/AgencyFB_Bold.AgencyFB_Bold" size="16" color="ffff00">1.6</><font src="/Game/UMG/Fonts/AgencyFB_Bold.AgencyFB_Bold" size="16" color="ffffff">秒</><br/><font src="/Game/UMG/Fonts/AgencyFB_Bold.AgencyFB_Bold" size="16" color="ffffff">造成</><font src="/Game/UMG/Fonts/AgencyFB_Bold.AgencyFB_Bold" size="16" color="ffff00">7</><font src="/Game/UMG/Fonts/AgencyFB_Bold.AgencyFB_Bold" size="16" color="ffffff">范围伤害</><font></><font></><font></><font></>,3,BlueprintGeneratedClass'/RoguelikeX/Asset/Blueprint/RougeTreasureActor/Knife_9020001_SkillActor.Knife_9020001_SkillActor_C',(),Stationary,8310976,1.4
9020104,90201,1,气煞刀,1.6,8,1,1,"(X=800.000000,Y=400.000000,Z=400.000000)",,MeleeAttack,BlueprintGeneratedClass'/RoguelikeX/Asset/Blueprint/Prefabs/Skills/NewRogueSkill/Knife_Skill_9020001.Knife_Skill_9020001_C',BlueprintGeneratedClass'/RoguelikeX/Asset/Blueprint/RougeTreasureActor/Knife_6020101.Knife_6020101_C',None,Texture2D'/RoguelikeX/Asset/Art/UI/RouglikeXUI/SkillIcon/Icon_601_Skill_FJ.Icon_601_Skill_FJ',<font src="/Game/UMG/Fonts/AgencyFB_Bold.AgencyFB_Bold" size="16" color="ffff00">【近战】【范围】</><br/><font src="/Game/UMG/Fonts/AgencyFB_Bold.AgencyFB_Bold" size="16" color="ffffff">挥舞气煞刀，冷却时间</><font src="/Game/UMG/Fonts/AgencyFB_Bold.AgencyFB_Bold" size="16" color="ffff00">1.6</><font src="/Game/UMG/Fonts/AgencyFB_Bold.AgencyFB_Bold" size="16" color="ffffff">秒</><br/><font src="/Game/UMG/Fonts/AgencyFB_Bold.AgencyFB_Bold" size="16" color="ffffff">造成</><font src="/Game/UMG/Fonts/AgencyFB_Bold.AgencyFB_Bold" size="16" color="ffff00">8</><font src="/Game/UMG/Fonts/AgencyFB_Bold.AgencyFB_Bold" size="16" color="ffffff">范围伤害</><font></><font></><font></><font></>,4,BlueprintGeneratedClass'/RoguelikeX/Asset/Blueprint/RougeTreasureActor/Knife_9020001_SkillActor.Knife_9020001_SkillActor_C',(),Stationary,8310977,1.7
9020105,90201,1,气煞刀,1.6,10,1,1,"(X=800.000000,Y=400.000000,Z=400.000000)",,MeleeAttack,BlueprintGeneratedClass'/RoguelikeX/Asset/Blueprint/Prefabs/Skills/NewRogueSkill/Knife_Skill_9020001.Knife_Skill_9020001_C',BlueprintGeneratedClass'/RoguelikeX/Asset/Blueprint/RougeTreasureActor/Knife_6020101.Knife_6020101_C',None,Texture2D'/RoguelikeX/Asset/Art/UI/RouglikeXUI/SkillIcon/Icon_601_Skill_FJ.Icon_601_Skill_FJ',<font src="/Game/UMG/Fonts/AgencyFB_Bold.AgencyFB_Bold" size="16" color="ffff00">【近战】【范围】</><br/><font src="/Game/UMG/Fonts/AgencyFB_Bold.AgencyFB_Bold" size="16" color="ffffff">挥舞气煞刀，冷却时间</><font src="/Game/UMG/Fonts/AgencyFB_Bold.AgencyFB_Bold" size="16" color="ffff00">1.6</><font src="/Game/UMG/Fonts/AgencyFB_Bold.AgencyFB_Bold" size="16" color="ffffff">秒</><br/><font src="/Game/UMG/Fonts/AgencyFB_Bold.AgencyFB_Bold" size="16" color="ffffff">造成</><font src="/Game/UMG/Fonts/AgencyFB_Bold.AgencyFB_Bold" size="16" color="ffff00">10</><font src="/Game/UMG/Fonts/AgencyFB_Bold.AgencyFB_Bold" size="16" color="ffffff">范围伤害</><font></><font></><font></><font></>,5,BlueprintGeneratedClass'/RoguelikeX/Asset/Blueprint/RougeTreasureActor/Knife_9020001_SkillActor.Knife_9020001_SkillActor_C',(),Stationary,8310044,2
9160301,91603,3,紫罗刀,1.6,11,1,1,"(X=800.000000,Y=400.000000,Z=400.000000)",,MeleeAttack,BlueprintGeneratedClass'/RoguelikeX/Asset/Blueprint/Prefabs/Skills/NewRogueSkill/Knife_Skill_9020001.Knife_Skill_9020001_C',BlueprintGeneratedClass'/RoguelikeX/Asset/Blueprint/RougeTreasureActor/Knife_6020101.Knife_6020101_C',None,Texture2D'/RoguelikeX/Asset/Art/UI/RouglikeXUI/SkillIcon/Icon_601_Skill_FJ.Icon_601_Skill_FJ',<font src="/Game/UMG/Fonts/AgencyFB_Bold.AgencyFB_Bold" size="16" color="ffff00">【近战】【范围】</><br/><font src="/Game/UMG/Fonts/AgencyFB_Bold.AgencyFB_Bold" size="16" color="ffffff">挥舞紫罗刀，冷却时间</><font src="/Game/UMG/Fonts/AgencyFB_Bold.AgencyFB_Bold" size="16" color="ffff00">1.6</><font src="/Game/UMG/Fonts/AgencyFB_Bold.AgencyFB_Bold" size="16" color="ffffff">秒</><br/><font src="/Game/UMG/Fonts/AgencyFB_Bold.AgencyFB_Bold" size="16" color="ffffff">造成</><font src="/Game/UMG/Fonts/AgencyFB_Bold.AgencyFB_Bold" size="16" color="ffff00">11</><font src="/Game/UMG/Fonts/AgencyFB_Bold.AgencyFB_Bold" size="16" color="ffffff">范围伤害</><font></><font></><font></><font></>,1,BlueprintGeneratedClass'/RoguelikeX/Asset/Blueprint/RougeTreasureActor/Knife_9160001_SkillActor1.Knife_9160001_SkillActor1_C',(),Stationary,8310290,1
9160302,91603,3,紫罗刀,1.6,12,1,1,"(X=800.000000,Y=400.000000,Z=400.000000)",,MeleeAttack,BlueprintGeneratedClass'/RoguelikeX/Asset/Blueprint/Prefabs/Skills/NewRogueSkill/Knife_Skill_9020001.Knife_Skill_9020001_C',BlueprintGeneratedClass'/RoguelikeX/Asset/Blueprint/RougeTreasureActor/Knife_6020101.Knife_6020101_C',None,Texture2D'/RoguelikeX/Asset/Art/UI/RouglikeXUI/SkillIcon/Icon_601_Skill_FJ.Icon_601_Skill_FJ',<font src="/Game/UMG/Fonts/AgencyFB_Bold.AgencyFB_Bold" size="16" color="ffff00">【近战】【范围】</><br/><font src="/Game/UMG/Fonts/AgencyFB_Bold.AgencyFB_Bold" size="16" color="ffffff">挥舞紫罗刀，冷却时间</><font src="/Game/UMG/Fonts/AgencyFB_Bold.AgencyFB_Bold" size="16" color="ffff00">1.6</><font src="/Game/UMG/Fonts/AgencyFB_Bold.AgencyFB_Bold" size="16" color="ffffff">秒</><br/><font src="/Game/UMG/Fonts/AgencyFB_Bold.AgencyFB_Bold" size="16" color="ffffff">造成</><font src="/Game/UMG/Fonts/AgencyFB_Bold.AgencyFB_Bold" size="16" color="ffff00">12</><font src="/Game/UMG/Fonts/AgencyFB_Bold.AgencyFB_Bold" size="16" color="ffffff">范围伤害</><font></><font></><font></><font></>,2,BlueprintGeneratedClass'/RoguelikeX/Asset/Blueprint/RougeTreasureActor/Knife_9160001_SkillActor1.Knife_9160001_SkillActor1_C',(),Stationary,8310967,1.2
9160303,91603,3,紫罗刀,1.6,15,1,1,"(X=800.000000,Y=400.000000,Z=400.000000)",,MeleeAttack,BlueprintGeneratedClass'/RoguelikeX/Asset/Blueprint/Prefabs/Skills/NewRogueSkill/Knife_Skill_9020001.Knife_Skill_9020001_C',BlueprintGeneratedClass'/RoguelikeX/Asset/Blueprint/RougeTreasureActor/Knife_6020101.Knife_6020101_C',None,Texture2D'/RoguelikeX/Asset/Art/UI/RouglikeXUI/SkillIcon/Icon_601_Skill_FJ.Icon_601_Skill_FJ',<font src="/Game/UMG/Fonts/AgencyFB_Bold.AgencyFB_Bold" size="16" color="ffff00">【近战】【范围】</><br/><font src="/Game/UMG/Fonts/AgencyFB_Bold.AgencyFB_Bold" size="16" color="ffffff">挥舞紫罗刀，冷却时间</><font src="/Game/UMG/Fonts/AgencyFB_Bold.AgencyFB_Bold" size="16" color="ffff00">1.6</><font src="/Game/UMG/Fonts/AgencyFB_Bold.AgencyFB_Bold" size="16" color="ffffff">秒</><br/><font src="/Game/UMG/Fonts/AgencyFB_Bold.AgencyFB_Bold" size="16" color="ffffff">造成</><font src="/Game/UMG/Fonts/AgencyFB_Bold.AgencyFB_Bold" size="16" color="ffff00">15</><font src="/Game/UMG/Fonts/AgencyFB_Bold.AgencyFB_Bold" size="16" color="ffffff">范围伤害</><font></><font></><font></><font></>,3,BlueprintGeneratedClass'/RoguelikeX/Asset/Blueprint/RougeTreasureActor/Knife_9160001_SkillActor1.Knife_9160001_SkillActor1_C',(),Stationary,8310968,1.4
9160304,91603,3,紫罗刀,1.6,18,1,1,"(X=800.000000,Y=400.000000,Z=400.000000)",,MeleeAttack,BlueprintGeneratedClass'/RoguelikeX/Asset/Blueprint/Prefabs/Skills/NewRogueSkill/Knife_Skill_9020001.Knife_Skill_9020001_C',BlueprintGeneratedClass'/RoguelikeX/Asset/Blueprint/RougeTreasureActor/Knife_6020101.Knife_6020101_C',None,Texture2D'/RoguelikeX/Asset/Art/UI/RouglikeXUI/SkillIcon/Icon_601_Skill_FJ.Icon_601_Skill_FJ',<font src="/Game/UMG/Fonts/AgencyFB_Bold.AgencyFB_Bold" size="16" color="ffff00">【近战】【范围】</><br/><font src="/Game/UMG/Fonts/AgencyFB_Bold.AgencyFB_Bold" size="16" color="ffffff">挥舞紫罗刀，冷却时间</><font src="/Game/UMG/Fonts/AgencyFB_Bold.AgencyFB_Bold" size="16" color="ffff00">1.6</><font src="/Game/UMG/Fonts/AgencyFB_Bold.AgencyFB_Bold" size="16" color="ffffff">秒</><br/><font src="/Game/UMG/Fonts/AgencyFB_Bold.AgencyFB_Bold" size="16" color="ffffff">造成</><font src="/Game/UMG/Fonts/AgencyFB_Bold.AgencyFB_Bold" size="16" color="ffff00">18</><font src="/Game/UMG/Fonts/AgencyFB_Bold.AgencyFB_Bold" size="16" color="ffffff">范围伤害</><font></><font></><font></><font></>,4,BlueprintGeneratedClass'/RoguelikeX/Asset/Blueprint/RougeTreasureActor/Knife_9160001_SkillActor1.Knife_9160001_SkillActor1_C',(),Stationary,8310969,1.7
9160305,91603,3,紫罗刀,1.6,21,1,1,"(X=800.000000,Y=400.000000,Z=400.000000)",,MeleeAttack,BlueprintGeneratedClass'/RoguelikeX/Asset/Blueprint/Prefabs/Skills/NewRogueSkill/Knife_Skill_9020001.Knife_Skill_9020001_C',BlueprintGeneratedClass'/RoguelikeX/Asset/Blueprint/RougeTreasureActor/Knife_6020101.Knife_6020101_C',None,Texture2D'/RoguelikeX/Asset/Art/UI/RouglikeXUI/SkillIcon/Icon_601_Skill_FJ.Icon_601_Skill_FJ',<font src="/Game/UMG/Fonts/AgencyFB_Bold.AgencyFB_Bold" size="16" color="ffff00">【近战】【范围】</><br/><font src="/Game/UMG/Fonts/AgencyFB_Bold.AgencyFB_Bold" size="16" color="ffffff">挥舞紫罗刀，冷却时间</><font src="/Game/UMG/Fonts/AgencyFB_Bold.AgencyFB_Bold" size="16" color="ffff00">1.6</><font src="/Game/UMG/Fonts/AgencyFB_Bold.AgencyFB_Bold" size="16" color="ffffff">秒</><br/><font src="/Game/UMG/Fonts/AgencyFB_Bold.AgencyFB_Bold" size="16" color="ffffff">造成</><font src="/Game/UMG/Fonts/AgencyFB_Bold.AgencyFB_Bold" size="16" color="ffff00">21</><font src="/Game/UMG/Fonts/AgencyFB_Bold.AgencyFB_Bold" size="16" color="ffffff">范围伤害</><font></><font></><font></><font></>,5,BlueprintGeneratedClass'/RoguelikeX/Asset/Blueprint/RougeTreasureActor/Knife_9160001_SkillActor1.Knife_9160001_SkillActor1_C',(),Stationary,8310970,2
9180401,91804,4,神秘平底锅,1.6,15,1,1,"(X=800.000000,Y=800.000000,Z=400.000000)",,MeleeAttack,BlueprintGeneratedClass'/RoguelikeX/Asset/Blueprint/Prefabs/Skills/NewRogueSkill/Axe_Skill_90900.Axe_Skill_90900_C',BlueprintGeneratedClass'/RoguelikeX/Asset/Blueprint/RougeTreasureActor/Pan_91800.Pan_91800_C',None,Texture2D'/RoguelikeX/Asset/Art/UI/RouglikeXUI/SkillIcon/Icon_601_Skill_FJ.Icon_601_Skill_FJ',<font src="/Game/UMG/Fonts/AgencyFB_Bold.AgencyFB_Bold" size="16" color="ffff00">【近战】【范围】</><br/><font src="/Game/UMG/Fonts/AgencyFB_Bold.AgencyFB_Bold" size="16" color="ffffff">挥舞神秘平底锅，冷却时间</><font src="/Game/UMG/Fonts/AgencyFB_Bold.AgencyFB_Bold" size="16" color="ffff00">1.6</><font src="/Game/UMG/Fonts/AgencyFB_Bold.AgencyFB_Bold" size="16" color="ffffff">秒</><br/><font src="/Game/UMG/Fonts/AgencyFB_Bold.AgencyFB_Bold" size="16" color="ffffff">造成</><font src="/Game/UMG/Fonts/AgencyFB_Bold.AgencyFB_Bold" size="16" color="ffff00">15</><font src="/Game/UMG/Fonts/AgencyFB_Bold.AgencyFB_Bold" size="16" color="ffffff">范围伤害</><font></><font></><font></><font></>,1,BlueprintGeneratedClass'/RoguelikeX/Asset/Blueprint/RougeTreasureActor/Pan_9180001_SkillActor1.Pan_9180001_SkillActor1_C',(),Stationary,8310275,1
9180402,91804,4,神秘平底锅,1.6,17,1,1,"(X=800.000000,Y=800.000000,Z=400.000000)",,MeleeAttack,BlueprintGeneratedClass'/RoguelikeX/Asset/Blueprint/Prefabs/Skills/NewRogueSkill/Axe_Skill_90900.Axe_Skill_90900_C',BlueprintGeneratedClass'/RoguelikeX/Asset/Blueprint/RougeTreasureActor/Pan_91800.Pan_91800_C',None,Texture2D'/RoguelikeX/Asset/Art/UI/RouglikeXUI/SkillIcon/Icon_601_Skill_FJ.Icon_601_Skill_FJ',<font src="/Game/UMG/Fonts/AgencyFB_Bold.AgencyFB_Bold" size="16" color="ffff00">【近战】【范围】</><br/><font src="/Game/UMG/Fonts/AgencyFB_Bold.AgencyFB_Bold" size="16" color="ffffff">挥舞神秘平底锅，冷却时间</><font src="/Game/UMG/Fonts/AgencyFB_Bold.AgencyFB_Bold" size="16" color="ffff00">1.6</><font src="/Game/UMG/Fonts/AgencyFB_Bold.AgencyFB_Bold" size="16" color="ffffff">秒</><br/><font src="/Game/UMG/Fonts/AgencyFB_Bold.AgencyFB_Bold" size="16" color="ffffff">造成</><font src="/Game/UMG/Fonts/AgencyFB_Bold.AgencyFB_Bold" size="16" color="ffff00">17</><font src="/Game/UMG/Fonts/AgencyFB_Bold.AgencyFB_Bold" size="16" color="ffffff">范围伤害</><font></><font></><font></><font></>,2,BlueprintGeneratedClass'/RoguelikeX/Asset/Blueprint/RougeTreasureActor/Pan_9180001_SkillActor1.Pan_9180001_SkillActor1_C',(),Stationary,8310963,1.2
9180403,91804,4,神秘平底锅,1.6,21,1,1,"(X=800.000000,Y=800.000000,Z=400.000000)",,MeleeAttack,BlueprintGeneratedClass'/RoguelikeX/Asset/Blueprint/Prefabs/Skills/NewRogueSkill/Axe_Skill_90900.Axe_Skill_90900_C',BlueprintGeneratedClass'/RoguelikeX/Asset/Blueprint/RougeTreasureActor/Pan_91800.Pan_91800_C',None,Texture2D'/RoguelikeX/Asset/Art/UI/RouglikeXUI/SkillIcon/Icon_601_Skill_FJ.Icon_601_Skill_FJ',<font src="/Game/UMG/Fonts/AgencyFB_Bold.AgencyFB_Bold" size="16" color="ffff00">【近战】【范围】</><br/><font src="/Game/UMG/Fonts/AgencyFB_Bold.AgencyFB_Bold" size="16" color="ffffff">挥舞神秘平底锅，冷却时间</><font src="/Game/UMG/Fonts/AgencyFB_Bold.AgencyFB_Bold" size="16" color="ffff00">1.6</><font src="/Game/UMG/Fonts/AgencyFB_Bold.AgencyFB_Bold" size="16" color="ffffff">秒</><br/><font src="/Game/UMG/Fonts/AgencyFB_Bold.AgencyFB_Bold" size="16" color="ffffff">造成</><font src="/Game/UMG/Fonts/AgencyFB_Bold.AgencyFB_Bold" size="16" color="ffff00">21</><font src="/Game/UMG/Fonts/AgencyFB_Bold.AgencyFB_Bold" size="16" color="ffffff">范围伤害</><font></><font></><font></><font></>,3,BlueprintGeneratedClass'/RoguelikeX/Asset/Blueprint/RougeTreasureActor/Pan_9180001_SkillActor1.Pan_9180001_SkillActor1_C',(),Stationary,8310964,1.4
9180404,91804,4,神秘平底锅,1.6,25,1,1,"(X=800.000000,Y=800.000000,Z=400.000000)",,MeleeAttack,BlueprintGeneratedClass'/RoguelikeX/Asset/Blueprint/Prefabs/Skills/NewRogueSkill/Axe_Skill_90900.Axe_Skill_90900_C',BlueprintGeneratedClass'/RoguelikeX/Asset/Blueprint/RougeTreasureActor/Pan_91800.Pan_91800_C',None,Texture2D'/RoguelikeX/Asset/Art/UI/RouglikeXUI/SkillIcon/Icon_601_Skill_FJ.Icon_601_Skill_FJ',<font src="/Game/UMG/Fonts/AgencyFB_Bold.AgencyFB_Bold" size="16" color="ffff00">【近战】【范围】</><br/><font src="/Game/UMG/Fonts/AgencyFB_Bold.AgencyFB_Bold" size="16" color="ffffff">挥舞神秘平底锅，冷却时间</><font src="/Game/UMG/Fonts/AgencyFB_Bold.AgencyFB_Bold" size="16" color="ffff00">1.6</><font src="/Game/UMG/Fonts/AgencyFB_Bold.AgencyFB_Bold" size="16" color="ffffff">秒</><br/><font src="/Game/UMG/Fonts/AgencyFB_Bold.AgencyFB_Bold" size="16" color="ffffff">造成</><font src="/Game/UMG/Fonts/AgencyFB_Bold.AgencyFB_Bold" size="16" color="ffff00">25</><font src="/Game/UMG/Fonts/AgencyFB_Bold.AgencyFB_Bold" size="16" color="ffffff">范围伤害</><font></><font></><font></><font></>,4,BlueprintGeneratedClass'/RoguelikeX/Asset/Blueprint/RougeTreasureActor/Pan_9180001_SkillActor1.Pan_9180001_SkillActor1_C',(),Stationary,8310965,1.7
9180405,91804,4,神秘平底锅,1.6,29,1,1,"(X=800.000000,Y=800.000000,Z=400.000000)",,MeleeAttack,BlueprintGeneratedClass'/RoguelikeX/Asset/Blueprint/Prefabs/Skills/NewRogueSkill/Axe_Skill_90900.Axe_Skill_90900_C',BlueprintGeneratedClass'/RoguelikeX/Asset/Blueprint/RougeTreasureActor/Pan_91800.Pan_91800_C',None,Texture2D'/RoguelikeX/Asset/Art/UI/RouglikeXUI/SkillIcon/Icon_601_Skill_FJ.Icon_601_Skill_FJ',<font src="/Game/UMG/Fonts/AgencyFB_Bold.AgencyFB_Bold" size="16" color="ffff00">【近战】【范围】</><br/><font src="/Game/UMG/Fonts/AgencyFB_Bold.AgencyFB_Bold" size="16" color="ffffff">挥舞神秘平底锅，冷却时间</><font src="/Game/UMG/Fonts/AgencyFB_Bold.AgencyFB_Bold" size="16" color="ffff00">1.6</><font src="/Game/UMG/Fonts/AgencyFB_Bold.AgencyFB_Bold" size="16" color="ffffff">秒</><br/><font src="/Game/UMG/Fonts/AgencyFB_Bold.AgencyFB_Bold" size="16" color="ffffff">造成</><font src="/Game/UMG/Fonts/AgencyFB_Bold.AgencyFB_Bold" size="16" color="ffff00">29</><font src="/Game/UMG/Fonts/AgencyFB_Bold.AgencyFB_Bold" size="16" color="ffffff">范围伤害</><font></><font></><font></><font></>,5,BlueprintGeneratedClass'/RoguelikeX/Asset/Blueprint/RougeTreasureActor/Pan_9180001_SkillActor1.Pan_9180001_SkillActor1_C',(),Stationary,8310966,2
9190401,91904,4,霸王枪,1.6,19,1,1,"(X=600.000000,Y=600.000000,Z=400.000000)",,MeleeAttack,BlueprintGeneratedClass'/RoguelikeX/Asset/Blueprint/Prefabs/Skills/NewRogueSkill/Axe_Skill_90900.Axe_Skill_90900_C',BlueprintGeneratedClass'/RoguelikeX/Asset/Blueprint/RougeTreasureActor/Lance_91900.Lance_91900_C',None,Texture2D'/RoguelikeX/Asset/Art/UI/RouglikeXUI/SkillIcon/Icon_601_Skill_FJ.Icon_601_Skill_FJ',<font src="/Game/UMG/Fonts/AgencyFB_Bold.AgencyFB_Bold" size="16" color="ffff00">【近战】【范围】</><br/><font src="/Game/UMG/Fonts/AgencyFB_Bold.AgencyFB_Bold" size="16" color="ffffff">挥舞霸王枪，冷却时间</><font src="/Game/UMG/Fonts/AgencyFB_Bold.AgencyFB_Bold" size="16" color="ffff00">1.6</><font src="/Game/UMG/Fonts/AgencyFB_Bold.AgencyFB_Bold" size="16" color="ffffff">秒</><br/><font src="/Game/UMG/Fonts/AgencyFB_Bold.AgencyFB_Bold" size="16" color="ffffff">造成</><font src="/Game/UMG/Fonts/AgencyFB_Bold.AgencyFB_Bold" size="16" color="ffff00">19</><font src="/Game/UMG/Fonts/AgencyFB_Bold.AgencyFB_Bold" size="16" color="ffffff">范围伤害</><font></><font></><font></><font></>,1,BlueprintGeneratedClass'/RoguelikeX/Asset/Blueprint/RougeTreasureActor/Lance_9190001_SkillActor1.Lance_9190001_SkillActor1_C',(),Stationary,8310715,1
9190402,91904,4,霸王枪,1.6,22,1,1,"(X=600.000000,Y=600.000000,Z=400.000000)",,MeleeAttack,BlueprintGeneratedClass'/RoguelikeX/Asset/Blueprint/Prefabs/Skills/NewRogueSkill/Axe_Skill_90900.Axe_Skill_90900_C',BlueprintGeneratedClass'/RoguelikeX/Asset/Blueprint/RougeTreasureActor/Lance_91900.Lance_91900_C',None,Texture2D'/RoguelikeX/Asset/Art/UI/RouglikeXUI/SkillIcon/Icon_601_Skill_FJ.Icon_601_Skill_FJ',<font src="/Game/UMG/Fonts/AgencyFB_Bold.AgencyFB_Bold" size="16" color="ffff00">【近战】【范围】</><br/><font src="/Game/UMG/Fonts/AgencyFB_Bold.AgencyFB_Bold" size="16" color="ffffff">挥舞霸王枪，冷却时间</><font src="/Game/UMG/Fonts/AgencyFB_Bold.AgencyFB_Bold" size="16" color="ffff00">1.6</><font src="/Game/UMG/Fonts/AgencyFB_Bold.AgencyFB_Bold" size="16" color="ffffff">秒</><br/><font src="/Game/UMG/Fonts/AgencyFB_Bold.AgencyFB_Bold" size="16" color="ffffff">造成</><font src="/Game/UMG/Fonts/AgencyFB_Bold.AgencyFB_Bold" size="16" color="ffff00">22</><font src="/Game/UMG/Fonts/AgencyFB_Bold.AgencyFB_Bold" size="16" color="ffffff">范围伤害</><font></><font></><font></><font></>,2,BlueprintGeneratedClass'/RoguelikeX/Asset/Blueprint/RougeTreasureActor/Lance_9190001_SkillActor1.Lance_9190001_SkillActor1_C',(),Stationary,8310942,1.3
9190403,91904,4,霸王枪,1.6,27,1,1,"(X=600.000000,Y=600.000000,Z=400.000000)",,MeleeAttack,BlueprintGeneratedClass'/RoguelikeX/Asset/Blueprint/Prefabs/Skills/NewRogueSkill/Axe_Skill_90900.Axe_Skill_90900_C',BlueprintGeneratedClass'/RoguelikeX/Asset/Blueprint/RougeTreasureActor/Lance_91900.Lance_91900_C',None,Texture2D'/RoguelikeX/Asset/Art/UI/RouglikeXUI/SkillIcon/Icon_601_Skill_FJ.Icon_601_Skill_FJ',<font src="/Game/UMG/Fonts/AgencyFB_Bold.AgencyFB_Bold" size="16" color="ffff00">【近战】【范围】</><br/><font src="/Game/UMG/Fonts/AgencyFB_Bold.AgencyFB_Bold" size="16" color="ffffff">挥舞霸王枪，冷却时间</><font src="/Game/UMG/Fonts/AgencyFB_Bold.AgencyFB_Bold" size="16" color="ffff00">1.6</><font src="/Game/UMG/Fonts/AgencyFB_Bold.AgencyFB_Bold" size="16" color="ffffff">秒</><br/><font src="/Game/UMG/Fonts/AgencyFB_Bold.AgencyFB_Bold" size="16" color="ffffff">造成</><font src="/Game/UMG/Fonts/AgencyFB_Bold.AgencyFB_Bold" size="16" color="ffff00">27</><font src="/Game/UMG/Fonts/AgencyFB_Bold.AgencyFB_Bold" size="16" color="ffffff">范围伤害</><font></><font></><font></><font></>,3,BlueprintGeneratedClass'/RoguelikeX/Asset/Blueprint/RougeTreasureActor/Lance_9190001_SkillActor1.Lance_9190001_SkillActor1_C',(),Stationary,8310943,1.6
9190404,91904,4,霸王枪,1.6,32,1,1,"(X=600.000000,Y=600.000000,Z=400.000000)",,MeleeAttack,BlueprintGeneratedClass'/RoguelikeX/Asset/Blueprint/Prefabs/Skills/NewRogueSkill/Axe_Skill_90900.Axe_Skill_90900_C',BlueprintGeneratedClass'/RoguelikeX/Asset/Blueprint/RougeTreasureActor/Lance_91900.Lance_91900_C',None,Texture2D'/RoguelikeX/Asset/Art/UI/RouglikeXUI/SkillIcon/Icon_601_Skill_FJ.Icon_601_Skill_FJ',<font src="/Game/UMG/Fonts/AgencyFB_Bold.AgencyFB_Bold" size="16" color="ffff00">【近战】【范围】</><br/><font src="/Game/UMG/Fonts/AgencyFB_Bold.AgencyFB_Bold" size="16" color="ffffff">挥舞霸王枪，冷却时间</><font src="/Game/UMG/Fonts/AgencyFB_Bold.AgencyFB_Bold" size="16" color="ffff00">1.6</><font src="/Game/UMG/Fonts/AgencyFB_Bold.AgencyFB_Bold" size="16" color="ffffff">秒</><br/><font src="/Game/UMG/Fonts/AgencyFB_Bold.AgencyFB_Bold" size="16" color="ffffff">造成</><font src="/Game/UMG/Fonts/AgencyFB_Bold.AgencyFB_Bold" size="16" color="ffff00">32</><font src="/Game/UMG/Fonts/AgencyFB_Bold.AgencyFB_Bold" size="16" color="ffffff">范围伤害</><font></><font></><font></><font></>,4,BlueprintGeneratedClass'/RoguelikeX/Asset/Blueprint/RougeTreasureActor/Lance_9190001_SkillActor1.Lance_9190001_SkillActor1_C',(),Stationary,8310944,2.05
9190405,91904,4,霸王枪,1.6,37,1,1,"(X=600.000000,Y=600.000000,Z=400.000000)",,MeleeAttack,BlueprintGeneratedClass'/RoguelikeX/Asset/Blueprint/Prefabs/Skills/NewRogueSkill/Axe_Skill_90900.Axe_Skill_90900_C',BlueprintGeneratedClass'/RoguelikeX/Asset/Blueprint/RougeTreasureActor/Lance_91900.Lance_91900_C',None,Texture2D'/RoguelikeX/Asset/Art/UI/RouglikeXUI/SkillIcon/Icon_601_Skill_FJ.Icon_601_Skill_FJ',<font src="/Game/UMG/Fonts/AgencyFB_Bold.AgencyFB_Bold" size="16" color="ffff00">【近战】【范围】</><br/><font src="/Game/UMG/Fonts/AgencyFB_Bold.AgencyFB_Bold" size="16" color="ffffff">挥舞霸王枪，冷却时间</><font src="/Game/UMG/Fonts/AgencyFB_Bold.AgencyFB_Bold" size="16" color="ffff00">1.6</><font src="/Game/UMG/Fonts/AgencyFB_Bold.AgencyFB_Bold" size="16" color="ffffff">秒</><br/><font src="/Game/UMG/Fonts/AgencyFB_Bold.AgencyFB_Bold" size="16" color="ffffff">造成</><font src="/Game/UMG/Fonts/AgencyFB_Bold.AgencyFB_Bold" size="16" color="ffff00">37</><font src="/Game/UMG/Fonts/AgencyFB_Bold.AgencyFB_Bold" size="16" color="ffffff">范围伤害</><font></><font></><font></><font></>,5,BlueprintGeneratedClass'/RoguelikeX/Asset/Blueprint/RougeTreasureActor/Lance_9190001_SkillActor1.Lance_9190001_SkillActor1_C',(),Stationary,8310945,2.5
9170501,91705,5,赤金刀,1.6,20,1,1,"(X=800.000000,Y=400.000000,Z=400.000000)",,MeleeAttack,BlueprintGeneratedClass'/RoguelikeX/Asset/Blueprint/Prefabs/Skills/NewRogueSkill/Knife_Skill_9020001.Knife_Skill_9020001_C',BlueprintGeneratedClass'/RoguelikeX/Asset/Blueprint/RougeTreasureActor/Knife_6020101.Knife_6020101_C',None,Texture2D'/RoguelikeX/Asset/Art/UI/RouglikeXUI/SkillIcon/Icon_601_Skill_FJ.Icon_601_Skill_FJ',<font src="/Game/UMG/Fonts/AgencyFB_Bold.AgencyFB_Bold" size="16" color="ffff00">【近战】【范围】</><br/><font src="/Game/UMG/Fonts/AgencyFB_Bold.AgencyFB_Bold" size="16" color="ffffff">挥舞赤金刀，冷却时间</><font src="/Game/UMG/Fonts/AgencyFB_Bold.AgencyFB_Bold" size="16" color="ffff00">1.6</><font src="/Game/UMG/Fonts/AgencyFB_Bold.AgencyFB_Bold" size="16" color="ffffff">秒</><br/><font src="/Game/UMG/Fonts/AgencyFB_Bold.AgencyFB_Bold" size="16" color="ffffff">造成</><font src="/Game/UMG/Fonts/AgencyFB_Bold.AgencyFB_Bold" size="16" color="ffff00">20</><font src="/Game/UMG/Fonts/AgencyFB_Bold.AgencyFB_Bold" size="16" color="ffffff">范围伤害</><font></><font></><font></><font></>,1,BlueprintGeneratedClass'/RoguelikeX/Asset/Blueprint/RougeTreasureActor/Knife_9170001_SkillActor2.Knife_9170001_SkillActor2_C',(),Stationary,8310276,1
9170502,91705,5,赤金刀,1.6,22,1,1,"(X=800.000000,Y=400.000000,Z=400.000000)",,MeleeAttack,BlueprintGeneratedClass'/RoguelikeX/Asset/Blueprint/Prefabs/Skills/NewRogueSkill/Knife_Skill_9020001.Knife_Skill_9020001_C',BlueprintGeneratedClass'/RoguelikeX/Asset/Blueprint/RougeTreasureActor/Knife_6020101.Knife_6020101_C',None,Texture2D'/RoguelikeX/Asset/Art/UI/RouglikeXUI/SkillIcon/Icon_601_Skill_FJ.Icon_601_Skill_FJ',<font src="/Game/UMG/Fonts/AgencyFB_Bold.AgencyFB_Bold" size="16" color="ffff00">【近战】【范围】</><br/><font src="/Game/UMG/Fonts/AgencyFB_Bold.AgencyFB_Bold" size="16" color="ffffff">挥舞赤金刀，冷却时间</><font src="/Game/UMG/Fonts/AgencyFB_Bold.AgencyFB_Bold" size="16" color="ffff00">1.6</><font src="/Game/UMG/Fonts/AgencyFB_Bold.AgencyFB_Bold" size="16" color="ffffff">秒</><br/><font src="/Game/UMG/Fonts/AgencyFB_Bold.AgencyFB_Bold" size="16" color="ffffff">造成</><font src="/Game/UMG/Fonts/AgencyFB_Bold.AgencyFB_Bold" size="16" color="ffff00">22</><font src="/Game/UMG/Fonts/AgencyFB_Bold.AgencyFB_Bold" size="16" color="ffffff">范围伤害</><font></><font></><font></><font></>,2,BlueprintGeneratedClass'/RoguelikeX/Asset/Blueprint/RougeTreasureActor/Knife_9170001_SkillActor2.Knife_9170001_SkillActor2_C',(),Stationary,8310914,1.2
9170503,91705,5,赤金刀,1.6,27,1,1,"(X=800.000000,Y=400.000000,Z=400.000000)",,MeleeAttack,BlueprintGeneratedClass'/RoguelikeX/Asset/Blueprint/Prefabs/Skills/NewRogueSkill/Knife_Skill_9020001.Knife_Skill_9020001_C',BlueprintGeneratedClass'/RoguelikeX/Asset/Blueprint/RougeTreasureActor/Knife_6020101.Knife_6020101_C',None,Texture2D'/RoguelikeX/Asset/Art/UI/RouglikeXUI/SkillIcon/Icon_601_Skill_FJ.Icon_601_Skill_FJ',<font src="/Game/UMG/Fonts/AgencyFB_Bold.AgencyFB_Bold" size="16" color="ffff00">【近战】【范围】</><br/><font src="/Game/UMG/Fonts/AgencyFB_Bold.AgencyFB_Bold" size="16" color="ffffff">挥舞赤金刀，冷却时间</><font src="/Game/UMG/Fonts/AgencyFB_Bold.AgencyFB_Bold" size="16" color="ffff00">1.6</><font src="/Game/UMG/Fonts/AgencyFB_Bold.AgencyFB_Bold" size="16" color="ffffff">秒</><br/><font src="/Game/UMG/Fonts/AgencyFB_Bold.AgencyFB_Bold" size="16" color="ffffff">造成</><font src="/Game/UMG/Fonts/AgencyFB_Bold.AgencyFB_Bold" size="16" color="ffff00">27</><font src="/Game/UMG/Fonts/AgencyFB_Bold.AgencyFB_Bold" size="16" color="ffffff">范围伤害</><font></><font></><font></><font></>,3,BlueprintGeneratedClass'/RoguelikeX/Asset/Blueprint/RougeTreasureActor/Knife_9170001_SkillActor2.Knife_9170001_SkillActor2_C',(),Stationary,8310915,1.4
9170504,91705,5,赤金刀,1.6,32,1,1,"(X=800.000000,Y=400.000000,Z=400.000000)",,MeleeAttack,BlueprintGeneratedClass'/RoguelikeX/Asset/Blueprint/Prefabs/Skills/NewRogueSkill/Knife_Skill_9020001.Knife_Skill_9020001_C',BlueprintGeneratedClass'/RoguelikeX/Asset/Blueprint/RougeTreasureActor/Knife_6020101.Knife_6020101_C',None,Texture2D'/RoguelikeX/Asset/Art/UI/RouglikeXUI/SkillIcon/Icon_601_Skill_FJ.Icon_601_Skill_FJ',<font src="/Game/UMG/Fonts/AgencyFB_Bold.AgencyFB_Bold" size="16" color="ffff00">【近战】【范围】</><br/><font src="/Game/UMG/Fonts/AgencyFB_Bold.AgencyFB_Bold" size="16" color="ffffff">挥舞赤金刀，冷却时间</><font src="/Game/UMG/Fonts/AgencyFB_Bold.AgencyFB_Bold" size="16" color="ffff00">1.6</><font src="/Game/UMG/Fonts/AgencyFB_Bold.AgencyFB_Bold" size="16" color="ffffff">秒</><br/><font src="/Game/UMG/Fonts/AgencyFB_Bold.AgencyFB_Bold" size="16" color="ffffff">造成</><font src="/Game/UMG/Fonts/AgencyFB_Bold.AgencyFB_Bold" size="16" color="ffff00">32</><font src="/Game/UMG/Fonts/AgencyFB_Bold.AgencyFB_Bold" size="16" color="ffffff">范围伤害</><font></><font></><font></><font></>,4,BlueprintGeneratedClass'/RoguelikeX/Asset/Blueprint/RougeTreasureActor/Knife_9170001_SkillActor2.Knife_9170001_SkillActor2_C',(),Stationary,8310916,1.7
9170505,91705,5,赤金刀,1.6,37,1,1,"(X=800.000000,Y=400.000000,Z=400.000000)",,MeleeAttack,BlueprintGeneratedClass'/RoguelikeX/Asset/Blueprint/Prefabs/Skills/NewRogueSkill/Knife_Skill_9020001.Knife_Skill_9020001_C',BlueprintGeneratedClass'/RoguelikeX/Asset/Blueprint/RougeTreasureActor/Knife_6020101.Knife_6020101_C',None,Texture2D'/RoguelikeX/Asset/Art/UI/RouglikeXUI/SkillIcon/Icon_601_Skill_FJ.Icon_601_Skill_FJ',<font src="/Game/UMG/Fonts/AgencyFB_Bold.AgencyFB_Bold" size="16" color="ffff00">【近战】【范围】</><br/><font src="/Game/UMG/Fonts/AgencyFB_Bold.AgencyFB_Bold" size="16" color="ffffff">挥舞赤金刀，冷却时间</><font src="/Game/UMG/Fonts/AgencyFB_Bold.AgencyFB_Bold" size="16" color="ffff00">1.6</><font src="/Game/UMG/Fonts/AgencyFB_Bold.AgencyFB_Bold" size="16" color="ffffff">秒</><br/><font src="/Game/UMG/Fonts/AgencyFB_Bold.AgencyFB_Bold" size="16" color="ffffff">造成</><font src="/Game/UMG/Fonts/AgencyFB_Bold.AgencyFB_Bold" size="16" color="ffff00">37</><font src="/Game/UMG/Fonts/AgencyFB_Bold.AgencyFB_Bold" size="16" color="ffffff">范围伤害</><font></><font></><font></><font></>,5,BlueprintGeneratedClass'/RoguelikeX/Asset/Blueprint/RougeTreasureActor/Knife_9170001_SkillActor2.Knife_9170001_SkillActor2_C',(),Stationary,8310917,2
9150501,91505,5,昊天锤,1.6,26,1,1,"(X=800.000000,Y=800.000000,Z=400.000000)",,MeleeAttack,BlueprintGeneratedClass'/RoguelikeX/Asset/Blueprint/Prefabs/Skills/NewRogueSkill/Axe_Skill_90900.Axe_Skill_90900_C',BlueprintGeneratedClass'/RoguelikeX/Asset/Blueprint/RougeTreasureActor/Hammer_91500.Hammer_91500_C',None,Texture2D'/RoguelikeX/Asset/Art/UI/RouglikeXUI/SkillIcon/Icon_601_Skill_FJ.Icon_601_Skill_FJ',<font src="/Game/UMG/Fonts/AgencyFB_Bold.AgencyFB_Bold" size="16" color="ffff00">【近战】【范围】</><br/><font src="/Game/UMG/Fonts/AgencyFB_Bold.AgencyFB_Bold" size="16" color="ffffff">挥舞昊天锤，冷却时间</><font src="/Game/UMG/Fonts/AgencyFB_Bold.AgencyFB_Bold" size="16" color="ffff00">1.6</><font src="/Game/UMG/Fonts/AgencyFB_Bold.AgencyFB_Bold" size="16" color="ffffff">秒</><br/><font src="/Game/UMG/Fonts/AgencyFB_Bold.AgencyFB_Bold" size="16" color="ffffff">造成</><font src="/Game/UMG/Fonts/AgencyFB_Bold.AgencyFB_Bold" size="16" color="ffff00">26</><font src="/Game/UMG/Fonts/AgencyFB_Bold.AgencyFB_Bold" size="16" color="ffffff">范围伤害</><font></><font></><font></><font></>,1,BlueprintGeneratedClass'/RoguelikeX/Asset/Blueprint/RougeTreasureActor/Hammer_9150001_SkillActor2.Hammer_9150001_SkillActor2_C',(),Stationary,8310714,1
9150502,91505,5,昊天锤,1.6,29,1,1,"(X=800.000000,Y=800.000000,Z=400.000000)",,MeleeAttack,BlueprintGeneratedClass'/RoguelikeX/Asset/Blueprint/Prefabs/Skills/NewRogueSkill/Axe_Skill_90900.Axe_Skill_90900_C',BlueprintGeneratedClass'/RoguelikeX/Asset/Blueprint/RougeTreasureActor/Hammer_91500.Hammer_91500_C',None,Texture2D'/RoguelikeX/Asset/Art/UI/RouglikeXUI/SkillIcon/Icon_601_Skill_FJ.Icon_601_Skill_FJ',<font src="/Game/UMG/Fonts/AgencyFB_Bold.AgencyFB_Bold" size="16" color="ffff00">【近战】【范围】</><br/><font src="/Game/UMG/Fonts/AgencyFB_Bold.AgencyFB_Bold" size="16" color="ffffff">挥舞昊天锤，冷却时间</><font src="/Game/UMG/Fonts/AgencyFB_Bold.AgencyFB_Bold" size="16" color="ffff00">1.6</><font src="/Game/UMG/Fonts/AgencyFB_Bold.AgencyFB_Bold" size="16" color="ffffff">秒</><br/><font src="/Game/UMG/Fonts/AgencyFB_Bold.AgencyFB_Bold" size="16" color="ffffff">造成</><font src="/Game/UMG/Fonts/AgencyFB_Bold.AgencyFB_Bold" size="16" color="ffff00">29</><font src="/Game/UMG/Fonts/AgencyFB_Bold.AgencyFB_Bold" size="16" color="ffffff">范围伤害</><font></><font></><font></><font></>,2,BlueprintGeneratedClass'/RoguelikeX/Asset/Blueprint/RougeTreasureActor/Hammer_9150001_SkillActor2.Hammer_9150001_SkillActor2_C',(),Stationary,8310934,1.3
9150503,91505,5,昊天锤,1.6,35,1,1,"(X=800.000000,Y=800.000000,Z=400.000000)",,MeleeAttack,BlueprintGeneratedClass'/RoguelikeX/Asset/Blueprint/Prefabs/Skills/NewRogueSkill/Axe_Skill_90900.Axe_Skill_90900_C',BlueprintGeneratedClass'/RoguelikeX/Asset/Blueprint/RougeTreasureActor/Hammer_91500.Hammer_91500_C',None,Texture2D'/RoguelikeX/Asset/Art/UI/RouglikeXUI/SkillIcon/Icon_601_Skill_FJ.Icon_601_Skill_FJ',<font src="/Game/UMG/Fonts/AgencyFB_Bold.AgencyFB_Bold" size="16" color="ffff00">【近战】【范围】</><br/><font src="/Game/UMG/Fonts/AgencyFB_Bold.AgencyFB_Bold" size="16" color="ffffff">挥舞昊天锤，冷却时间</><font src="/Game/UMG/Fonts/AgencyFB_Bold.AgencyFB_Bold" size="16" color="ffff00">1.6</><font src="/Game/UMG/Fonts/AgencyFB_Bold.AgencyFB_Bold" size="16" color="ffffff">秒</><br/><font src="/Game/UMG/Fonts/AgencyFB_Bold.AgencyFB_Bold" size="16" color="ffffff">造成</><font src="/Game/UMG/Fonts/AgencyFB_Bold.AgencyFB_Bold" size="16" color="ffff00">35</><font src="/Game/UMG/Fonts/AgencyFB_Bold.AgencyFB_Bold" size="16" color="ffffff">范围伤害</><font></><font></><font></><font></>,3,BlueprintGeneratedClass'/RoguelikeX/Asset/Blueprint/RougeTreasureActor/Hammer_9150001_SkillActor2.Hammer_9150001_SkillActor2_C',(),Stationary,8310935,1.6
9150504,91505,5,昊天锤,1.6,42,1,1,"(X=800.000000,Y=800.000000,Z=400.000000)",,MeleeAttack,BlueprintGeneratedClass'/RoguelikeX/Asset/Blueprint/Prefabs/Skills/NewRogueSkill/Axe_Skill_90900.Axe_Skill_90900_C',BlueprintGeneratedClass'/RoguelikeX/Asset/Blueprint/RougeTreasureActor/Hammer_91500.Hammer_91500_C',None,Texture2D'/RoguelikeX/Asset/Art/UI/RouglikeXUI/SkillIcon/Icon_601_Skill_FJ.Icon_601_Skill_FJ',<font src="/Game/UMG/Fonts/AgencyFB_Bold.AgencyFB_Bold" size="16" color="ffff00">【近战】【范围】</><br/><font src="/Game/UMG/Fonts/AgencyFB_Bold.AgencyFB_Bold" size="16" color="ffffff">挥舞昊天锤，冷却时间</><font src="/Game/UMG/Fonts/AgencyFB_Bold.AgencyFB_Bold" size="16" color="ffff00">1.6</><font src="/Game/UMG/Fonts/AgencyFB_Bold.AgencyFB_Bold" size="16" color="ffffff">秒</><br/><font src="/Game/UMG/Fonts/AgencyFB_Bold.AgencyFB_Bold" size="16" color="ffffff">造成</><font src="/Game/UMG/Fonts/AgencyFB_Bold.AgencyFB_Bold" size="16" color="ffff00">42</><font src="/Game/UMG/Fonts/AgencyFB_Bold.AgencyFB_Bold" size="16" color="ffffff">范围伤害</><font></><font></><font></><font></>,4,BlueprintGeneratedClass'/RoguelikeX/Asset/Blueprint/RougeTreasureActor/Hammer_9150001_SkillActor2.Hammer_9150001_SkillActor2_C',(),Stationary,8310936,2.05
9150505,91505,5,昊天锤,1.6,48,1,1,"(X=800.000000,Y=800.000000,Z=400.000000)",,MeleeAttack,BlueprintGeneratedClass'/RoguelikeX/Asset/Blueprint/Prefabs/Skills/NewRogueSkill/Axe_Skill_90900.Axe_Skill_90900_C',BlueprintGeneratedClass'/RoguelikeX/Asset/Blueprint/RougeTreasureActor/Hammer_91500.Hammer_91500_C',None,Texture2D'/RoguelikeX/Asset/Art/UI/RouglikeXUI/SkillIcon/Icon_601_Skill_FJ.Icon_601_Skill_FJ',<font src="/Game/UMG/Fonts/AgencyFB_Bold.AgencyFB_Bold" size="16" color="ffff00">【近战】【范围】</><br/><font src="/Game/UMG/Fonts/AgencyFB_Bold.AgencyFB_Bold" size="16" color="ffffff">挥舞昊天锤，冷却时间</><font src="/Game/UMG/Fonts/AgencyFB_Bold.AgencyFB_Bold" size="16" color="ffff00">1.6</><font src="/Game/UMG/Fonts/AgencyFB_Bold.AgencyFB_Bold" size="16" color="ffffff">秒</><br/><font src="/Game/UMG/Fonts/AgencyFB_Bold.AgencyFB_Bold" size="16" color="ffffff">造成</><font src="/Game/UMG/Fonts/AgencyFB_Bold.AgencyFB_Bold" size="16" color="ffff00">48</><font src="/Game/UMG/Fonts/AgencyFB_Bold.AgencyFB_Bold" size="16" color="ffffff">范围伤害</><font></><font></><font></><font></>,5,BlueprintGeneratedClass'/RoguelikeX/Asset/Blueprint/RougeTreasureActor/Hammer_9150001_SkillActor2.Hammer_9150001_SkillActor2_C',(),Stationary,8310937,2.5
9090501,90905,5,开山斧,1.6,26,1,1,"(X=1200.000000,Y=800.000000,Z=400.000000)",,MeleeAttack,BlueprintGeneratedClass'/RoguelikeX/Asset/Blueprint/Prefabs/Skills/NewRogueSkill/Axe_Skill_90900.Axe_Skill_90900_C',BlueprintGeneratedClass'/RoguelikeX/Asset/Blueprint/RougeTreasureActor/Axe_909001.Axe_909001_C',None,Texture2D'/RoguelikeX/Asset/Art/UI/RouglikeXUI/SkillIcon/Icon_601_Skill_FJ.Icon_601_Skill_FJ',<font src="/Game/UMG/Fonts/AgencyFB_Bold.AgencyFB_Bold" size="16" color="ffff00">【近战】【范围】</><br/><font src="/Game/UMG/Fonts/AgencyFB_Bold.AgencyFB_Bold" size="16" color="ffffff">挥舞开山斧，冷却时间</><font src="/Game/UMG/Fonts/AgencyFB_Bold.AgencyFB_Bold" size="16" color="ffff00">1.6</><font src="/Game/UMG/Fonts/AgencyFB_Bold.AgencyFB_Bold" size="16" color="ffffff">秒</><br/><font src="/Game/UMG/Fonts/AgencyFB_Bold.AgencyFB_Bold" size="16" color="ffffff">造成</><font src="/Game/UMG/Fonts/AgencyFB_Bold.AgencyFB_Bold" size="16" color="ffff00">26</><font src="/Game/UMG/Fonts/AgencyFB_Bold.AgencyFB_Bold" size="16" color="ffffff">范围伤害</><font></><font></><font></><font></>,1,BlueprintGeneratedClass'/RoguelikeX/Asset/Blueprint/RougeTreasureActor/Axe_9090001_SkillActor.Axe_9090001_SkillActor_C',(),Stationary,8310292,1
9090502,90905,5,开山斧,1.6,29,1,1,"(X=1200.000000,Y=800.000000,Z=400.000000)",,MeleeAttack,BlueprintGeneratedClass'/RoguelikeX/Asset/Blueprint/Prefabs/Skills/NewRogueSkill/Axe_Skill_90900.Axe_Skill_90900_C',BlueprintGeneratedClass'/RoguelikeX/Asset/Blueprint/RougeTreasureActor/Axe_909001.Axe_909001_C',None,Texture2D'/RoguelikeX/Asset/Art/UI/RouglikeXUI/SkillIcon/Icon_601_Skill_FJ.Icon_601_Skill_FJ',<font src="/Game/UMG/Fonts/AgencyFB_Bold.AgencyFB_Bold" size="16" color="ffff00">【近战】【范围】</><br/><font src="/Game/UMG/Fonts/AgencyFB_Bold.AgencyFB_Bold" size="16" color="ffffff">挥舞开山斧，冷却时间</><font src="/Game/UMG/Fonts/AgencyFB_Bold.AgencyFB_Bold" size="16" color="ffff00">1.6</><font src="/Game/UMG/Fonts/AgencyFB_Bold.AgencyFB_Bold" size="16" color="ffffff">秒</><br/><font src="/Game/UMG/Fonts/AgencyFB_Bold.AgencyFB_Bold" size="16" color="ffffff">造成</><font src="/Game/UMG/Fonts/AgencyFB_Bold.AgencyFB_Bold" size="16" color="ffff00">29</><font src="/Game/UMG/Fonts/AgencyFB_Bold.AgencyFB_Bold" size="16" color="ffffff">范围伤害</><font></><font></><font></><font></>,2,BlueprintGeneratedClass'/RoguelikeX/Asset/Blueprint/RougeTreasureActor/Axe_9090001_SkillActor.Axe_9090001_SkillActor_C',(),Stationary,8310910,1.3
9090503,90905,5,开山斧,1.6,35,1,1,"(X=1200.000000,Y=800.000000,Z=400.000000)",,MeleeAttack,BlueprintGeneratedClass'/RoguelikeX/Asset/Blueprint/Prefabs/Skills/NewRogueSkill/Axe_Skill_90900.Axe_Skill_90900_C',BlueprintGeneratedClass'/RoguelikeX/Asset/Blueprint/RougeTreasureActor/Axe_909001.Axe_909001_C',None,Texture2D'/RoguelikeX/Asset/Art/UI/RouglikeXUI/SkillIcon/Icon_601_Skill_FJ.Icon_601_Skill_FJ',<font src="/Game/UMG/Fonts/AgencyFB_Bold.AgencyFB_Bold" size="16" color="ffff00">【近战】【范围】</><br/><font src="/Game/UMG/Fonts/AgencyFB_Bold.AgencyFB_Bold" size="16" color="ffffff">挥舞开山斧，冷却时间</><font src="/Game/UMG/Fonts/AgencyFB_Bold.AgencyFB_Bold" size="16" color="ffff00">1.6</><font src="/Game/UMG/Fonts/AgencyFB_Bold.AgencyFB_Bold" size="16" color="ffffff">秒</><br/><font src="/Game/UMG/Fonts/AgencyFB_Bold.AgencyFB_Bold" size="16" color="ffffff">造成</><font src="/Game/UMG/Fonts/AgencyFB_Bold.AgencyFB_Bold" size="16" color="ffff00">35</><font src="/Game/UMG/Fonts/AgencyFB_Bold.AgencyFB_Bold" size="16" color="ffffff">范围伤害</><font></><font></><font></><font></>,3,BlueprintGeneratedClass'/RoguelikeX/Asset/Blueprint/RougeTreasureActor/Axe_9090001_SkillActor.Axe_9090001_SkillActor_C',(),Stationary,8310911,1.6
9090504,90905,5,开山斧,1.6,42,1,1,"(X=1200.000000,Y=800.000000,Z=400.000000)",,MeleeAttack,BlueprintGeneratedClass'/RoguelikeX/Asset/Blueprint/Prefabs/Skills/NewRogueSkill/Axe_Skill_90900.Axe_Skill_90900_C',BlueprintGeneratedClass'/RoguelikeX/Asset/Blueprint/RougeTreasureActor/Axe_909001.Axe_909001_C',None,Texture2D'/RoguelikeX/Asset/Art/UI/RouglikeXUI/SkillIcon/Icon_601_Skill_FJ.Icon_601_Skill_FJ',<font src="/Game/UMG/Fonts/AgencyFB_Bold.AgencyFB_Bold" size="16" color="ffff00">【近战】【范围】</><br/><font src="/Game/UMG/Fonts/AgencyFB_Bold.AgencyFB_Bold" size="16" color="ffffff">挥舞开山斧，冷却时间</><font src="/Game/UMG/Fonts/AgencyFB_Bold.AgencyFB_Bold" size="16" color="ffff00">1.6</><font src="/Game/UMG/Fonts/AgencyFB_Bold.AgencyFB_Bold" size="16" color="ffffff">秒</><br/><font src="/Game/UMG/Fonts/AgencyFB_Bold.AgencyFB_Bold" size="16" color="ffffff">造成</><font src="/Game/UMG/Fonts/AgencyFB_Bold.AgencyFB_Bold" size="16" color="ffff00">42</><font src="/Game/UMG/Fonts/AgencyFB_Bold.AgencyFB_Bold" size="16" color="ffffff">范围伤害</><font></><font></><font></><font></>,4,BlueprintGeneratedClass'/RoguelikeX/Asset/Blueprint/RougeTreasureActor/Axe_9090001_SkillActor.Axe_9090001_SkillActor_C',(),Stationary,8310912,2.05
9090505,90905,5,开山斧,1.6,48,1,1,"(X=1200.000000,Y=800.000000,Z=400.000000)",,MeleeAttack,BlueprintGeneratedClass'/RoguelikeX/Asset/Blueprint/Prefabs/Skills/NewRogueSkill/Axe_Skill_90900.Axe_Skill_90900_C',BlueprintGeneratedClass'/RoguelikeX/Asset/Blueprint/RougeTreasureActor/Axe_909001.Axe_909001_C',None,Texture2D'/RoguelikeX/Asset/Art/UI/RouglikeXUI/SkillIcon/Icon_601_Skill_FJ.Icon_601_Skill_FJ',<font src="/Game/UMG/Fonts/AgencyFB_Bold.AgencyFB_Bold" size="16" color="ffff00">【近战】【范围】</><br/><font src="/Game/UMG/Fonts/AgencyFB_Bold.AgencyFB_Bold" size="16" color="ffffff">挥舞开山斧，冷却时间</><font src="/Game/UMG/Fonts/AgencyFB_Bold.AgencyFB_Bold" size="16" color="ffff00">1.6</><font src="/Game/UMG/Fonts/AgencyFB_Bold.AgencyFB_Bold" size="16" color="ffffff">秒</><br/><font src="/Game/UMG/Fonts/AgencyFB_Bold.AgencyFB_Bold" size="16" color="ffffff">造成</><font src="/Game/UMG/Fonts/AgencyFB_Bold.AgencyFB_Bold" size="16" color="ffff00">48</><font src="/Game/UMG/Fonts/AgencyFB_Bold.AgencyFB_Bold" size="16" color="ffffff">范围伤害</><font></><font></><font></><font></>,5,BlueprintGeneratedClass'/RoguelikeX/Asset/Blueprint/RougeTreasureActor/Axe_9090001_SkillActor.Axe_9090001_SkillActor_C',(),Stationary,8310913,2.5
9100201,91002,2,S686,2.5,9,3,1,"(X=50.000000,Y=50.000000,Z=50.000000)",((TagName="UGC.DamageNumber.Pierce")),SpawnProjectile_Fan,BlueprintGeneratedClass'/RoguelikeX/Asset/Blueprint/Prefabs/Skills/NewRogueSkill/Gun_Skill_9100001.Gun_Skill_9100001_C',BlueprintGeneratedClass'/RoguelikeX/Asset/Blueprint/RougeTreasureActor/S686_91001.S686_91001_C',BlueprintGeneratedClass'/RoguelikeX/Asset/Blueprint/Prefabs/Projectiles/NewRogueProj/S686_Proj_9100001.S686_Proj_9100001_C',Texture2D'/RoguelikeX/Asset/Art/UI/RouglikeXUI/SkillIcon/Icon_601_Skill_FJ.Icon_601_Skill_FJ',<font src="/Game/UMG/Fonts/AgencyFB_Bold.AgencyFB_Bold" size="16" color="ffff00">【近战】【穿透】</><br/><font src="/Game/UMG/Fonts/AgencyFB_Bold.AgencyFB_Bold" size="16" color="ffffff">扇形范围发射</><font src="/Game/UMG/Fonts/AgencyFB_Bold.AgencyFB_Bold" size="16" color="ffff00">3</><font src="/Game/UMG/Fonts/AgencyFB_Bold.AgencyFB_Bold" size="16" color="ffffff">发子弹，冷却时间</><font src="/Game/UMG/Fonts/AgencyFB_Bold.AgencyFB_Bold" size="16" color="ffff00">2.5</><font src="/Game/UMG/Fonts/AgencyFB_Bold.AgencyFB_Bold" size="16" color="ffffff">秒</><br/><font src="/Game/UMG/Fonts/AgencyFB_Bold.AgencyFB_Bold" size="16" color="ffffff">每发造成</><font src="/Game/UMG/Fonts/AgencyFB_Bold.AgencyFB_Bold" size="16" color="ffff00">9</><font src="/Game/UMG/Fonts/AgencyFB_Bold.AgencyFB_Bold" size="16" color="ffffff">伤害</><font></><font></>,1,None,"((""SkillProjSpeed"", 4250.000000),(""SkillProjPenetrateCount"", 999.000000),(""SkillFanAngle"", 60.000000))",Critical,8310150,1
9100202,91002,2,S686,2.5,11,3,1,"(X=50.000000,Y=50.000000,Z=50.000000)",((TagName="UGC.DamageNumber.Pierce")),SpawnProjectile_Fan,BlueprintGeneratedClass'/RoguelikeX/Asset/Blueprint/Prefabs/Skills/NewRogueSkill/Gun_Skill_9100001.Gun_Skill_9100001_C',BlueprintGeneratedClass'/RoguelikeX/Asset/Blueprint/RougeTreasureActor/S686_91001.S686_91001_C',BlueprintGeneratedClass'/RoguelikeX/Asset/Blueprint/Prefabs/Projectiles/NewRogueProj/S686_Proj_9100001.S686_Proj_9100001_C',Texture2D'/RoguelikeX/Asset/Art/UI/RouglikeXUI/SkillIcon/Icon_601_Skill_FJ.Icon_601_Skill_FJ',<font src="/Game/UMG/Fonts/AgencyFB_Bold.AgencyFB_Bold" size="16" color="ffff00">【近战】【穿透】</><br/><font src="/Game/UMG/Fonts/AgencyFB_Bold.AgencyFB_Bold" size="16" color="ffffff">扇形范围发射</><font src="/Game/UMG/Fonts/AgencyFB_Bold.AgencyFB_Bold" size="16" color="ffff00">3</><font src="/Game/UMG/Fonts/AgencyFB_Bold.AgencyFB_Bold" size="16" color="ffffff">发子弹，冷却时间</><font src="/Game/UMG/Fonts/AgencyFB_Bold.AgencyFB_Bold" size="16" color="ffff00">2.5</><font src="/Game/UMG/Fonts/AgencyFB_Bold.AgencyFB_Bold" size="16" color="ffffff">秒</><br/><font src="/Game/UMG/Fonts/AgencyFB_Bold.AgencyFB_Bold" size="16" color="ffffff">每发造成</><font src="/Game/UMG/Fonts/AgencyFB_Bold.AgencyFB_Bold" size="16" color="ffff00">11</><font src="/Game/UMG/Fonts/AgencyFB_Bold.AgencyFB_Bold" size="16" color="ffffff">伤害</><font></><font></>,2,None,"((""SkillProjSpeed"", 4250.000000),(""SkillProjPenetrateCount"", 999.000000),(""SkillFanAngle"", 60.000000))",Critical,8310063,1
9100203,91002,2,S686,2.5,14,5,1,"(X=50.000000,Y=50.000000,Z=50.000000)",((TagName="UGC.DamageNumber.Pierce")),SpawnProjectile_Fan,BlueprintGeneratedClass'/RoguelikeX/Asset/Blueprint/Prefabs/Skills/NewRogueSkill/Gun_Skill_9100001.Gun_Skill_9100001_C',BlueprintGeneratedClass'/RoguelikeX/Asset/Blueprint/RougeTreasureActor/S686_91001.S686_91001_C',BlueprintGeneratedClass'/RoguelikeX/Asset/Blueprint/Prefabs/Projectiles/NewRogueProj/S686_Proj_9100001.S686_Proj_9100001_C',Texture2D'/RoguelikeX/Asset/Art/UI/RouglikeXUI/SkillIcon/Icon_601_Skill_FJ.Icon_601_Skill_FJ',<font src="/Game/UMG/Fonts/AgencyFB_Bold.AgencyFB_Bold" size="16" color="ffff00">【近战】【穿透】</><br/><font src="/Game/UMG/Fonts/AgencyFB_Bold.AgencyFB_Bold" size="16" color="ffffff">扇形范围发射</><font src="/Game/UMG/Fonts/AgencyFB_Bold.AgencyFB_Bold" size="16" color="ffff00">5</><font src="/Game/UMG/Fonts/AgencyFB_Bold.AgencyFB_Bold" size="16" color="ffffff">发子弹，冷却时间</><font src="/Game/UMG/Fonts/AgencyFB_Bold.AgencyFB_Bold" size="16" color="ffff00">2.5</><font src="/Game/UMG/Fonts/AgencyFB_Bold.AgencyFB_Bold" size="16" color="ffffff">秒</><br/><font src="/Game/UMG/Fonts/AgencyFB_Bold.AgencyFB_Bold" size="16" color="ffffff">每发造成</><font src="/Game/UMG/Fonts/AgencyFB_Bold.AgencyFB_Bold" size="16" color="ffff00">14</><font src="/Game/UMG/Fonts/AgencyFB_Bold.AgencyFB_Bold" size="16" color="ffffff">伤害</><font></><font></>,3,None,"((""SkillProjSpeed"", 4250.000000),(""SkillProjPenetrateCount"", 999.000000),(""SkillFanAngle"", 90.000000))",Critical,8310064,1
9100204,91002,2,S686,2.5,16,5,1,"(X=50.000000,Y=50.000000,Z=50.000000)",((TagName="UGC.DamageNumber.Pierce")),SpawnProjectile_Fan,BlueprintGeneratedClass'/RoguelikeX/Asset/Blueprint/Prefabs/Skills/NewRogueSkill/Gun_Skill_9100001.Gun_Skill_9100001_C',BlueprintGeneratedClass'/RoguelikeX/Asset/Blueprint/RougeTreasureActor/S686_91001.S686_91001_C',BlueprintGeneratedClass'/RoguelikeX/Asset/Blueprint/Prefabs/Projectiles/NewRogueProj/S686_Proj_9100001.S686_Proj_9100001_C',Texture2D'/RoguelikeX/Asset/Art/UI/RouglikeXUI/SkillIcon/Icon_601_Skill_FJ.Icon_601_Skill_FJ',<font src="/Game/UMG/Fonts/AgencyFB_Bold.AgencyFB_Bold" size="16" color="ffff00">【近战】【穿透】</><br/><font src="/Game/UMG/Fonts/AgencyFB_Bold.AgencyFB_Bold" size="16" color="ffffff">扇形范围发射</><font src="/Game/UMG/Fonts/AgencyFB_Bold.AgencyFB_Bold" size="16" color="ffff00">5</><font src="/Game/UMG/Fonts/AgencyFB_Bold.AgencyFB_Bold" size="16" color="ffffff">发子弹，冷却时间</><font src="/Game/UMG/Fonts/AgencyFB_Bold.AgencyFB_Bold" size="16" color="ffff00">2.5</><font src="/Game/UMG/Fonts/AgencyFB_Bold.AgencyFB_Bold" size="16" color="ffffff">秒</><br/><font src="/Game/UMG/Fonts/AgencyFB_Bold.AgencyFB_Bold" size="16" color="ffffff">每发造成</><font src="/Game/UMG/Fonts/AgencyFB_Bold.AgencyFB_Bold" size="16" color="ffff00">16</><font src="/Game/UMG/Fonts/AgencyFB_Bold.AgencyFB_Bold" size="16" color="ffffff">伤害</><font></><font></>,4,None,"((""SkillProjSpeed"", 4500.000000),(""SkillProjPenetrateCount"", 999.000000),(""SkillFanAngle"", 90.000000))",Critical,8310065,1
9100205,91002,2,S686,2.5,19,7,1,"(X=50.000000,Y=50.000000,Z=50.000000)",((TagName="UGC.DamageNumber.Pierce")),SpawnProjectile_Fan,BlueprintGeneratedClass'/RoguelikeX/Asset/Blueprint/Prefabs/Skills/NewRogueSkill/Gun_Skill_9100001.Gun_Skill_9100001_C',BlueprintGeneratedClass'/RoguelikeX/Asset/Blueprint/RougeTreasureActor/S686_91001.S686_91001_C',BlueprintGeneratedClass'/RoguelikeX/Asset/Blueprint/Prefabs/Projectiles/NewRogueProj/S686_Proj_9100001.S686_Proj_9100001_C',Texture2D'/RoguelikeX/Asset/Art/UI/RouglikeXUI/SkillIcon/Icon_601_Skill_FJ.Icon_601_Skill_FJ',<font src="/Game/UMG/Fonts/AgencyFB_Bold.AgencyFB_Bold" size="16" color="ffff00">【近战】【穿透】</><br/><font src="/Game/UMG/Fonts/AgencyFB_Bold.AgencyFB_Bold" size="16" color="ffffff">扇形范围发射</><font src="/Game/UMG/Fonts/AgencyFB_Bold.AgencyFB_Bold" size="16" color="ffff00">7</><font src="/Game/UMG/Fonts/AgencyFB_Bold.AgencyFB_Bold" size="16" color="ffffff">发子弹，冷却时间</><font src="/Game/UMG/Fonts/AgencyFB_Bold.AgencyFB_Bold" size="16" color="ffff00">2.5</><font src="/Game/UMG/Fonts/AgencyFB_Bold.AgencyFB_Bold" size="16" color="ffffff">秒</><br/><font src="/Game/UMG/Fonts/AgencyFB_Bold.AgencyFB_Bold" size="16" color="ffffff">每发造成</><font src="/Game/UMG/Fonts/AgencyFB_Bold.AgencyFB_Bold" size="16" color="ffff00">19</><font src="/Game/UMG/Fonts/AgencyFB_Bold.AgencyFB_Bold" size="16" color="ffffff">伤害</><font></><font></>,5,None,"((""SkillProjSpeed"", 4500.000000),(""SkillProjPenetrateCount"", 999.000000),(""SkillFanAngle"", 120.000000))",Critical,8310066,1
9370301,93703,3,飞镖,2.5,15,5,1,"(X=50.000000,Y=50.000000,Z=50.000000)",((TagName="UGC.DamageNumber.Pierce")),SpawnProjectile_Fan,BlueprintGeneratedClass'/RoguelikeX/Asset/Blueprint/Prefabs/Skills/NewRogueSkill/Gun_Skill_9110001.Gun_Skill_9110001_C',BlueprintGeneratedClass'/RoguelikeX/Asset/Blueprint/RougeTreasureActor/dart_93700.dart_93700_C',BlueprintGeneratedClass'/RoguelikeX/Asset/Blueprint/Prefabs/Projectiles/NewRogueProj/dart_93700.dart_93700_C',Texture2D'/RoguelikeX/Asset/Art/UI/RouglikeXUI/SkillIcon/Icon_601_Skill_FJ.Icon_601_Skill_FJ',<font src="/Game/UMG/Fonts/AgencyFB_Bold.AgencyFB_Bold" size="16" color="ffff00">【近战】【穿透】</><br/><font src="/Game/UMG/Fonts/AgencyFB_Bold.AgencyFB_Bold" size="16" color="ffffff">扇形范围发射</><font src="/Game/UMG/Fonts/AgencyFB_Bold.AgencyFB_Bold" size="16" color="ffff00">5</><font src="/Game/UMG/Fonts/AgencyFB_Bold.AgencyFB_Bold" size="16" color="ffffff">发飞镖，冷却时间</><font src="/Game/UMG/Fonts/AgencyFB_Bold.AgencyFB_Bold" size="16" color="ffff00">2.5</><font src="/Game/UMG/Fonts/AgencyFB_Bold.AgencyFB_Bold" size="16" color="ffffff">秒</><br/><font src="/Game/UMG/Fonts/AgencyFB_Bold.AgencyFB_Bold" size="16" color="ffffff">每发造成</><font src="/Game/UMG/Fonts/AgencyFB_Bold.AgencyFB_Bold" size="16" color="ffff00">15</><font src="/Game/UMG/Fonts/AgencyFB_Bold.AgencyFB_Bold" size="16" color="ffffff">伤害</><font></><font></>,1,None,"((""SkillProjSpeed"", 4250.000000),(""SkillProjPenetrateCount"", 999.000000),(""SkillFanAngle"", 60.000000))",Critical,8310874,1
9370302,93703,3,飞镖,2.5,17,5,1,"(X=50.000000,Y=50.000000,Z=50.000000)",((TagName="UGC.DamageNumber.Pierce")),SpawnProjectile_Fan,BlueprintGeneratedClass'/RoguelikeX/Asset/Blueprint/Prefabs/Skills/NewRogueSkill/Gun_Skill_9110001.Gun_Skill_9110001_C',BlueprintGeneratedClass'/RoguelikeX/Asset/Blueprint/RougeTreasureActor/dart_93700.dart_93700_C',BlueprintGeneratedClass'/RoguelikeX/Asset/Blueprint/Prefabs/Projectiles/NewRogueProj/dart_93700.dart_93700_C',Texture2D'/RoguelikeX/Asset/Art/UI/RouglikeXUI/SkillIcon/Icon_601_Skill_FJ.Icon_601_Skill_FJ',<font src="/Game/UMG/Fonts/AgencyFB_Bold.AgencyFB_Bold" size="16" color="ffff00">【近战】【穿透】</><br/><font src="/Game/UMG/Fonts/AgencyFB_Bold.AgencyFB_Bold" size="16" color="ffffff">扇形范围发射</><font src="/Game/UMG/Fonts/AgencyFB_Bold.AgencyFB_Bold" size="16" color="ffff00">5</><font src="/Game/UMG/Fonts/AgencyFB_Bold.AgencyFB_Bold" size="16" color="ffffff">发飞镖，冷却时间</><font src="/Game/UMG/Fonts/AgencyFB_Bold.AgencyFB_Bold" size="16" color="ffff00">2.5</><font src="/Game/UMG/Fonts/AgencyFB_Bold.AgencyFB_Bold" size="16" color="ffffff">秒</><br/><font src="/Game/UMG/Fonts/AgencyFB_Bold.AgencyFB_Bold" size="16" color="ffffff">每发造成</><font src="/Game/UMG/Fonts/AgencyFB_Bold.AgencyFB_Bold" size="16" color="ffff00">17</><font src="/Game/UMG/Fonts/AgencyFB_Bold.AgencyFB_Bold" size="16" color="ffffff">伤害</><font></><font></>,2,None,"((""SkillProjSpeed"", 4250.000000),(""SkillProjPenetrateCount"", 999.000000),(""SkillFanAngle"", 60.000000))",Critical,8310876,1
9370303,93703,3,飞镖,2.5,21,7,1,"(X=50.000000,Y=50.000000,Z=50.000000)",((TagName="UGC.DamageNumber.Pierce")),SpawnProjectile_Fan,BlueprintGeneratedClass'/RoguelikeX/Asset/Blueprint/Prefabs/Skills/NewRogueSkill/Gun_Skill_9110001.Gun_Skill_9110001_C',BlueprintGeneratedClass'/RoguelikeX/Asset/Blueprint/RougeTreasureActor/dart_93700.dart_93700_C',BlueprintGeneratedClass'/RoguelikeX/Asset/Blueprint/Prefabs/Projectiles/NewRogueProj/dart_93700.dart_93700_C',Texture2D'/RoguelikeX/Asset/Art/UI/RouglikeXUI/SkillIcon/Icon_601_Skill_FJ.Icon_601_Skill_FJ',<font src="/Game/UMG/Fonts/AgencyFB_Bold.AgencyFB_Bold" size="16" color="ffff00">【近战】【穿透】</><br/><font src="/Game/UMG/Fonts/AgencyFB_Bold.AgencyFB_Bold" size="16" color="ffffff">扇形范围发射</><font src="/Game/UMG/Fonts/AgencyFB_Bold.AgencyFB_Bold" size="16" color="ffff00">7</><font src="/Game/UMG/Fonts/AgencyFB_Bold.AgencyFB_Bold" size="16" color="ffffff">发飞镖，冷却时间</><font src="/Game/UMG/Fonts/AgencyFB_Bold.AgencyFB_Bold" size="16" color="ffff00">2.5</><font src="/Game/UMG/Fonts/AgencyFB_Bold.AgencyFB_Bold" size="16" color="ffffff">秒</><br/><font src="/Game/UMG/Fonts/AgencyFB_Bold.AgencyFB_Bold" size="16" color="ffffff">每发造成</><font src="/Game/UMG/Fonts/AgencyFB_Bold.AgencyFB_Bold" size="16" color="ffff00">21</><font src="/Game/UMG/Fonts/AgencyFB_Bold.AgencyFB_Bold" size="16" color="ffffff">伤害</><font></><font></>,3,None,"((""SkillProjSpeed"", 4250.000000),(""SkillProjPenetrateCount"", 999.000000),(""SkillFanAngle"", 90.000000))",Critical,8310877,1
9370304,93703,3,飞镖,2.5,25,7,1,"(X=50.000000,Y=50.000000,Z=50.000000)",((TagName="UGC.DamageNumber.Pierce")),SpawnProjectile_Fan,BlueprintGeneratedClass'/RoguelikeX/Asset/Blueprint/Prefabs/Skills/NewRogueSkill/Gun_Skill_9110001.Gun_Skill_9110001_C',BlueprintGeneratedClass'/RoguelikeX/Asset/Blueprint/RougeTreasureActor/dart_93700.dart_93700_C',BlueprintGeneratedClass'/RoguelikeX/Asset/Blueprint/Prefabs/Projectiles/NewRogueProj/dart_93700.dart_93700_C',Texture2D'/RoguelikeX/Asset/Art/UI/RouglikeXUI/SkillIcon/Icon_601_Skill_FJ.Icon_601_Skill_FJ',<font src="/Game/UMG/Fonts/AgencyFB_Bold.AgencyFB_Bold" size="16" color="ffff00">【近战】【穿透】</><br/><font src="/Game/UMG/Fonts/AgencyFB_Bold.AgencyFB_Bold" size="16" color="ffffff">扇形范围发射</><font src="/Game/UMG/Fonts/AgencyFB_Bold.AgencyFB_Bold" size="16" color="ffff00">7</><font src="/Game/UMG/Fonts/AgencyFB_Bold.AgencyFB_Bold" size="16" color="ffffff">发飞镖，冷却时间</><font src="/Game/UMG/Fonts/AgencyFB_Bold.AgencyFB_Bold" size="16" color="ffff00">2.5</><font src="/Game/UMG/Fonts/AgencyFB_Bold.AgencyFB_Bold" size="16" color="ffffff">秒</><br/><font src="/Game/UMG/Fonts/AgencyFB_Bold.AgencyFB_Bold" size="16" color="ffffff">每发造成</><font src="/Game/UMG/Fonts/AgencyFB_Bold.AgencyFB_Bold" size="16" color="ffff00">25</><font src="/Game/UMG/Fonts/AgencyFB_Bold.AgencyFB_Bold" size="16" color="ffffff">伤害</><font></><font></>,4,None,"((""SkillProjSpeed"", 4500.000000),(""SkillProjPenetrateCount"", 999.000000),(""SkillFanAngle"", 90.000000))",Critical,8310878,1
9370305,93703,3,飞镖,2.5,30,10,1,"(X=50.000000,Y=50.000000,Z=50.000000)",((TagName="UGC.DamageNumber.Pierce")),SpawnProjectile_Fan,BlueprintGeneratedClass'/RoguelikeX/Asset/Blueprint/Prefabs/Skills/NewRogueSkill/Gun_Skill_9110001.Gun_Skill_9110001_C',BlueprintGeneratedClass'/RoguelikeX/Asset/Blueprint/RougeTreasureActor/dart_93700.dart_93700_C',BlueprintGeneratedClass'/RoguelikeX/Asset/Blueprint/Prefabs/Projectiles/NewRogueProj/dart_93700.dart_93700_C',Texture2D'/RoguelikeX/Asset/Art/UI/RouglikeXUI/SkillIcon/Icon_601_Skill_FJ.Icon_601_Skill_FJ',<font src="/Game/UMG/Fonts/AgencyFB_Bold.AgencyFB_Bold" size="16" color="ffff00">【近战】【穿透】</><br/><font src="/Game/UMG/Fonts/AgencyFB_Bold.AgencyFB_Bold" size="16" color="ffffff">扇形范围发射</><font src="/Game/UMG/Fonts/AgencyFB_Bold.AgencyFB_Bold" size="16" color="ffff00">10</><font src="/Game/UMG/Fonts/AgencyFB_Bold.AgencyFB_Bold" size="16" color="ffffff">发飞镖，冷却时间</><font src="/Game/UMG/Fonts/AgencyFB_Bold.AgencyFB_Bold" size="16" color="ffff00">2.5</><font src="/Game/UMG/Fonts/AgencyFB_Bold.AgencyFB_Bold" size="16" color="ffffff">秒</><br/><font src="/Game/UMG/Fonts/AgencyFB_Bold.AgencyFB_Bold" size="16" color="ffffff">每发造成</><font src="/Game/UMG/Fonts/AgencyFB_Bold.AgencyFB_Bold" size="16" color="ffff00">30</><font src="/Game/UMG/Fonts/AgencyFB_Bold.AgencyFB_Bold" size="16" color="ffffff">伤害</><font></><font></>,5,None,"((""SkillProjSpeed"", 4500.000000),(""SkillProjPenetrateCount"", 999.000000),(""SkillFanAngle"", 120.000000))",Critical,8310879,1
9380401,93804,4,喷火器,2.5,21,5,1,"(X=50.000000,Y=50.000000,Z=50.000000)",((TagName="UGC.DamageNumber.Pierce")),SpawnProjectile_Fan,BlueprintGeneratedClass'/RoguelikeX/Asset/Blueprint/Prefabs/Skills/NewRogueSkill/Gun_Skill_9110001.Gun_Skill_9110001_C',BlueprintGeneratedClass'/RoguelikeX/Asset/Blueprint/RougeTreasureActor/fire_93800.fire_93800_C',BlueprintGeneratedClass'/RoguelikeX/Asset/Blueprint/Prefabs/Projectiles/NewRogueProj/fire_93800.fire_93800_C',Texture2D'/RoguelikeX/Asset/Art/UI/RouglikeXUI/SkillIcon/Icon_601_Skill_FJ.Icon_601_Skill_FJ',<font src="/Game/UMG/Fonts/AgencyFB_Bold.AgencyFB_Bold" size="16" color="ffff00">【近战】【穿透】</><br/><font src="/Game/UMG/Fonts/AgencyFB_Bold.AgencyFB_Bold" size="16" color="ffffff">扇形范围发射</><font src="/Game/UMG/Fonts/AgencyFB_Bold.AgencyFB_Bold" size="16" color="ffff00">5</><font src="/Game/UMG/Fonts/AgencyFB_Bold.AgencyFB_Bold" size="16" color="ffffff">簇火焰，冷却时间</><font src="/Game/UMG/Fonts/AgencyFB_Bold.AgencyFB_Bold" size="16" color="ffff00">2.5</><font src="/Game/UMG/Fonts/AgencyFB_Bold.AgencyFB_Bold" size="16" color="ffffff">秒</><br/><font src="/Game/UMG/Fonts/AgencyFB_Bold.AgencyFB_Bold" size="16" color="ffffff">每发造成</><font src="/Game/UMG/Fonts/AgencyFB_Bold.AgencyFB_Bold" size="16" color="ffff00">21</><font src="/Game/UMG/Fonts/AgencyFB_Bold.AgencyFB_Bold" size="16" color="ffffff">伤害</><font></><font></>,1,None,"((""SkillProjSpeed"", 4250.000000),(""SkillProjPenetrateCount"", 999.000000),(""SkillFanAngle"", 60.000000))",Critical,8310741,1
9380402,93804,4,喷火器,2.5,23,5,1,"(X=50.000000,Y=50.000000,Z=50.000000)",((TagName="UGC.DamageNumber.Pierce")),SpawnProjectile_Fan,BlueprintGeneratedClass'/RoguelikeX/Asset/Blueprint/Prefabs/Skills/NewRogueSkill/Gun_Skill_9110001.Gun_Skill_9110001_C',BlueprintGeneratedClass'/RoguelikeX/Asset/Blueprint/RougeTreasureActor/fire_93800.fire_93800_C',BlueprintGeneratedClass'/RoguelikeX/Asset/Blueprint/Prefabs/Projectiles/NewRogueProj/fire_93800.fire_93800_C',Texture2D'/RoguelikeX/Asset/Art/UI/RouglikeXUI/SkillIcon/Icon_601_Skill_FJ.Icon_601_Skill_FJ',<font src="/Game/UMG/Fonts/AgencyFB_Bold.AgencyFB_Bold" size="16" color="ffff00">【近战】【穿透】</><br/><font src="/Game/UMG/Fonts/AgencyFB_Bold.AgencyFB_Bold" size="16" color="ffffff">扇形范围发射</><font src="/Game/UMG/Fonts/AgencyFB_Bold.AgencyFB_Bold" size="16" color="ffff00">5</><font src="/Game/UMG/Fonts/AgencyFB_Bold.AgencyFB_Bold" size="16" color="ffffff">簇火焰，冷却时间</><font src="/Game/UMG/Fonts/AgencyFB_Bold.AgencyFB_Bold" size="16" color="ffff00">2.5</><font src="/Game/UMG/Fonts/AgencyFB_Bold.AgencyFB_Bold" size="16" color="ffffff">秒</><br/><font src="/Game/UMG/Fonts/AgencyFB_Bold.AgencyFB_Bold" size="16" color="ffffff">每发造成</><font src="/Game/UMG/Fonts/AgencyFB_Bold.AgencyFB_Bold" size="16" color="ffff00">23</><font src="/Game/UMG/Fonts/AgencyFB_Bold.AgencyFB_Bold" size="16" color="ffffff">伤害</><font></><font></>,2,None,"((""SkillProjSpeed"", 4250.000000),(""SkillProjPenetrateCount"", 999.000000),(""SkillFanAngle"", 60.000000))",Critical,8310926,1
9380403,93804,4,喷火器,2.5,29,7,1,"(X=50.000000,Y=50.000000,Z=50.000000)",((TagName="UGC.DamageNumber.Pierce")),SpawnProjectile_Fan,BlueprintGeneratedClass'/RoguelikeX/Asset/Blueprint/Prefabs/Skills/NewRogueSkill/Gun_Skill_9110001.Gun_Skill_9110001_C',BlueprintGeneratedClass'/RoguelikeX/Asset/Blueprint/RougeTreasureActor/fire_93800.fire_93800_C',BlueprintGeneratedClass'/RoguelikeX/Asset/Blueprint/Prefabs/Projectiles/NewRogueProj/fire_93800.fire_93800_C',Texture2D'/RoguelikeX/Asset/Art/UI/RouglikeXUI/SkillIcon/Icon_601_Skill_FJ.Icon_601_Skill_FJ',<font src="/Game/UMG/Fonts/AgencyFB_Bold.AgencyFB_Bold" size="16" color="ffff00">【近战】【穿透】</><br/><font src="/Game/UMG/Fonts/AgencyFB_Bold.AgencyFB_Bold" size="16" color="ffffff">扇形范围发射</><font src="/Game/UMG/Fonts/AgencyFB_Bold.AgencyFB_Bold" size="16" color="ffff00">7</><font src="/Game/UMG/Fonts/AgencyFB_Bold.AgencyFB_Bold" size="16" color="ffffff">簇火焰，冷却时间</><font src="/Game/UMG/Fonts/AgencyFB_Bold.AgencyFB_Bold" size="16" color="ffff00">2.5</><font src="/Game/UMG/Fonts/AgencyFB_Bold.AgencyFB_Bold" size="16" color="ffffff">秒</><br/><font src="/Game/UMG/Fonts/AgencyFB_Bold.AgencyFB_Bold" size="16" color="ffffff">每发造成</><font src="/Game/UMG/Fonts/AgencyFB_Bold.AgencyFB_Bold" size="16" color="ffff00">29</><font src="/Game/UMG/Fonts/AgencyFB_Bold.AgencyFB_Bold" size="16" color="ffffff">伤害</><font></><font></>,3,None,"((""SkillProjSpeed"", 4250.000000),(""SkillProjPenetrateCount"", 999.000000),(""SkillFanAngle"", 90.000000))",Critical,8310927,1
9380404,93804,4,喷火器,2.5,35,7,1,"(X=50.000000,Y=50.000000,Z=50.000000)",((TagName="UGC.DamageNumber.Pierce")),SpawnProjectile_Fan,BlueprintGeneratedClass'/RoguelikeX/Asset/Blueprint/Prefabs/Skills/NewRogueSkill/Gun_Skill_9110001.Gun_Skill_9110001_C',BlueprintGeneratedClass'/RoguelikeX/Asset/Blueprint/RougeTreasureActor/fire_93800.fire_93800_C',BlueprintGeneratedClass'/RoguelikeX/Asset/Blueprint/Prefabs/Projectiles/NewRogueProj/fire_93800.fire_93800_C',Texture2D'/RoguelikeX/Asset/Art/UI/RouglikeXUI/SkillIcon/Icon_601_Skill_FJ.Icon_601_Skill_FJ',<font src="/Game/UMG/Fonts/AgencyFB_Bold.AgencyFB_Bold" size="16" color="ffff00">【近战】【穿透】</><br/><font src="/Game/UMG/Fonts/AgencyFB_Bold.AgencyFB_Bold" size="16" color="ffffff">扇形范围发射</><font src="/Game/UMG/Fonts/AgencyFB_Bold.AgencyFB_Bold" size="16" color="ffff00">7</><font src="/Game/UMG/Fonts/AgencyFB_Bold.AgencyFB_Bold" size="16" color="ffffff">簇火焰，冷却时间</><font src="/Game/UMG/Fonts/AgencyFB_Bold.AgencyFB_Bold" size="16" color="ffff00">2.5</><font src="/Game/UMG/Fonts/AgencyFB_Bold.AgencyFB_Bold" size="16" color="ffffff">秒</><br/><font src="/Game/UMG/Fonts/AgencyFB_Bold.AgencyFB_Bold" size="16" color="ffffff">每发造成</><font src="/Game/UMG/Fonts/AgencyFB_Bold.AgencyFB_Bold" size="16" color="ffff00">35</><font src="/Game/UMG/Fonts/AgencyFB_Bold.AgencyFB_Bold" size="16" color="ffffff">伤害</><font></><font></>,4,None,"((""SkillProjSpeed"", 4500.000000),(""SkillProjPenetrateCount"", 999.000000),(""SkillFanAngle"", 90.000000))",Critical,8310928,1
9380405,93804,4,喷火器,2.5,40,10,1,"(X=50.000000,Y=50.000000,Z=50.000000)",((TagName="UGC.DamageNumber.Pierce")),SpawnProjectile_Fan,BlueprintGeneratedClass'/RoguelikeX/Asset/Blueprint/Prefabs/Skills/NewRogueSkill/Gun_Skill_9110001.Gun_Skill_9110001_C',BlueprintGeneratedClass'/RoguelikeX/Asset/Blueprint/RougeTreasureActor/fire_93800.fire_93800_C',BlueprintGeneratedClass'/RoguelikeX/Asset/Blueprint/Prefabs/Projectiles/NewRogueProj/fire_93800.fire_93800_C',Texture2D'/RoguelikeX/Asset/Art/UI/RouglikeXUI/SkillIcon/Icon_601_Skill_FJ.Icon_601_Skill_FJ',<font src="/Game/UMG/Fonts/AgencyFB_Bold.AgencyFB_Bold" size="16" color="ffff00">【近战】【穿透】</><br/><font src="/Game/UMG/Fonts/AgencyFB_Bold.AgencyFB_Bold" size="16" color="ffffff">扇形范围发射</><font src="/Game/UMG/Fonts/AgencyFB_Bold.AgencyFB_Bold" size="16" color="ffff00">10</><font src="/Game/UMG/Fonts/AgencyFB_Bold.AgencyFB_Bold" size="16" color="ffffff">簇火焰，冷却时间</><font src="/Game/UMG/Fonts/AgencyFB_Bold.AgencyFB_Bold" size="16" color="ffff00">2.5</><font src="/Game/UMG/Fonts/AgencyFB_Bold.AgencyFB_Bold" size="16" color="ffffff">秒</><br/><font src="/Game/UMG/Fonts/AgencyFB_Bold.AgencyFB_Bold" size="16" color="ffffff">每发造成</><font src="/Game/UMG/Fonts/AgencyFB_Bold.AgencyFB_Bold" size="16" color="ffff00">40</><font src="/Game/UMG/Fonts/AgencyFB_Bold.AgencyFB_Bold" size="16" color="ffffff">伤害</><font></><font></>,5,None,"((""SkillProjSpeed"", 4500.000000),(""SkillProjPenetrateCount"", 999.000000),(""SkillFanAngle"", 120.000000))",Critical,8310929,1
9390401,93904,4,SPAS,2.5,27,5,1,"(X=50.000000,Y=50.000000,Z=50.000000)",((TagName="UGC.DamageNumber.Pierce")),SpawnProjectile_Fan,BlueprintGeneratedClass'/RoguelikeX/Asset/Blueprint/Prefabs/Skills/NewRogueSkill/Gun_Skill_9110001.Gun_Skill_9110001_C',BlueprintGeneratedClass'/RoguelikeX/Asset/Blueprint/RougeTreasureActor/shot_93900.shot_93900_C',BlueprintGeneratedClass'/RoguelikeX/Asset/Blueprint/Prefabs/Projectiles/NewRogueProj/shot_93900.shot_93900_C',Texture2D'/RoguelikeX/Asset/Art/UI/RouglikeXUI/SkillIcon/Icon_601_Skill_FJ.Icon_601_Skill_FJ',<font src="/Game/UMG/Fonts/AgencyFB_Bold.AgencyFB_Bold" size="16" color="ffff00">【近战】【穿透】</><br/><font src="/Game/UMG/Fonts/AgencyFB_Bold.AgencyFB_Bold" size="16" color="ffffff">扇形范围发射</><font src="/Game/UMG/Fonts/AgencyFB_Bold.AgencyFB_Bold" size="16" color="ffff00">5</><font src="/Game/UMG/Fonts/AgencyFB_Bold.AgencyFB_Bold" size="16" color="ffffff">发子弹，冷却时间</><font src="/Game/UMG/Fonts/AgencyFB_Bold.AgencyFB_Bold" size="16" color="ffff00">2.5</><font src="/Game/UMG/Fonts/AgencyFB_Bold.AgencyFB_Bold" size="16" color="ffffff">秒</><br/><font src="/Game/UMG/Fonts/AgencyFB_Bold.AgencyFB_Bold" size="16" color="ffffff">每发造成</><font src="/Game/UMG/Fonts/AgencyFB_Bold.AgencyFB_Bold" size="16" color="ffff00">27</><font src="/Game/UMG/Fonts/AgencyFB_Bold.AgencyFB_Bold" size="16" color="ffffff">伤害</><font></><font></>,1,None,"((""SkillProjSpeed"", 4000.000000),(""SkillProjPenetrateCount"", 999.000000),(""SkillFanAngle"", 60.000000))",Critical,8310180,1
9390402,93904,4,SPAS,2.5,30,5,1,"(X=50.000000,Y=50.000000,Z=50.000000)",((TagName="UGC.DamageNumber.Pierce")),SpawnProjectile_Fan,BlueprintGeneratedClass'/RoguelikeX/Asset/Blueprint/Prefabs/Skills/NewRogueSkill/Gun_Skill_9110001.Gun_Skill_9110001_C',BlueprintGeneratedClass'/RoguelikeX/Asset/Blueprint/RougeTreasureActor/shot_93900.shot_93900_C',BlueprintGeneratedClass'/RoguelikeX/Asset/Blueprint/Prefabs/Projectiles/NewRogueProj/shot_93900.shot_93900_C',Texture2D'/RoguelikeX/Asset/Art/UI/RouglikeXUI/SkillIcon/Icon_601_Skill_FJ.Icon_601_Skill_FJ',<font src="/Game/UMG/Fonts/AgencyFB_Bold.AgencyFB_Bold" size="16" color="ffff00">【近战】【穿透】</><br/><font src="/Game/UMG/Fonts/AgencyFB_Bold.AgencyFB_Bold" size="16" color="ffffff">扇形范围发射</><font src="/Game/UMG/Fonts/AgencyFB_Bold.AgencyFB_Bold" size="16" color="ffff00">5</><font src="/Game/UMG/Fonts/AgencyFB_Bold.AgencyFB_Bold" size="16" color="ffffff">发子弹，冷却时间</><font src="/Game/UMG/Fonts/AgencyFB_Bold.AgencyFB_Bold" size="16" color="ffff00">2.5</><font src="/Game/UMG/Fonts/AgencyFB_Bold.AgencyFB_Bold" size="16" color="ffffff">秒</><br/><font src="/Game/UMG/Fonts/AgencyFB_Bold.AgencyFB_Bold" size="16" color="ffffff">每发造成</><font src="/Game/UMG/Fonts/AgencyFB_Bold.AgencyFB_Bold" size="16" color="ffff00">30</><font src="/Game/UMG/Fonts/AgencyFB_Bold.AgencyFB_Bold" size="16" color="ffffff">伤害</><font></><font></>,2,None,"((""SkillProjSpeed"", 4300.000000),(""SkillProjPenetrateCount"", 999.000000),(""SkillFanAngle"", 60.000000))",Critical,8310982,1
9390403,93904,4,SPAS,2.5,38,9,1,"(X=50.000000,Y=50.000000,Z=50.000000)",((TagName="UGC.DamageNumber.Pierce")),SpawnProjectile_Fan,BlueprintGeneratedClass'/RoguelikeX/Asset/Blueprint/Prefabs/Skills/NewRogueSkill/Gun_Skill_9110001.Gun_Skill_9110001_C',BlueprintGeneratedClass'/RoguelikeX/Asset/Blueprint/RougeTreasureActor/shot_93900.shot_93900_C',BlueprintGeneratedClass'/RoguelikeX/Asset/Blueprint/Prefabs/Projectiles/NewRogueProj/shot_93900.shot_93900_C',Texture2D'/RoguelikeX/Asset/Art/UI/RouglikeXUI/SkillIcon/Icon_601_Skill_FJ.Icon_601_Skill_FJ',<font src="/Game/UMG/Fonts/AgencyFB_Bold.AgencyFB_Bold" size="16" color="ffff00">【近战】【穿透】</><br/><font src="/Game/UMG/Fonts/AgencyFB_Bold.AgencyFB_Bold" size="16" color="ffffff">扇形范围发射</><font src="/Game/UMG/Fonts/AgencyFB_Bold.AgencyFB_Bold" size="16" color="ffff00">9</><font src="/Game/UMG/Fonts/AgencyFB_Bold.AgencyFB_Bold" size="16" color="ffffff">发子弹，冷却时间</><font src="/Game/UMG/Fonts/AgencyFB_Bold.AgencyFB_Bold" size="16" color="ffff00">2.5</><font src="/Game/UMG/Fonts/AgencyFB_Bold.AgencyFB_Bold" size="16" color="ffffff">秒</><br/><font src="/Game/UMG/Fonts/AgencyFB_Bold.AgencyFB_Bold" size="16" color="ffffff">每发造成</><font src="/Game/UMG/Fonts/AgencyFB_Bold.AgencyFB_Bold" size="16" color="ffff00">38</><font src="/Game/UMG/Fonts/AgencyFB_Bold.AgencyFB_Bold" size="16" color="ffffff">伤害</><font></><font></>,3,None,"((""SkillProjSpeed"", 4300.000000),(""SkillProjPenetrateCount"", 999.000000),(""SkillFanAngle"", 105.000000))",Critical,8310983,1
9390404,93904,4,SPAS,2.5,45,9,1,"(X=50.000000,Y=50.000000,Z=50.000000)",((TagName="UGC.DamageNumber.Pierce")),SpawnProjectile_Fan,BlueprintGeneratedClass'/RoguelikeX/Asset/Blueprint/Prefabs/Skills/NewRogueSkill/Gun_Skill_9110001.Gun_Skill_9110001_C',BlueprintGeneratedClass'/RoguelikeX/Asset/Blueprint/RougeTreasureActor/shot_93900.shot_93900_C',BlueprintGeneratedClass'/RoguelikeX/Asset/Blueprint/Prefabs/Projectiles/NewRogueProj/shot_93900.shot_93900_C',Texture2D'/RoguelikeX/Asset/Art/UI/RouglikeXUI/SkillIcon/Icon_601_Skill_FJ.Icon_601_Skill_FJ',<font src="/Game/UMG/Fonts/AgencyFB_Bold.AgencyFB_Bold" size="16" color="ffff00">【近战】【穿透】</><br/><font src="/Game/UMG/Fonts/AgencyFB_Bold.AgencyFB_Bold" size="16" color="ffffff">扇形范围发射</><font src="/Game/UMG/Fonts/AgencyFB_Bold.AgencyFB_Bold" size="16" color="ffff00">9</><font src="/Game/UMG/Fonts/AgencyFB_Bold.AgencyFB_Bold" size="16" color="ffffff">发子弹，冷却时间</><font src="/Game/UMG/Fonts/AgencyFB_Bold.AgencyFB_Bold" size="16" color="ffff00">2.5</><font src="/Game/UMG/Fonts/AgencyFB_Bold.AgencyFB_Bold" size="16" color="ffffff">秒</><br/><font src="/Game/UMG/Fonts/AgencyFB_Bold.AgencyFB_Bold" size="16" color="ffffff">每发造成</><font src="/Game/UMG/Fonts/AgencyFB_Bold.AgencyFB_Bold" size="16" color="ffff00">45</><font src="/Game/UMG/Fonts/AgencyFB_Bold.AgencyFB_Bold" size="16" color="ffffff">伤害</><font></><font></>,4,None,"((""SkillProjSpeed"", 4600.000000),(""SkillProjPenetrateCount"", 999.000000),(""SkillFanAngle"", 105.000000))",Critical,8310984,1
9390405,93904,4,SPAS,2.5,52,12,1,"(X=50.000000,Y=50.000000,Z=50.000000)",((TagName="UGC.DamageNumber.Pierce")),SpawnProjectile_Fan,BlueprintGeneratedClass'/RoguelikeX/Asset/Blueprint/Prefabs/Skills/NewRogueSkill/Gun_Skill_9110001.Gun_Skill_9110001_C',BlueprintGeneratedClass'/RoguelikeX/Asset/Blueprint/RougeTreasureActor/shot_93900.shot_93900_C',BlueprintGeneratedClass'/RoguelikeX/Asset/Blueprint/Prefabs/Projectiles/NewRogueProj/shot_93900.shot_93900_C',Texture2D'/RoguelikeX/Asset/Art/UI/RouglikeXUI/SkillIcon/Icon_601_Skill_FJ.Icon_601_Skill_FJ',<font src="/Game/UMG/Fonts/AgencyFB_Bold.AgencyFB_Bold" size="16" color="ffff00">【近战】【穿透】</><br/><font src="/Game/UMG/Fonts/AgencyFB_Bold.AgencyFB_Bold" size="16" color="ffffff">扇形范围发射</><font src="/Game/UMG/Fonts/AgencyFB_Bold.AgencyFB_Bold" size="16" color="ffff00">12</><font src="/Game/UMG/Fonts/AgencyFB_Bold.AgencyFB_Bold" size="16" color="ffffff">发子弹，冷却时间</><font src="/Game/UMG/Fonts/AgencyFB_Bold.AgencyFB_Bold" size="16" color="ffff00">2.5</><font src="/Game/UMG/Fonts/AgencyFB_Bold.AgencyFB_Bold" size="16" color="ffffff">秒</><br/><font src="/Game/UMG/Fonts/AgencyFB_Bold.AgencyFB_Bold" size="16" color="ffffff">每发造成</><font src="/Game/UMG/Fonts/AgencyFB_Bold.AgencyFB_Bold" size="16" color="ffff00">52</><font src="/Game/UMG/Fonts/AgencyFB_Bold.AgencyFB_Bold" size="16" color="ffffff">伤害</><font></><font></>,5,None,"((""SkillProjSpeed"", 4600.000000),(""SkillProjPenetrateCount"", 999.000000),(""SkillFanAngle"", 150.000000))",Critical,8310985,1
9400501,94005,5,DP-28,2.5,28,5,1,"(X=50.000000,Y=50.000000,Z=50.000000)",((TagName="UGC.DamageNumber.Pierce")),SpawnProjectile_Fan,BlueprintGeneratedClass'/RoguelikeX/Asset/Blueprint/Prefabs/Skills/NewRogueSkill/Gun_Skill_9110001.Gun_Skill_9110001_C',BlueprintGeneratedClass'/RoguelikeX/Asset/Blueprint/RougeTreasureActor/shot_94000.shot_94000_C',BlueprintGeneratedClass'/RoguelikeX/Asset/Blueprint/Prefabs/Projectiles/NewRogueProj/shot_94000.shot_94000_C',Texture2D'/RoguelikeX/Asset/Art/UI/RouglikeXUI/SkillIcon/Icon_601_Skill_FJ.Icon_601_Skill_FJ',<font src="/Game/UMG/Fonts/AgencyFB_Bold.AgencyFB_Bold" size="16" color="ffff00">【近战】【穿透】</><br/><font src="/Game/UMG/Fonts/AgencyFB_Bold.AgencyFB_Bold" size="16" color="ffffff">扇形范围发射</><font src="/Game/UMG/Fonts/AgencyFB_Bold.AgencyFB_Bold" size="16" color="ffff00">5</><font src="/Game/UMG/Fonts/AgencyFB_Bold.AgencyFB_Bold" size="16" color="ffffff">发子弹，冷却时间</><font src="/Game/UMG/Fonts/AgencyFB_Bold.AgencyFB_Bold" size="16" color="ffff00">2.5</><font src="/Game/UMG/Fonts/AgencyFB_Bold.AgencyFB_Bold" size="16" color="ffffff">秒</><br/><font src="/Game/UMG/Fonts/AgencyFB_Bold.AgencyFB_Bold" size="16" color="ffffff">每发造成</><font src="/Game/UMG/Fonts/AgencyFB_Bold.AgencyFB_Bold" size="16" color="ffff00">28</><font src="/Game/UMG/Fonts/AgencyFB_Bold.AgencyFB_Bold" size="16" color="ffffff">伤害</><font></><font></>,1,None,"((""SkillProjSpeed"", 4250.000000),(""SkillProjPenetrateCount"", 999.000000),(""SkillFanAngle"", 60.000000))",Critical,8310164,1
9400502,94005,5,DP-28,2.5,31,5,1,"(X=50.000000,Y=50.000000,Z=50.000000)",((TagName="UGC.DamageNumber.Pierce")),SpawnProjectile_Fan,BlueprintGeneratedClass'/RoguelikeX/Asset/Blueprint/Prefabs/Skills/NewRogueSkill/Gun_Skill_9110001.Gun_Skill_9110001_C',BlueprintGeneratedClass'/RoguelikeX/Asset/Blueprint/RougeTreasureActor/shot_94000.shot_94000_C',BlueprintGeneratedClass'/RoguelikeX/Asset/Blueprint/Prefabs/Projectiles/NewRogueProj/shot_94000.shot_94000_C',Texture2D'/RoguelikeX/Asset/Art/UI/RouglikeXUI/SkillIcon/Icon_601_Skill_FJ.Icon_601_Skill_FJ',<font src="/Game/UMG/Fonts/AgencyFB_Bold.AgencyFB_Bold" size="16" color="ffff00">【近战】【穿透】</><br/><font src="/Game/UMG/Fonts/AgencyFB_Bold.AgencyFB_Bold" size="16" color="ffffff">扇形范围发射</><font src="/Game/UMG/Fonts/AgencyFB_Bold.AgencyFB_Bold" size="16" color="ffff00">5</><font src="/Game/UMG/Fonts/AgencyFB_Bold.AgencyFB_Bold" size="16" color="ffffff">发子弹，冷却时间</><font src="/Game/UMG/Fonts/AgencyFB_Bold.AgencyFB_Bold" size="16" color="ffff00">2.5</><font src="/Game/UMG/Fonts/AgencyFB_Bold.AgencyFB_Bold" size="16" color="ffffff">秒</><br/><font src="/Game/UMG/Fonts/AgencyFB_Bold.AgencyFB_Bold" size="16" color="ffffff">每发造成</><font src="/Game/UMG/Fonts/AgencyFB_Bold.AgencyFB_Bold" size="16" color="ffff00">31</><font src="/Game/UMG/Fonts/AgencyFB_Bold.AgencyFB_Bold" size="16" color="ffffff">伤害</><font></><font></>,2,None,"((""SkillProjSpeed"", 4250.000000),(""SkillProjPenetrateCount"", 999.000000),(""SkillFanAngle"", 60.000000))",Critical,8310918,1
9400503,94005,5,DP-28,2.5,38,7,1,"(X=50.000000,Y=50.000000,Z=50.000000)",((TagName="UGC.DamageNumber.Pierce")),SpawnProjectile_Fan,BlueprintGeneratedClass'/RoguelikeX/Asset/Blueprint/Prefabs/Skills/NewRogueSkill/Gun_Skill_9110001.Gun_Skill_9110001_C',BlueprintGeneratedClass'/RoguelikeX/Asset/Blueprint/RougeTreasureActor/shot_94000.shot_94000_C',BlueprintGeneratedClass'/RoguelikeX/Asset/Blueprint/Prefabs/Projectiles/NewRogueProj/shot_94000.shot_94000_C',Texture2D'/RoguelikeX/Asset/Art/UI/RouglikeXUI/SkillIcon/Icon_601_Skill_FJ.Icon_601_Skill_FJ',<font src="/Game/UMG/Fonts/AgencyFB_Bold.AgencyFB_Bold" size="16" color="ffff00">【近战】【穿透】</><br/><font src="/Game/UMG/Fonts/AgencyFB_Bold.AgencyFB_Bold" size="16" color="ffffff">扇形范围发射</><font src="/Game/UMG/Fonts/AgencyFB_Bold.AgencyFB_Bold" size="16" color="ffff00">7</><font src="/Game/UMG/Fonts/AgencyFB_Bold.AgencyFB_Bold" size="16" color="ffffff">发子弹，冷却时间</><font src="/Game/UMG/Fonts/AgencyFB_Bold.AgencyFB_Bold" size="16" color="ffff00">2.5</><font src="/Game/UMG/Fonts/AgencyFB_Bold.AgencyFB_Bold" size="16" color="ffffff">秒</><br/><font src="/Game/UMG/Fonts/AgencyFB_Bold.AgencyFB_Bold" size="16" color="ffffff">每发造成</><font src="/Game/UMG/Fonts/AgencyFB_Bold.AgencyFB_Bold" size="16" color="ffff00">38</><font src="/Game/UMG/Fonts/AgencyFB_Bold.AgencyFB_Bold" size="16" color="ffffff">伤害</><font></><font></>,3,None,"((""SkillProjSpeed"", 4250.000000),(""SkillProjPenetrateCount"", 999.000000),(""SkillFanAngle"", 90.000000))",Critical,8310919,1
9400504,94005,5,DP-28,2.5,45,7,1,"(X=50.000000,Y=50.000000,Z=50.000000)",((TagName="UGC.DamageNumber.Pierce")),SpawnProjectile_Fan,BlueprintGeneratedClass'/RoguelikeX/Asset/Blueprint/Prefabs/Skills/NewRogueSkill/Gun_Skill_9110001.Gun_Skill_9110001_C',BlueprintGeneratedClass'/RoguelikeX/Asset/Blueprint/RougeTreasureActor/shot_94000.shot_94000_C',BlueprintGeneratedClass'/RoguelikeX/Asset/Blueprint/Prefabs/Projectiles/NewRogueProj/shot_94000.shot_94000_C',Texture2D'/RoguelikeX/Asset/Art/UI/RouglikeXUI/SkillIcon/Icon_601_Skill_FJ.Icon_601_Skill_FJ',<font src="/Game/UMG/Fonts/AgencyFB_Bold.AgencyFB_Bold" size="16" color="ffff00">【近战】【穿透】</><br/><font src="/Game/UMG/Fonts/AgencyFB_Bold.AgencyFB_Bold" size="16" color="ffffff">扇形范围发射</><font src="/Game/UMG/Fonts/AgencyFB_Bold.AgencyFB_Bold" size="16" color="ffff00">7</><font src="/Game/UMG/Fonts/AgencyFB_Bold.AgencyFB_Bold" size="16" color="ffffff">发子弹，冷却时间</><font src="/Game/UMG/Fonts/AgencyFB_Bold.AgencyFB_Bold" size="16" color="ffff00">2.5</><font src="/Game/UMG/Fonts/AgencyFB_Bold.AgencyFB_Bold" size="16" color="ffffff">秒</><br/><font src="/Game/UMG/Fonts/AgencyFB_Bold.AgencyFB_Bold" size="16" color="ffffff">每发造成</><font src="/Game/UMG/Fonts/AgencyFB_Bold.AgencyFB_Bold" size="16" color="ffff00">45</><font src="/Game/UMG/Fonts/AgencyFB_Bold.AgencyFB_Bold" size="16" color="ffffff">伤害</><font></><font></>,4,None,"((""SkillProjSpeed"", 4500.000000),(""SkillProjPenetrateCount"", 999.000000),(""SkillFanAngle"", 90.000000))",Critical,8310920,1
9400505,94005,5,DP-28,2.5,52,10,1,"(X=50.000000,Y=50.000000,Z=50.000000)",((TagName="UGC.DamageNumber.Pierce")),SpawnProjectile_Fan,BlueprintGeneratedClass'/RoguelikeX/Asset/Blueprint/Prefabs/Skills/NewRogueSkill/Gun_Skill_9110001.Gun_Skill_9110001_C',BlueprintGeneratedClass'/RoguelikeX/Asset/Blueprint/RougeTreasureActor/shot_94000.shot_94000_C',BlueprintGeneratedClass'/RoguelikeX/Asset/Blueprint/Prefabs/Projectiles/NewRogueProj/shot_94000.shot_94000_C',Texture2D'/RoguelikeX/Asset/Art/UI/RouglikeXUI/SkillIcon/Icon_601_Skill_FJ.Icon_601_Skill_FJ',<font src="/Game/UMG/Fonts/AgencyFB_Bold.AgencyFB_Bold" size="16" color="ffff00">【近战】【穿透】</><br/><font src="/Game/UMG/Fonts/AgencyFB_Bold.AgencyFB_Bold" size="16" color="ffffff">扇形范围发射</><font src="/Game/UMG/Fonts/AgencyFB_Bold.AgencyFB_Bold" size="16" color="ffff00">10</><font src="/Game/UMG/Fonts/AgencyFB_Bold.AgencyFB_Bold" size="16" color="ffffff">发子弹，冷却时间</><font src="/Game/UMG/Fonts/AgencyFB_Bold.AgencyFB_Bold" size="16" color="ffff00">2.5</><font src="/Game/UMG/Fonts/AgencyFB_Bold.AgencyFB_Bold" size="16" color="ffffff">秒</><br/><font src="/Game/UMG/Fonts/AgencyFB_Bold.AgencyFB_Bold" size="16" color="ffffff">每发造成</><font src="/Game/UMG/Fonts/AgencyFB_Bold.AgencyFB_Bold" size="16" color="ffff00">52</><font src="/Game/UMG/Fonts/AgencyFB_Bold.AgencyFB_Bold" size="16" color="ffffff">伤害</><font></><font></>,5,None,"((""SkillProjSpeed"", 4500.000000),(""SkillProjPenetrateCount"", 999.000000),(""SkillFanAngle"", 120.000000))",Critical,8310921,1
9110501,91105,5,AA12,2.5,36,5,1,"(X=50.000000,Y=50.000000,Z=50.000000)",((TagName="UGC.DamageNumber.Pierce")),SpawnProjectile_Fan,BlueprintGeneratedClass'/RoguelikeX/Asset/Blueprint/Prefabs/Skills/NewRogueSkill/Gun_Skill_9110001.Gun_Skill_9110001_C',BlueprintGeneratedClass'/RoguelikeX/Asset/Blueprint/RougeTreasureActor/AA12_91101.AA12_91101_C',BlueprintGeneratedClass'/RoguelikeX/Asset/Blueprint/Prefabs/Projectiles/NewRogueProj/AA12_Proj_9110001.AA12_Proj_9110001_C',Texture2D'/RoguelikeX/Asset/Art/UI/RouglikeXUI/SkillIcon/Icon_601_Skill_FJ.Icon_601_Skill_FJ',<font src="/Game/UMG/Fonts/AgencyFB_Bold.AgencyFB_Bold" size="16" color="ffff00">【近战】【穿透】</><br/><font src="/Game/UMG/Fonts/AgencyFB_Bold.AgencyFB_Bold" size="16" color="ffffff">扇形范围发射</><font src="/Game/UMG/Fonts/AgencyFB_Bold.AgencyFB_Bold" size="16" color="ffff00">5</><font src="/Game/UMG/Fonts/AgencyFB_Bold.AgencyFB_Bold" size="16" color="ffffff">发子弹，冷却时间</><font src="/Game/UMG/Fonts/AgencyFB_Bold.AgencyFB_Bold" size="16" color="ffff00">2.5</><font src="/Game/UMG/Fonts/AgencyFB_Bold.AgencyFB_Bold" size="16" color="ffffff">秒</><br/><font src="/Game/UMG/Fonts/AgencyFB_Bold.AgencyFB_Bold" size="16" color="ffffff">每发造成</><font src="/Game/UMG/Fonts/AgencyFB_Bold.AgencyFB_Bold" size="16" color="ffff00">36</><font src="/Game/UMG/Fonts/AgencyFB_Bold.AgencyFB_Bold" size="16" color="ffffff">伤害</><font></><font></>,1,None,"((""SkillProjSpeed"", 4000.000000),(""SkillProjPenetrateCount"", 999.000000),(""SkillFanAngle"", 60.000000))",Critical,8310160,1
9110502,91105,5,AA12,2.5,40,5,1,"(X=50.000000,Y=50.000000,Z=50.000000)",((TagName="UGC.DamageNumber.Pierce")),SpawnProjectile_Fan,BlueprintGeneratedClass'/RoguelikeX/Asset/Blueprint/Prefabs/Skills/NewRogueSkill/Gun_Skill_9110001.Gun_Skill_9110001_C',BlueprintGeneratedClass'/RoguelikeX/Asset/Blueprint/RougeTreasureActor/AA12_91101.AA12_91101_C',BlueprintGeneratedClass'/RoguelikeX/Asset/Blueprint/Prefabs/Projectiles/NewRogueProj/AA12_Proj_9110001.AA12_Proj_9110001_C',Texture2D'/RoguelikeX/Asset/Art/UI/RouglikeXUI/SkillIcon/Icon_601_Skill_FJ.Icon_601_Skill_FJ',<font src="/Game/UMG/Fonts/AgencyFB_Bold.AgencyFB_Bold" size="16" color="ffff00">【近战】【穿透】</><br/><font src="/Game/UMG/Fonts/AgencyFB_Bold.AgencyFB_Bold" size="16" color="ffffff">扇形范围发射</><font src="/Game/UMG/Fonts/AgencyFB_Bold.AgencyFB_Bold" size="16" color="ffff00">5</><font src="/Game/UMG/Fonts/AgencyFB_Bold.AgencyFB_Bold" size="16" color="ffffff">发子弹，冷却时间</><font src="/Game/UMG/Fonts/AgencyFB_Bold.AgencyFB_Bold" size="16" color="ffff00">2.5</><font src="/Game/UMG/Fonts/AgencyFB_Bold.AgencyFB_Bold" size="16" color="ffffff">秒</><br/><font src="/Game/UMG/Fonts/AgencyFB_Bold.AgencyFB_Bold" size="16" color="ffffff">每发造成</><font src="/Game/UMG/Fonts/AgencyFB_Bold.AgencyFB_Bold" size="16" color="ffff00">40</><font src="/Game/UMG/Fonts/AgencyFB_Bold.AgencyFB_Bold" size="16" color="ffffff">伤害</><font></><font></>,2,None,"((""SkillProjSpeed"", 4300.000000),(""SkillProjPenetrateCount"", 999.000000),(""SkillFanAngle"", 60.000000))",Critical,8310898,1
9110503,91105,5,AA12,2.5,50,9,1,"(X=50.000000,Y=50.000000,Z=50.000000)",((TagName="UGC.DamageNumber.Pierce")),SpawnProjectile_Fan,BlueprintGeneratedClass'/RoguelikeX/Asset/Blueprint/Prefabs/Skills/NewRogueSkill/Gun_Skill_9110001.Gun_Skill_9110001_C',BlueprintGeneratedClass'/RoguelikeX/Asset/Blueprint/RougeTreasureActor/AA12_91101.AA12_91101_C',BlueprintGeneratedClass'/RoguelikeX/Asset/Blueprint/Prefabs/Projectiles/NewRogueProj/AA12_Proj_9110001.AA12_Proj_9110001_C',Texture2D'/RoguelikeX/Asset/Art/UI/RouglikeXUI/SkillIcon/Icon_601_Skill_FJ.Icon_601_Skill_FJ',<font src="/Game/UMG/Fonts/AgencyFB_Bold.AgencyFB_Bold" size="16" color="ffff00">【近战】【穿透】</><br/><font src="/Game/UMG/Fonts/AgencyFB_Bold.AgencyFB_Bold" size="16" color="ffffff">扇形范围发射</><font src="/Game/UMG/Fonts/AgencyFB_Bold.AgencyFB_Bold" size="16" color="ffff00">9</><font src="/Game/UMG/Fonts/AgencyFB_Bold.AgencyFB_Bold" size="16" color="ffffff">发子弹，冷却时间</><font src="/Game/UMG/Fonts/AgencyFB_Bold.AgencyFB_Bold" size="16" color="ffff00">2.5</><font src="/Game/UMG/Fonts/AgencyFB_Bold.AgencyFB_Bold" size="16" color="ffffff">秒</><br/><font src="/Game/UMG/Fonts/AgencyFB_Bold.AgencyFB_Bold" size="16" color="ffffff">每发造成</><font src="/Game/UMG/Fonts/AgencyFB_Bold.AgencyFB_Bold" size="16" color="ffff00">50</><font src="/Game/UMG/Fonts/AgencyFB_Bold.AgencyFB_Bold" size="16" color="ffffff">伤害</><font></><font></>,3,None,"((""SkillProjSpeed"", 4300.000000),(""SkillProjPenetrateCount"", 999.000000),(""SkillFanAngle"", 105.000000))",Critical,8310899,1
9110504,91105,5,AA12,2.5,59,9,1,"(X=50.000000,Y=50.000000,Z=50.000000)",((TagName="UGC.DamageNumber.Pierce")),SpawnProjectile_Fan,BlueprintGeneratedClass'/RoguelikeX/Asset/Blueprint/Prefabs/Skills/NewRogueSkill/Gun_Skill_9110001.Gun_Skill_9110001_C',BlueprintGeneratedClass'/RoguelikeX/Asset/Blueprint/RougeTreasureActor/AA12_91101.AA12_91101_C',BlueprintGeneratedClass'/RoguelikeX/Asset/Blueprint/Prefabs/Projectiles/NewRogueProj/AA12_Proj_9110001.AA12_Proj_9110001_C',Texture2D'/RoguelikeX/Asset/Art/UI/RouglikeXUI/SkillIcon/Icon_601_Skill_FJ.Icon_601_Skill_FJ',<font src="/Game/UMG/Fonts/AgencyFB_Bold.AgencyFB_Bold" size="16" color="ffff00">【近战】【穿透】</><br/><font src="/Game/UMG/Fonts/AgencyFB_Bold.AgencyFB_Bold" size="16" color="ffffff">扇形范围发射</><font src="/Game/UMG/Fonts/AgencyFB_Bold.AgencyFB_Bold" size="16" color="ffff00">9</><font src="/Game/UMG/Fonts/AgencyFB_Bold.AgencyFB_Bold" size="16" color="ffffff">发子弹，冷却时间</><font src="/Game/UMG/Fonts/AgencyFB_Bold.AgencyFB_Bold" size="16" color="ffff00">2.5</><font src="/Game/UMG/Fonts/AgencyFB_Bold.AgencyFB_Bold" size="16" color="ffffff">秒</><br/><font src="/Game/UMG/Fonts/AgencyFB_Bold.AgencyFB_Bold" size="16" color="ffffff">每发造成</><font src="/Game/UMG/Fonts/AgencyFB_Bold.AgencyFB_Bold" size="16" color="ffff00">59</><font src="/Game/UMG/Fonts/AgencyFB_Bold.AgencyFB_Bold" size="16" color="ffffff">伤害</><font></><font></>,4,None,"((""SkillProjSpeed"", 4600.000000),(""SkillProjPenetrateCount"", 999.000000),(""SkillFanAngle"", 105.000000))",Critical,8310900,1
9110505,91105,5,AA12,2.5,68,12,1,"(X=50.000000,Y=50.000000,Z=50.000000)",((TagName="UGC.DamageNumber.Pierce")),SpawnProjectile_Fan,BlueprintGeneratedClass'/RoguelikeX/Asset/Blueprint/Prefabs/Skills/NewRogueSkill/Gun_Skill_9110001.Gun_Skill_9110001_C',BlueprintGeneratedClass'/RoguelikeX/Asset/Blueprint/RougeTreasureActor/AA12_91101.AA12_91101_C',BlueprintGeneratedClass'/RoguelikeX/Asset/Blueprint/Prefabs/Projectiles/NewRogueProj/AA12_Proj_9110001.AA12_Proj_9110001_C',Texture2D'/RoguelikeX/Asset/Art/UI/RouglikeXUI/SkillIcon/Icon_601_Skill_FJ.Icon_601_Skill_FJ',<font src="/Game/UMG/Fonts/AgencyFB_Bold.AgencyFB_Bold" size="16" color="ffff00">【近战】【穿透】</><br/><font src="/Game/UMG/Fonts/AgencyFB_Bold.AgencyFB_Bold" size="16" color="ffffff">扇形范围发射</><font src="/Game/UMG/Fonts/AgencyFB_Bold.AgencyFB_Bold" size="16" color="ffff00">12</><font src="/Game/UMG/Fonts/AgencyFB_Bold.AgencyFB_Bold" size="16" color="ffffff">发子弹，冷却时间</><font src="/Game/UMG/Fonts/AgencyFB_Bold.AgencyFB_Bold" size="16" color="ffff00">2.5</><font src="/Game/UMG/Fonts/AgencyFB_Bold.AgencyFB_Bold" size="16" color="ffffff">秒</><br/><font src="/Game/UMG/Fonts/AgencyFB_Bold.AgencyFB_Bold" size="16" color="ffffff">每发造成</><font src="/Game/UMG/Fonts/AgencyFB_Bold.AgencyFB_Bold" size="16" color="ffff00">68</><font src="/Game/UMG/Fonts/AgencyFB_Bold.AgencyFB_Bold" size="16" color="ffffff">伤害</><font></><font></>,5,None,"((""SkillProjSpeed"", 4600.000000),(""SkillProjPenetrateCount"", 999.000000),(""SkillFanAngle"", 150.000000))",Critical,8310901,1
9410501,94105,5,命运扑克,2.5,36,5,1,"(X=50.000000,Y=50.000000,Z=50.000000)",((TagName="UGC.DamageNumber.Pierce")),SpawnProjectile_Fan,BlueprintGeneratedClass'/RoguelikeX/Asset/Blueprint/Prefabs/Skills/NewRogueSkill/Gun_Skill_9110001.Gun_Skill_9110001_C',BlueprintGeneratedClass'/RoguelikeX/Asset/Blueprint/RougeTreasureActor/dart_94100.dart_94100_C',BlueprintGeneratedClass'/RoguelikeX/Asset/Blueprint/Prefabs/Projectiles/NewRogueProj/dart_94100.dart_94100_C',Texture2D'/RoguelikeX/Asset/Art/UI/RouglikeXUI/SkillIcon/Icon_601_Skill_FJ.Icon_601_Skill_FJ',<font src="/Game/UMG/Fonts/AgencyFB_Bold.AgencyFB_Bold" size="16" color="ffff00">【近战】【穿透】</><br/><font src="/Game/UMG/Fonts/AgencyFB_Bold.AgencyFB_Bold" size="16" color="ffffff">扇形范围发射</><font src="/Game/UMG/Fonts/AgencyFB_Bold.AgencyFB_Bold" size="16" color="ffff00">5</><font src="/Game/UMG/Fonts/AgencyFB_Bold.AgencyFB_Bold" size="16" color="ffffff">发扑克，冷却时间</><font src="/Game/UMG/Fonts/AgencyFB_Bold.AgencyFB_Bold" size="16" color="ffff00">2.5</><font src="/Game/UMG/Fonts/AgencyFB_Bold.AgencyFB_Bold" size="16" color="ffffff">秒</><br/><font src="/Game/UMG/Fonts/AgencyFB_Bold.AgencyFB_Bold" size="16" color="ffffff">每发造成</><font src="/Game/UMG/Fonts/AgencyFB_Bold.AgencyFB_Bold" size="16" color="ffff00">36</><font src="/Game/UMG/Fonts/AgencyFB_Bold.AgencyFB_Bold" size="16" color="ffffff">伤害</><font></><font></>,1,None,"((""SkillProjSpeed"", 4000.000000),(""SkillProjPenetrateCount"", 999.000000),(""SkillFanAngle"", 60.000000))",Critical,8310880,1
9410502,94105,5,命运扑克,2.5,40,5,1,"(X=50.000000,Y=50.000000,Z=50.000000)",((TagName="UGC.DamageNumber.Pierce")),SpawnProjectile_Fan,BlueprintGeneratedClass'/RoguelikeX/Asset/Blueprint/Prefabs/Skills/NewRogueSkill/Gun_Skill_9110001.Gun_Skill_9110001_C',BlueprintGeneratedClass'/RoguelikeX/Asset/Blueprint/RougeTreasureActor/dart_94100.dart_94100_C',BlueprintGeneratedClass'/RoguelikeX/Asset/Blueprint/Prefabs/Projectiles/NewRogueProj/dart_94100.dart_94100_C',Texture2D'/RoguelikeX/Asset/Art/UI/RouglikeXUI/SkillIcon/Icon_601_Skill_FJ.Icon_601_Skill_FJ',<font src="/Game/UMG/Fonts/AgencyFB_Bold.AgencyFB_Bold" size="16" color="ffff00">【近战】【穿透】</><br/><font src="/Game/UMG/Fonts/AgencyFB_Bold.AgencyFB_Bold" size="16" color="ffffff">扇形范围发射</><font src="/Game/UMG/Fonts/AgencyFB_Bold.AgencyFB_Bold" size="16" color="ffff00">5</><font src="/Game/UMG/Fonts/AgencyFB_Bold.AgencyFB_Bold" size="16" color="ffffff">发扑克，冷却时间</><font src="/Game/UMG/Fonts/AgencyFB_Bold.AgencyFB_Bold" size="16" color="ffff00">2.5</><font src="/Game/UMG/Fonts/AgencyFB_Bold.AgencyFB_Bold" size="16" color="ffffff">秒</><br/><font src="/Game/UMG/Fonts/AgencyFB_Bold.AgencyFB_Bold" size="16" color="ffffff">每发造成</><font src="/Game/UMG/Fonts/AgencyFB_Bold.AgencyFB_Bold" size="16" color="ffff00">40</><font src="/Game/UMG/Fonts/AgencyFB_Bold.AgencyFB_Bold" size="16" color="ffffff">伤害</><font></><font></>,2,None,"((""SkillProjSpeed"", 4300.000000),(""SkillProjPenetrateCount"", 999.000000),(""SkillFanAngle"", 60.000000))",Critical,8310881,1
9410503,94105,5,命运扑克,2.5,50,9,1,"(X=50.000000,Y=50.000000,Z=50.000000)",((TagName="UGC.DamageNumber.Pierce")),SpawnProjectile_Fan,BlueprintGeneratedClass'/RoguelikeX/Asset/Blueprint/Prefabs/Skills/NewRogueSkill/Gun_Skill_9110001.Gun_Skill_9110001_C',BlueprintGeneratedClass'/RoguelikeX/Asset/Blueprint/RougeTreasureActor/dart_94100.dart_94100_C',BlueprintGeneratedClass'/RoguelikeX/Asset/Blueprint/Prefabs/Projectiles/NewRogueProj/dart_94100.dart_94100_C',Texture2D'/RoguelikeX/Asset/Art/UI/RouglikeXUI/SkillIcon/Icon_601_Skill_FJ.Icon_601_Skill_FJ',<font src="/Game/UMG/Fonts/AgencyFB_Bold.AgencyFB_Bold" size="16" color="ffff00">【近战】【穿透】</><br/><font src="/Game/UMG/Fonts/AgencyFB_Bold.AgencyFB_Bold" size="16" color="ffffff">扇形范围发射</><font src="/Game/UMG/Fonts/AgencyFB_Bold.AgencyFB_Bold" size="16" color="ffff00">9</><font src="/Game/UMG/Fonts/AgencyFB_Bold.AgencyFB_Bold" size="16" color="ffffff">发扑克，冷却时间</><font src="/Game/UMG/Fonts/AgencyFB_Bold.AgencyFB_Bold" size="16" color="ffff00">2.5</><font src="/Game/UMG/Fonts/AgencyFB_Bold.AgencyFB_Bold" size="16" color="ffffff">秒</><br/><font src="/Game/UMG/Fonts/AgencyFB_Bold.AgencyFB_Bold" size="16" color="ffffff">每发造成</><font src="/Game/UMG/Fonts/AgencyFB_Bold.AgencyFB_Bold" size="16" color="ffff00">50</><font src="/Game/UMG/Fonts/AgencyFB_Bold.AgencyFB_Bold" size="16" color="ffffff">伤害</><font></><font></>,3,None,"((""SkillProjSpeed"", 4300.000000),(""SkillProjPenetrateCount"", 999.000000),(""SkillFanAngle"", 105.000000))",Critical,8310882,1
9410504,94105,5,命运扑克,2.5,59,9,1,"(X=50.000000,Y=50.000000,Z=50.000000)",((TagName="UGC.DamageNumber.Pierce")),SpawnProjectile_Fan,BlueprintGeneratedClass'/RoguelikeX/Asset/Blueprint/Prefabs/Skills/NewRogueSkill/Gun_Skill_9110001.Gun_Skill_9110001_C',BlueprintGeneratedClass'/RoguelikeX/Asset/Blueprint/RougeTreasureActor/dart_94100.dart_94100_C',BlueprintGeneratedClass'/RoguelikeX/Asset/Blueprint/Prefabs/Projectiles/NewRogueProj/dart_94100.dart_94100_C',Texture2D'/RoguelikeX/Asset/Art/UI/RouglikeXUI/SkillIcon/Icon_601_Skill_FJ.Icon_601_Skill_FJ',<font src="/Game/UMG/Fonts/AgencyFB_Bold.AgencyFB_Bold" size="16" color="ffff00">【近战】【穿透】</><br/><font src="/Game/UMG/Fonts/AgencyFB_Bold.AgencyFB_Bold" size="16" color="ffffff">扇形范围发射</><font src="/Game/UMG/Fonts/AgencyFB_Bold.AgencyFB_Bold" size="16" color="ffff00">9</><font src="/Game/UMG/Fonts/AgencyFB_Bold.AgencyFB_Bold" size="16" color="ffffff">发扑克，冷却时间</><font src="/Game/UMG/Fonts/AgencyFB_Bold.AgencyFB_Bold" size="16" color="ffff00">2.5</><font src="/Game/UMG/Fonts/AgencyFB_Bold.AgencyFB_Bold" size="16" color="ffffff">秒</><br/><font src="/Game/UMG/Fonts/AgencyFB_Bold.AgencyFB_Bold" size="16" color="ffffff">每发造成</><font src="/Game/UMG/Fonts/AgencyFB_Bold.AgencyFB_Bold" size="16" color="ffff00">59</><font src="/Game/UMG/Fonts/AgencyFB_Bold.AgencyFB_Bold" size="16" color="ffffff">伤害</><font></><font></>,4,None,"((""SkillProjSpeed"", 4600.000000),(""SkillProjPenetrateCount"", 999.000000),(""SkillFanAngle"", 105.000000))",Critical,8310883,1
9410505,94105,5,命运扑克,2.5,68,12,1,"(X=50.000000,Y=50.000000,Z=50.000000)",((TagName="UGC.DamageNumber.Pierce")),SpawnProjectile_Fan,BlueprintGeneratedClass'/RoguelikeX/Asset/Blueprint/Prefabs/Skills/NewRogueSkill/Gun_Skill_9110001.Gun_Skill_9110001_C',BlueprintGeneratedClass'/RoguelikeX/Asset/Blueprint/RougeTreasureActor/dart_94100.dart_94100_C',BlueprintGeneratedClass'/RoguelikeX/Asset/Blueprint/Prefabs/Projectiles/NewRogueProj/dart_94100.dart_94100_C',Texture2D'/RoguelikeX/Asset/Art/UI/RouglikeXUI/SkillIcon/Icon_601_Skill_FJ.Icon_601_Skill_FJ',<font src="/Game/UMG/Fonts/AgencyFB_Bold.AgencyFB_Bold" size="16" color="ffff00">【近战】【穿透】</><br/><font src="/Game/UMG/Fonts/AgencyFB_Bold.AgencyFB_Bold" size="16" color="ffffff">扇形范围发射</><font src="/Game/UMG/Fonts/AgencyFB_Bold.AgencyFB_Bold" size="16" color="ffff00">12</><font src="/Game/UMG/Fonts/AgencyFB_Bold.AgencyFB_Bold" size="16" color="ffffff">发扑克，冷却时间</><font src="/Game/UMG/Fonts/AgencyFB_Bold.AgencyFB_Bold" size="16" color="ffff00">2.5</><font src="/Game/UMG/Fonts/AgencyFB_Bold.AgencyFB_Bold" size="16" color="ffffff">秒</><br/><font src="/Game/UMG/Fonts/AgencyFB_Bold.AgencyFB_Bold" size="16" color="ffffff">每发造成</><font src="/Game/UMG/Fonts/AgencyFB_Bold.AgencyFB_Bold" size="16" color="ffff00">68</><font src="/Game/UMG/Fonts/AgencyFB_Bold.AgencyFB_Bold" size="16" color="ffffff">伤害</><font></><font></>,5,None,"((""SkillProjSpeed"", 4600.000000),(""SkillProjPenetrateCount"", 999.000000),(""SkillFanAngle"", 150.000000))",Critical,8310884,1
9420201,94202,2,光束手枪,2.5,8,1,1,"(X=50.000000,Y=50.000000,Z=50.000000)",((TagName="UGC.DamageNumber.Bounce")),SpawnProjectile_Linear,BlueprintGeneratedClass'/RoguelikeX/Asset/Blueprint/Prefabs/Skills/NewRogueSkill/Test_NewRogueSkill.Test_NewRogueSkill_C',BlueprintGeneratedClass'/RoguelikeX/Asset/Blueprint/RougeTreasureActor/UZI_94201.UZI_94201_C',BlueprintGeneratedClass'/RoguelikeX/Asset/Blueprint/Prefabs/Projectiles/NewRogueProj/UZI_9420001.UZI_9420001_C',Texture2D'/RoguelikeX/Asset/Art/UI/RouglikeXUI/SkillIcon/Icon_601_Skill_FJ.Icon_601_Skill_FJ',<font src="/Game/UMG/Fonts/AgencyFB_Bold.AgencyFB_Bold" size="16" color="ffff00">【弹射】【远程】</><br/><font src="/Game/UMG/Fonts/AgencyFB_Bold.AgencyFB_Bold" size="16" color="ffffff">发射一道光束，冷却时间</><font src="/Game/UMG/Fonts/AgencyFB_Bold.AgencyFB_Bold" size="16" color="ffff00">2.5</><font src="/Game/UMG/Fonts/AgencyFB_Bold.AgencyFB_Bold" size="16" color="ffffff">秒</><br/><font src="/Game/UMG/Fonts/AgencyFB_Bold.AgencyFB_Bold" size="16" color="ffffff">造成</><font src="/Game/UMG/Fonts/AgencyFB_Bold.AgencyFB_Bold" size="16" color="ffff00">8</><font src="/Game/UMG/Fonts/AgencyFB_Bold.AgencyFB_Bold" size="16" color="ffffff">伤害，弹射</><font src="/Game/UMG/Fonts/AgencyFB_Bold.AgencyFB_Bold" size="16" color="ffff00">1</><font src="/Game/UMG/Fonts/AgencyFB_Bold.AgencyFB_Bold" size="16" color="ffffff">次</><font></><font></>,1,None,"((""SkillProjSpeed"", 9999.000000),(""SkillProjBounceCount"", 2.000000))",Bounce,8310095,1
9420202,94202,2,光束手枪,2.5,9,1,1,"(X=50.000000,Y=50.000000,Z=50.000000)",((TagName="UGC.DamageNumber.Bounce")),SpawnProjectile_Linear,BlueprintGeneratedClass'/RoguelikeX/Asset/Blueprint/Prefabs/Skills/NewRogueSkill/Test_NewRogueSkill.Test_NewRogueSkill_C',BlueprintGeneratedClass'/RoguelikeX/Asset/Blueprint/RougeTreasureActor/UZI_94201.UZI_94201_C',BlueprintGeneratedClass'/RoguelikeX/Asset/Blueprint/Prefabs/Projectiles/NewRogueProj/UZI_9420001.UZI_9420001_C',Texture2D'/RoguelikeX/Asset/Art/UI/RouglikeXUI/SkillIcon/Icon_601_Skill_FJ.Icon_601_Skill_FJ',<font src="/Game/UMG/Fonts/AgencyFB_Bold.AgencyFB_Bold" size="16" color="ffff00">【弹射】【远程】</><br/><font src="/Game/UMG/Fonts/AgencyFB_Bold.AgencyFB_Bold" size="16" color="ffffff">发射一道光束，冷却时间</><font src="/Game/UMG/Fonts/AgencyFB_Bold.AgencyFB_Bold" size="16" color="ffff00">2.5</><font src="/Game/UMG/Fonts/AgencyFB_Bold.AgencyFB_Bold" size="16" color="ffffff">秒</><br/><font src="/Game/UMG/Fonts/AgencyFB_Bold.AgencyFB_Bold" size="16" color="ffffff">造成</><font src="/Game/UMG/Fonts/AgencyFB_Bold.AgencyFB_Bold" size="16" color="ffff00">9</><font src="/Game/UMG/Fonts/AgencyFB_Bold.AgencyFB_Bold" size="16" color="ffffff">伤害，弹射</><font src="/Game/UMG/Fonts/AgencyFB_Bold.AgencyFB_Bold" size="16" color="ffff00">2</><font src="/Game/UMG/Fonts/AgencyFB_Bold.AgencyFB_Bold" size="16" color="ffffff">次</><font></><font></>,2,None,"((""SkillProjSpeed"", 9999.000000),(""SkillProjBounceCount"", 3.000000))",Bounce,8310069,1
9420203,94202,2,光束手枪,2.5,12,1,1,"(X=50.000000,Y=50.000000,Z=50.000000)",((TagName="UGC.DamageNumber.Bounce")),SpawnProjectile_Linear,BlueprintGeneratedClass'/RoguelikeX/Asset/Blueprint/Prefabs/Skills/NewRogueSkill/Test_NewRogueSkill.Test_NewRogueSkill_C',BlueprintGeneratedClass'/RoguelikeX/Asset/Blueprint/RougeTreasureActor/UZI_94201.UZI_94201_C',BlueprintGeneratedClass'/RoguelikeX/Asset/Blueprint/Prefabs/Projectiles/NewRogueProj/UZI_9420001.UZI_9420001_C',Texture2D'/RoguelikeX/Asset/Art/UI/RouglikeXUI/SkillIcon/Icon_601_Skill_FJ.Icon_601_Skill_FJ',<font src="/Game/UMG/Fonts/AgencyFB_Bold.AgencyFB_Bold" size="16" color="ffff00">【弹射】【远程】</><br/><font src="/Game/UMG/Fonts/AgencyFB_Bold.AgencyFB_Bold" size="16" color="ffffff">发射一道光束，冷却时间</><font src="/Game/UMG/Fonts/AgencyFB_Bold.AgencyFB_Bold" size="16" color="ffff00">2.5</><font src="/Game/UMG/Fonts/AgencyFB_Bold.AgencyFB_Bold" size="16" color="ffffff">秒</><br/><font src="/Game/UMG/Fonts/AgencyFB_Bold.AgencyFB_Bold" size="16" color="ffffff">造成</><font src="/Game/UMG/Fonts/AgencyFB_Bold.AgencyFB_Bold" size="16" color="ffff00">12</><font src="/Game/UMG/Fonts/AgencyFB_Bold.AgencyFB_Bold" size="16" color="ffffff">伤害，弹射</><font src="/Game/UMG/Fonts/AgencyFB_Bold.AgencyFB_Bold" size="16" color="ffff00">3</><font src="/Game/UMG/Fonts/AgencyFB_Bold.AgencyFB_Bold" size="16" color="ffffff">次</><font></><font></>,3,None,"((""SkillProjSpeed"", 9999.000000),(""SkillProjBounceCount"", 4.000000))",Bounce,8310070,1
9420204,94202,2,光束手枪,2.5,14,1,1,"(X=50.000000,Y=50.000000,Z=50.000000)",((TagName="UGC.DamageNumber.Bounce")),SpawnProjectile_Linear,BlueprintGeneratedClass'/RoguelikeX/Asset/Blueprint/Prefabs/Skills/NewRogueSkill/Test_NewRogueSkill.Test_NewRogueSkill_C',BlueprintGeneratedClass'/RoguelikeX/Asset/Blueprint/RougeTreasureActor/UZI_94201.UZI_94201_C',BlueprintGeneratedClass'/RoguelikeX/Asset/Blueprint/Prefabs/Projectiles/NewRogueProj/UZI_9420001.UZI_9420001_C',Texture2D'/RoguelikeX/Asset/Art/UI/RouglikeXUI/SkillIcon/Icon_601_Skill_FJ.Icon_601_Skill_FJ',<font src="/Game/UMG/Fonts/AgencyFB_Bold.AgencyFB_Bold" size="16" color="ffff00">【弹射】【远程】</><br/><font src="/Game/UMG/Fonts/AgencyFB_Bold.AgencyFB_Bold" size="16" color="ffffff">发射一道光束，冷却时间</><font src="/Game/UMG/Fonts/AgencyFB_Bold.AgencyFB_Bold" size="16" color="ffff00">2.5</><font src="/Game/UMG/Fonts/AgencyFB_Bold.AgencyFB_Bold" size="16" color="ffffff">秒</><br/><font src="/Game/UMG/Fonts/AgencyFB_Bold.AgencyFB_Bold" size="16" color="ffffff">造成</><font src="/Game/UMG/Fonts/AgencyFB_Bold.AgencyFB_Bold" size="16" color="ffff00">14</><font src="/Game/UMG/Fonts/AgencyFB_Bold.AgencyFB_Bold" size="16" color="ffffff">伤害，弹射</><font src="/Game/UMG/Fonts/AgencyFB_Bold.AgencyFB_Bold" size="16" color="ffff00">4</><font src="/Game/UMG/Fonts/AgencyFB_Bold.AgencyFB_Bold" size="16" color="ffffff">次</><font></><font></>,4,None,"((""SkillProjSpeed"", 9999.000000),(""SkillProjBounceCount"", 5.000000))",Bounce,8310071,1
9420205,94202,2,光束手枪,2.5,16,1,1,"(X=50.000000,Y=50.000000,Z=50.000000)",((TagName="UGC.DamageNumber.Bounce")),SpawnProjectile_Linear,BlueprintGeneratedClass'/RoguelikeX/Asset/Blueprint/Prefabs/Skills/NewRogueSkill/Test_NewRogueSkill.Test_NewRogueSkill_C',BlueprintGeneratedClass'/RoguelikeX/Asset/Blueprint/RougeTreasureActor/UZI_94201.UZI_94201_C',BlueprintGeneratedClass'/RoguelikeX/Asset/Blueprint/Prefabs/Projectiles/NewRogueProj/UZI_9420001.UZI_9420001_C',Texture2D'/RoguelikeX/Asset/Art/UI/RouglikeXUI/SkillIcon/Icon_601_Skill_FJ.Icon_601_Skill_FJ',<font src="/Game/UMG/Fonts/AgencyFB_Bold.AgencyFB_Bold" size="16" color="ffff00">【弹射】【远程】</><br/><font src="/Game/UMG/Fonts/AgencyFB_Bold.AgencyFB_Bold" size="16" color="ffffff">发射一道光束，冷却时间</><font src="/Game/UMG/Fonts/AgencyFB_Bold.AgencyFB_Bold" size="16" color="ffff00">2.5</><font src="/Game/UMG/Fonts/AgencyFB_Bold.AgencyFB_Bold" size="16" color="ffffff">秒</><br/><font src="/Game/UMG/Fonts/AgencyFB_Bold.AgencyFB_Bold" size="16" color="ffffff">造成</><font src="/Game/UMG/Fonts/AgencyFB_Bold.AgencyFB_Bold" size="16" color="ffff00">16</><font src="/Game/UMG/Fonts/AgencyFB_Bold.AgencyFB_Bold" size="16" color="ffffff">伤害，弹射</><font src="/Game/UMG/Fonts/AgencyFB_Bold.AgencyFB_Bold" size="16" color="ffff00">5</><font src="/Game/UMG/Fonts/AgencyFB_Bold.AgencyFB_Bold" size="16" color="ffffff">次</><font></><font></>,5,None,"((""SkillProjSpeed"", 9999.000000),(""SkillProjBounceCount"", 6.000000))",Bounce,8310072,1
9430301,94303,3,摄魂灯,2.5,13,1,1,"(X=50.000000,Y=50.000000,Z=50.000000)",((TagName="UGC.DamageNumber.Bounce")),SpawnProjectile_Linear,BlueprintGeneratedClass'/RoguelikeX/Asset/Blueprint/Prefabs/Skills/NewRogueSkill/Test_NewRogueSkill.Test_NewRogueSkill_C',BlueprintGeneratedClass'/RoguelikeX/Asset/Blueprint/RougeTreasureActor/Laser_94300.Laser_94300_C',BlueprintGeneratedClass'/RoguelikeX/Asset/Blueprint/Prefabs/Projectiles/NewRogueProj/Laser_9430001.Laser_9430001_C',Texture2D'/RoguelikeX/Asset/Art/UI/RouglikeXUI/SkillIcon/Icon_601_Skill_FJ.Icon_601_Skill_FJ',<font src="/Game/UMG/Fonts/AgencyFB_Bold.AgencyFB_Bold" size="16" color="ffff00">【弹射】【远程】</><br/><font src="/Game/UMG/Fonts/AgencyFB_Bold.AgencyFB_Bold" size="16" color="ffffff">发射一道光束，冷却时间</><font src="/Game/UMG/Fonts/AgencyFB_Bold.AgencyFB_Bold" size="16" color="ffff00">2.5</><font src="/Game/UMG/Fonts/AgencyFB_Bold.AgencyFB_Bold" size="16" color="ffffff">秒</><br/><font src="/Game/UMG/Fonts/AgencyFB_Bold.AgencyFB_Bold" size="16" color="ffffff">造成</><font src="/Game/UMG/Fonts/AgencyFB_Bold.AgencyFB_Bold" size="16" color="ffff00">13</><font src="/Game/UMG/Fonts/AgencyFB_Bold.AgencyFB_Bold" size="16" color="ffffff">伤害，弹射</><font src="/Game/UMG/Fonts/AgencyFB_Bold.AgencyFB_Bold" size="16" color="ffff00">1</><font src="/Game/UMG/Fonts/AgencyFB_Bold.AgencyFB_Bold" size="16" color="ffffff">次</><font></><font></>,1,None,"((""SkillProjSpeed"", 9999.000000),(""SkillProjBounceCount"", 2.000000))",Bounce,8310752,1
9430302,94303,3,摄魂灯,2.5,15,1,1,"(X=50.000000,Y=50.000000,Z=50.000000)",((TagName="UGC.DamageNumber.Bounce")),SpawnProjectile_Linear,BlueprintGeneratedClass'/RoguelikeX/Asset/Blueprint/Prefabs/Skills/NewRogueSkill/Test_NewRogueSkill.Test_NewRogueSkill_C',BlueprintGeneratedClass'/RoguelikeX/Asset/Blueprint/RougeTreasureActor/Laser_94300.Laser_94300_C',BlueprintGeneratedClass'/RoguelikeX/Asset/Blueprint/Prefabs/Projectiles/NewRogueProj/Laser_9430001.Laser_9430001_C',Texture2D'/RoguelikeX/Asset/Art/UI/RouglikeXUI/SkillIcon/Icon_601_Skill_FJ.Icon_601_Skill_FJ',<font src="/Game/UMG/Fonts/AgencyFB_Bold.AgencyFB_Bold" size="16" color="ffff00">【弹射】【远程】</><br/><font src="/Game/UMG/Fonts/AgencyFB_Bold.AgencyFB_Bold" size="16" color="ffffff">发射一道光束，冷却时间</><font src="/Game/UMG/Fonts/AgencyFB_Bold.AgencyFB_Bold" size="16" color="ffff00">2.5</><font src="/Game/UMG/Fonts/AgencyFB_Bold.AgencyFB_Bold" size="16" color="ffffff">秒</><br/><font src="/Game/UMG/Fonts/AgencyFB_Bold.AgencyFB_Bold" size="16" color="ffffff">造成</><font src="/Game/UMG/Fonts/AgencyFB_Bold.AgencyFB_Bold" size="16" color="ffff00">15</><font src="/Game/UMG/Fonts/AgencyFB_Bold.AgencyFB_Bold" size="16" color="ffffff">伤害，弹射</><font src="/Game/UMG/Fonts/AgencyFB_Bold.AgencyFB_Bold" size="16" color="ffff00">2</><font src="/Game/UMG/Fonts/AgencyFB_Bold.AgencyFB_Bold" size="16" color="ffffff">次</><font></><font></>,2,None,"((""SkillProjSpeed"", 9999.000000),(""SkillProjBounceCount"", 3.000000))",Bounce,8310753,1
9430303,94303,3,摄魂灯,2.5,18,1,1,"(X=50.000000,Y=50.000000,Z=50.000000)",((TagName="UGC.DamageNumber.Bounce")),SpawnProjectile_Linear,BlueprintGeneratedClass'/RoguelikeX/Asset/Blueprint/Prefabs/Skills/NewRogueSkill/Test_NewRogueSkill.Test_NewRogueSkill_C',BlueprintGeneratedClass'/RoguelikeX/Asset/Blueprint/RougeTreasureActor/Laser_94300.Laser_94300_C',BlueprintGeneratedClass'/RoguelikeX/Asset/Blueprint/Prefabs/Projectiles/NewRogueProj/Laser_9430001.Laser_9430001_C',Texture2D'/RoguelikeX/Asset/Art/UI/RouglikeXUI/SkillIcon/Icon_601_Skill_FJ.Icon_601_Skill_FJ',<font src="/Game/UMG/Fonts/AgencyFB_Bold.AgencyFB_Bold" size="16" color="ffff00">【弹射】【远程】</><br/><font src="/Game/UMG/Fonts/AgencyFB_Bold.AgencyFB_Bold" size="16" color="ffffff">发射一道光束，冷却时间</><font src="/Game/UMG/Fonts/AgencyFB_Bold.AgencyFB_Bold" size="16" color="ffff00">2.5</><font src="/Game/UMG/Fonts/AgencyFB_Bold.AgencyFB_Bold" size="16" color="ffffff">秒</><br/><font src="/Game/UMG/Fonts/AgencyFB_Bold.AgencyFB_Bold" size="16" color="ffffff">造成</><font src="/Game/UMG/Fonts/AgencyFB_Bold.AgencyFB_Bold" size="16" color="ffff00">18</><font src="/Game/UMG/Fonts/AgencyFB_Bold.AgencyFB_Bold" size="16" color="ffffff">伤害，弹射</><font src="/Game/UMG/Fonts/AgencyFB_Bold.AgencyFB_Bold" size="16" color="ffff00">3</><font src="/Game/UMG/Fonts/AgencyFB_Bold.AgencyFB_Bold" size="16" color="ffffff">次</><font></><font></>,3,None,"((""SkillProjSpeed"", 9999.000000),(""SkillProjBounceCount"", 4.000000))",Bounce,8310754,1
9430304,94303,3,摄魂灯,2.5,22,1,1,"(X=50.000000,Y=50.000000,Z=50.000000)",((TagName="UGC.DamageNumber.Bounce")),SpawnProjectile_Linear,BlueprintGeneratedClass'/RoguelikeX/Asset/Blueprint/Prefabs/Skills/NewRogueSkill/Test_NewRogueSkill.Test_NewRogueSkill_C',BlueprintGeneratedClass'/RoguelikeX/Asset/Blueprint/RougeTreasureActor/Laser_94300.Laser_94300_C',BlueprintGeneratedClass'/RoguelikeX/Asset/Blueprint/Prefabs/Projectiles/NewRogueProj/Laser_9430001.Laser_9430001_C',Texture2D'/RoguelikeX/Asset/Art/UI/RouglikeXUI/SkillIcon/Icon_601_Skill_FJ.Icon_601_Skill_FJ',<font src="/Game/UMG/Fonts/AgencyFB_Bold.AgencyFB_Bold" size="16" color="ffff00">【弹射】【远程】</><br/><font src="/Game/UMG/Fonts/AgencyFB_Bold.AgencyFB_Bold" size="16" color="ffffff">发射一道光束，冷却时间</><font src="/Game/UMG/Fonts/AgencyFB_Bold.AgencyFB_Bold" size="16" color="ffff00">2.5</><font src="/Game/UMG/Fonts/AgencyFB_Bold.AgencyFB_Bold" size="16" color="ffffff">秒</><br/><font src="/Game/UMG/Fonts/AgencyFB_Bold.AgencyFB_Bold" size="16" color="ffffff">造成</><font src="/Game/UMG/Fonts/AgencyFB_Bold.AgencyFB_Bold" size="16" color="ffff00">22</><font src="/Game/UMG/Fonts/AgencyFB_Bold.AgencyFB_Bold" size="16" color="ffffff">伤害，弹射</><font src="/Game/UMG/Fonts/AgencyFB_Bold.AgencyFB_Bold" size="16" color="ffff00">4</><font src="/Game/UMG/Fonts/AgencyFB_Bold.AgencyFB_Bold" size="16" color="ffffff">次</><font></><font></>,4,None,"((""SkillProjSpeed"", 9999.000000),(""SkillProjBounceCount"", 5.000000))",Bounce,8310755,1
9430305,94303,3,摄魂灯,2.5,25,1,1,"(X=50.000000,Y=50.000000,Z=50.000000)",((TagName="UGC.DamageNumber.Bounce")),SpawnProjectile_Linear,BlueprintGeneratedClass'/RoguelikeX/Asset/Blueprint/Prefabs/Skills/NewRogueSkill/Test_NewRogueSkill.Test_NewRogueSkill_C',BlueprintGeneratedClass'/RoguelikeX/Asset/Blueprint/RougeTreasureActor/Laser_94300.Laser_94300_C',BlueprintGeneratedClass'/RoguelikeX/Asset/Blueprint/Prefabs/Projectiles/NewRogueProj/Laser_9430001.Laser_9430001_C',Texture2D'/RoguelikeX/Asset/Art/UI/RouglikeXUI/SkillIcon/Icon_601_Skill_FJ.Icon_601_Skill_FJ',<font src="/Game/UMG/Fonts/AgencyFB_Bold.AgencyFB_Bold" size="16" color="ffff00">【弹射】【远程】</><br/><font src="/Game/UMG/Fonts/AgencyFB_Bold.AgencyFB_Bold" size="16" color="ffffff">发射一道光束，冷却时间</><font src="/Game/UMG/Fonts/AgencyFB_Bold.AgencyFB_Bold" size="16" color="ffff00">2.5</><font src="/Game/UMG/Fonts/AgencyFB_Bold.AgencyFB_Bold" size="16" color="ffffff">秒</><br/><font src="/Game/UMG/Fonts/AgencyFB_Bold.AgencyFB_Bold" size="16" color="ffffff">造成</><font src="/Game/UMG/Fonts/AgencyFB_Bold.AgencyFB_Bold" size="16" color="ffff00">25</><font src="/Game/UMG/Fonts/AgencyFB_Bold.AgencyFB_Bold" size="16" color="ffffff">伤害，弹射</><font src="/Game/UMG/Fonts/AgencyFB_Bold.AgencyFB_Bold" size="16" color="ffff00">5</><font src="/Game/UMG/Fonts/AgencyFB_Bold.AgencyFB_Bold" size="16" color="ffffff">次</><font></><font></>,5,None,"((""SkillProjSpeed"", 9999.000000),(""SkillProjBounceCount"", 6.000000))",Bounce,8310756,1
9440401,94404,4,炎阳镜,2.5,18,1,1,"(X=50.000000,Y=50.000000,Z=50.000000)",((TagName="UGC.DamageNumber.Bounce")),SpawnProjectile_Linear,BlueprintGeneratedClass'/RoguelikeX/Asset/Blueprint/Prefabs/Skills/NewRogueSkill/Test_NewRogueSkill.Test_NewRogueSkill_C',BlueprintGeneratedClass'/RoguelikeX/Asset/Blueprint/RougeTreasureActor/Laser_94400.Laser_94400_C',BlueprintGeneratedClass'/RoguelikeX/Asset/Blueprint/Prefabs/Projectiles/NewRogueProj/Laser_9440001.Laser_9440001_C',Texture2D'/RoguelikeX/Asset/Art/UI/RouglikeXUI/SkillIcon/Icon_601_Skill_FJ.Icon_601_Skill_FJ',<font src="/Game/UMG/Fonts/AgencyFB_Bold.AgencyFB_Bold" size="16" color="ffff00">【弹射】【远程】</><br/><font src="/Game/UMG/Fonts/AgencyFB_Bold.AgencyFB_Bold" size="16" color="ffffff">发射一道光束，冷却时间</><font src="/Game/UMG/Fonts/AgencyFB_Bold.AgencyFB_Bold" size="16" color="ffff00">2.5</><font src="/Game/UMG/Fonts/AgencyFB_Bold.AgencyFB_Bold" size="16" color="ffffff">秒</><br/><font src="/Game/UMG/Fonts/AgencyFB_Bold.AgencyFB_Bold" size="16" color="ffffff">造成</><font src="/Game/UMG/Fonts/AgencyFB_Bold.AgencyFB_Bold" size="16" color="ffff00">18</><font src="/Game/UMG/Fonts/AgencyFB_Bold.AgencyFB_Bold" size="16" color="ffffff">伤害，弹射</><font src="/Game/UMG/Fonts/AgencyFB_Bold.AgencyFB_Bold" size="16" color="ffff00">1</><font src="/Game/UMG/Fonts/AgencyFB_Bold.AgencyFB_Bold" size="16" color="ffffff">次</><font></><font></>,1,None,"((""SkillProjSpeed"", 9999.000000),(""SkillProjBounceCount"", 2.000000))",Bounce,8310083,1
9440402,94404,4,炎阳镜,2.5,20,1,1,"(X=50.000000,Y=50.000000,Z=50.000000)",((TagName="UGC.DamageNumber.Bounce")),SpawnProjectile_Linear,BlueprintGeneratedClass'/RoguelikeX/Asset/Blueprint/Prefabs/Skills/NewRogueSkill/Test_NewRogueSkill.Test_NewRogueSkill_C',BlueprintGeneratedClass'/RoguelikeX/Asset/Blueprint/RougeTreasureActor/Laser_94400.Laser_94400_C',BlueprintGeneratedClass'/RoguelikeX/Asset/Blueprint/Prefabs/Projectiles/NewRogueProj/Laser_9440001.Laser_9440001_C',Texture2D'/RoguelikeX/Asset/Art/UI/RouglikeXUI/SkillIcon/Icon_601_Skill_FJ.Icon_601_Skill_FJ',<font src="/Game/UMG/Fonts/AgencyFB_Bold.AgencyFB_Bold" size="16" color="ffff00">【弹射】【远程】</><br/><font src="/Game/UMG/Fonts/AgencyFB_Bold.AgencyFB_Bold" size="16" color="ffffff">发射一道光束，冷却时间</><font src="/Game/UMG/Fonts/AgencyFB_Bold.AgencyFB_Bold" size="16" color="ffff00">2.5</><font src="/Game/UMG/Fonts/AgencyFB_Bold.AgencyFB_Bold" size="16" color="ffffff">秒</><br/><font src="/Game/UMG/Fonts/AgencyFB_Bold.AgencyFB_Bold" size="16" color="ffffff">造成</><font src="/Game/UMG/Fonts/AgencyFB_Bold.AgencyFB_Bold" size="16" color="ffff00">20</><font src="/Game/UMG/Fonts/AgencyFB_Bold.AgencyFB_Bold" size="16" color="ffffff">伤害，弹射</><font src="/Game/UMG/Fonts/AgencyFB_Bold.AgencyFB_Bold" size="16" color="ffff00">2</><font src="/Game/UMG/Fonts/AgencyFB_Bold.AgencyFB_Bold" size="16" color="ffffff">次</><font></><font></>,2,None,"((""SkillProjSpeed"", 9999.000000),(""SkillProjBounceCount"", 3.000000))",Bounce,8310084,1
9440403,94404,4,炎阳镜,2.5,25,1,1,"(X=50.000000,Y=50.000000,Z=50.000000)",((TagName="UGC.DamageNumber.Bounce")),SpawnProjectile_Linear,BlueprintGeneratedClass'/RoguelikeX/Asset/Blueprint/Prefabs/Skills/NewRogueSkill/Test_NewRogueSkill.Test_NewRogueSkill_C',BlueprintGeneratedClass'/RoguelikeX/Asset/Blueprint/RougeTreasureActor/Laser_94400.Laser_94400_C',BlueprintGeneratedClass'/RoguelikeX/Asset/Blueprint/Prefabs/Projectiles/NewRogueProj/Laser_9440001.Laser_9440001_C',Texture2D'/RoguelikeX/Asset/Art/UI/RouglikeXUI/SkillIcon/Icon_601_Skill_FJ.Icon_601_Skill_FJ',<font src="/Game/UMG/Fonts/AgencyFB_Bold.AgencyFB_Bold" size="16" color="ffff00">【弹射】【远程】</><br/><font src="/Game/UMG/Fonts/AgencyFB_Bold.AgencyFB_Bold" size="16" color="ffffff">发射一道光束，冷却时间</><font src="/Game/UMG/Fonts/AgencyFB_Bold.AgencyFB_Bold" size="16" color="ffff00">2.5</><font src="/Game/UMG/Fonts/AgencyFB_Bold.AgencyFB_Bold" size="16" color="ffffff">秒</><br/><font src="/Game/UMG/Fonts/AgencyFB_Bold.AgencyFB_Bold" size="16" color="ffffff">造成</><font src="/Game/UMG/Fonts/AgencyFB_Bold.AgencyFB_Bold" size="16" color="ffff00">25</><font src="/Game/UMG/Fonts/AgencyFB_Bold.AgencyFB_Bold" size="16" color="ffffff">伤害，弹射</><font src="/Game/UMG/Fonts/AgencyFB_Bold.AgencyFB_Bold" size="16" color="ffff00">3</><font src="/Game/UMG/Fonts/AgencyFB_Bold.AgencyFB_Bold" size="16" color="ffffff">次</><font></><font></>,3,None,"((""SkillProjSpeed"", 9999.000000),(""SkillProjBounceCount"", 4.000000))",Bounce,8310085,1
9440404,94404,4,炎阳镜,2.5,30,1,1,"(X=50.000000,Y=50.000000,Z=50.000000)",((TagName="UGC.DamageNumber.Bounce")),SpawnProjectile_Linear,BlueprintGeneratedClass'/RoguelikeX/Asset/Blueprint/Prefabs/Skills/NewRogueSkill/Test_NewRogueSkill.Test_NewRogueSkill_C',BlueprintGeneratedClass'/RoguelikeX/Asset/Blueprint/RougeTreasureActor/Laser_94400.Laser_94400_C',BlueprintGeneratedClass'/RoguelikeX/Asset/Blueprint/Prefabs/Projectiles/NewRogueProj/Laser_9440001.Laser_9440001_C',Texture2D'/RoguelikeX/Asset/Art/UI/RouglikeXUI/SkillIcon/Icon_601_Skill_FJ.Icon_601_Skill_FJ',<font src="/Game/UMG/Fonts/AgencyFB_Bold.AgencyFB_Bold" size="16" color="ffff00">【弹射】【远程】</><br/><font src="/Game/UMG/Fonts/AgencyFB_Bold.AgencyFB_Bold" size="16" color="ffffff">发射一道光束，冷却时间</><font src="/Game/UMG/Fonts/AgencyFB_Bold.AgencyFB_Bold" size="16" color="ffff00">2.5</><font src="/Game/UMG/Fonts/AgencyFB_Bold.AgencyFB_Bold" size="16" color="ffffff">秒</><br/><font src="/Game/UMG/Fonts/AgencyFB_Bold.AgencyFB_Bold" size="16" color="ffffff">造成</><font src="/Game/UMG/Fonts/AgencyFB_Bold.AgencyFB_Bold" size="16" color="ffff00">30</><font src="/Game/UMG/Fonts/AgencyFB_Bold.AgencyFB_Bold" size="16" color="ffffff">伤害，弹射</><font src="/Game/UMG/Fonts/AgencyFB_Bold.AgencyFB_Bold" size="16" color="ffff00">4</><font src="/Game/UMG/Fonts/AgencyFB_Bold.AgencyFB_Bold" size="16" color="ffffff">次</><font></><font></>,4,None,"((""SkillProjSpeed"", 9999.000000),(""SkillProjBounceCount"", 5.000000))",Bounce,8310086,1
9440405,94404,4,炎阳镜,2.5,34,1,1,"(X=50.000000,Y=50.000000,Z=50.000000)",((TagName="UGC.DamageNumber.Bounce")),SpawnProjectile_Linear,BlueprintGeneratedClass'/RoguelikeX/Asset/Blueprint/Prefabs/Skills/NewRogueSkill/Test_NewRogueSkill.Test_NewRogueSkill_C',BlueprintGeneratedClass'/RoguelikeX/Asset/Blueprint/RougeTreasureActor/Laser_94400.Laser_94400_C',BlueprintGeneratedClass'/RoguelikeX/Asset/Blueprint/Prefabs/Projectiles/NewRogueProj/Laser_9440001.Laser_9440001_C',Texture2D'/RoguelikeX/Asset/Art/UI/RouglikeXUI/SkillIcon/Icon_601_Skill_FJ.Icon_601_Skill_FJ',<font src="/Game/UMG/Fonts/AgencyFB_Bold.AgencyFB_Bold" size="16" color="ffff00">【弹射】【远程】</><br/><font src="/Game/UMG/Fonts/AgencyFB_Bold.AgencyFB_Bold" size="16" color="ffffff">发射一道光束，冷却时间</><font src="/Game/UMG/Fonts/AgencyFB_Bold.AgencyFB_Bold" size="16" color="ffff00">2.5</><font src="/Game/UMG/Fonts/AgencyFB_Bold.AgencyFB_Bold" size="16" color="ffffff">秒</><br/><font src="/Game/UMG/Fonts/AgencyFB_Bold.AgencyFB_Bold" size="16" color="ffffff">造成</><font src="/Game/UMG/Fonts/AgencyFB_Bold.AgencyFB_Bold" size="16" color="ffff00">34</><font src="/Game/UMG/Fonts/AgencyFB_Bold.AgencyFB_Bold" size="16" color="ffffff">伤害，弹射</><font src="/Game/UMG/Fonts/AgencyFB_Bold.AgencyFB_Bold" size="16" color="ffff00">5</><font src="/Game/UMG/Fonts/AgencyFB_Bold.AgencyFB_Bold" size="16" color="ffffff">次</><font></><font></>,5,None,"((""SkillProjSpeed"", 9999.000000),(""SkillProjBounceCount"", 6.000000))",Bounce,8310087,1
9450401,94504,4,冷冻射线,2.5,23,1,1,"(X=50.000000,Y=50.000000,Z=50.000000)",((TagName="UGC.DamageNumber.Bounce")),SpawnProjectile_Linear,BlueprintGeneratedClass'/RoguelikeX/Asset/Blueprint/Prefabs/Skills/NewRogueSkill/Test_NewRogueSkill.Test_NewRogueSkill_C',BlueprintGeneratedClass'/RoguelikeX/Asset/Blueprint/RougeTreasureActor/Laser_94500.Laser_94500_C',BlueprintGeneratedClass'/RoguelikeX/Asset/Blueprint/Prefabs/Projectiles/NewRogueProj/Laser_9450001.Laser_9450001_C',Texture2D'/RoguelikeX/Asset/Art/UI/RouglikeXUI/SkillIcon/Icon_601_Skill_FJ.Icon_601_Skill_FJ',<font src="/Game/UMG/Fonts/AgencyFB_Bold.AgencyFB_Bold" size="16" color="ffff00">【弹射】【远程】</><br/><font src="/Game/UMG/Fonts/AgencyFB_Bold.AgencyFB_Bold" size="16" color="ffffff">发射一道光束，冷却时间</><font src="/Game/UMG/Fonts/AgencyFB_Bold.AgencyFB_Bold" size="16" color="ffff00">2.5</><font src="/Game/UMG/Fonts/AgencyFB_Bold.AgencyFB_Bold" size="16" color="ffffff">秒</><br/><font src="/Game/UMG/Fonts/AgencyFB_Bold.AgencyFB_Bold" size="16" color="ffffff">造成</><font src="/Game/UMG/Fonts/AgencyFB_Bold.AgencyFB_Bold" size="16" color="ffff00">23</><font src="/Game/UMG/Fonts/AgencyFB_Bold.AgencyFB_Bold" size="16" color="ffffff">伤害，弹射</><font src="/Game/UMG/Fonts/AgencyFB_Bold.AgencyFB_Bold" size="16" color="ffff00">1</><font src="/Game/UMG/Fonts/AgencyFB_Bold.AgencyFB_Bold" size="16" color="ffffff">次</><font></><font></>,1,None,"((""SkillProjSpeed"", 9999.000000),(""SkillProjBounceCount"", 2.000000))",Bounce,8310757,1
9450402,94504,4,冷冻射线,2.5,26,1,1,"(X=50.000000,Y=50.000000,Z=50.000000)",((TagName="UGC.DamageNumber.Bounce")),SpawnProjectile_Linear,BlueprintGeneratedClass'/RoguelikeX/Asset/Blueprint/Prefabs/Skills/NewRogueSkill/Test_NewRogueSkill.Test_NewRogueSkill_C',BlueprintGeneratedClass'/RoguelikeX/Asset/Blueprint/RougeTreasureActor/Laser_94500.Laser_94500_C',BlueprintGeneratedClass'/RoguelikeX/Asset/Blueprint/Prefabs/Projectiles/NewRogueProj/Laser_9450001.Laser_9450001_C',Texture2D'/RoguelikeX/Asset/Art/UI/RouglikeXUI/SkillIcon/Icon_601_Skill_FJ.Icon_601_Skill_FJ',<font src="/Game/UMG/Fonts/AgencyFB_Bold.AgencyFB_Bold" size="16" color="ffff00">【弹射】【远程】</><br/><font src="/Game/UMG/Fonts/AgencyFB_Bold.AgencyFB_Bold" size="16" color="ffffff">发射一道光束，冷却时间</><font src="/Game/UMG/Fonts/AgencyFB_Bold.AgencyFB_Bold" size="16" color="ffff00">2.5</><font src="/Game/UMG/Fonts/AgencyFB_Bold.AgencyFB_Bold" size="16" color="ffffff">秒</><br/><font src="/Game/UMG/Fonts/AgencyFB_Bold.AgencyFB_Bold" size="16" color="ffffff">造成</><font src="/Game/UMG/Fonts/AgencyFB_Bold.AgencyFB_Bold" size="16" color="ffff00">26</><font src="/Game/UMG/Fonts/AgencyFB_Bold.AgencyFB_Bold" size="16" color="ffffff">伤害，弹射</><font src="/Game/UMG/Fonts/AgencyFB_Bold.AgencyFB_Bold" size="16" color="ffff00">2</><font src="/Game/UMG/Fonts/AgencyFB_Bold.AgencyFB_Bold" size="16" color="ffffff">次</><font></><font></>,2,None,"((""SkillProjSpeed"", 9999.000000),(""SkillProjBounceCount"", 3.000000))",Bounce,8310758,1
9450403,94504,4,冷冻射线,2.5,32,1,1,"(X=50.000000,Y=50.000000,Z=50.000000)",((TagName="UGC.DamageNumber.Bounce")),SpawnProjectile_Linear,BlueprintGeneratedClass'/RoguelikeX/Asset/Blueprint/Prefabs/Skills/NewRogueSkill/Test_NewRogueSkill.Test_NewRogueSkill_C',BlueprintGeneratedClass'/RoguelikeX/Asset/Blueprint/RougeTreasureActor/Laser_94500.Laser_94500_C',BlueprintGeneratedClass'/RoguelikeX/Asset/Blueprint/Prefabs/Projectiles/NewRogueProj/Laser_9450001.Laser_9450001_C',Texture2D'/RoguelikeX/Asset/Art/UI/RouglikeXUI/SkillIcon/Icon_601_Skill_FJ.Icon_601_Skill_FJ',<font src="/Game/UMG/Fonts/AgencyFB_Bold.AgencyFB_Bold" size="16" color="ffff00">【弹射】【远程】</><br/><font src="/Game/UMG/Fonts/AgencyFB_Bold.AgencyFB_Bold" size="16" color="ffffff">发射一道光束，冷却时间</><font src="/Game/UMG/Fonts/AgencyFB_Bold.AgencyFB_Bold" size="16" color="ffff00">2.5</><font src="/Game/UMG/Fonts/AgencyFB_Bold.AgencyFB_Bold" size="16" color="ffffff">秒</><br/><font src="/Game/UMG/Fonts/AgencyFB_Bold.AgencyFB_Bold" size="16" color="ffffff">造成</><font src="/Game/UMG/Fonts/AgencyFB_Bold.AgencyFB_Bold" size="16" color="ffff00">32</><font src="/Game/UMG/Fonts/AgencyFB_Bold.AgencyFB_Bold" size="16" color="ffffff">伤害，弹射</><font src="/Game/UMG/Fonts/AgencyFB_Bold.AgencyFB_Bold" size="16" color="ffff00">3</><font src="/Game/UMG/Fonts/AgencyFB_Bold.AgencyFB_Bold" size="16" color="ffffff">次</><font></><font></>,3,None,"((""SkillProjSpeed"", 9999.000000),(""SkillProjBounceCount"", 4.000000))",Bounce,8310759,1
9450404,94504,4,冷冻射线,2.5,39,1,1,"(X=50.000000,Y=50.000000,Z=50.000000)",((TagName="UGC.DamageNumber.Bounce")),SpawnProjectile_Linear,BlueprintGeneratedClass'/RoguelikeX/Asset/Blueprint/Prefabs/Skills/NewRogueSkill/Test_NewRogueSkill.Test_NewRogueSkill_C',BlueprintGeneratedClass'/RoguelikeX/Asset/Blueprint/RougeTreasureActor/Laser_94500.Laser_94500_C',BlueprintGeneratedClass'/RoguelikeX/Asset/Blueprint/Prefabs/Projectiles/NewRogueProj/Laser_9450001.Laser_9450001_C',Texture2D'/RoguelikeX/Asset/Art/UI/RouglikeXUI/SkillIcon/Icon_601_Skill_FJ.Icon_601_Skill_FJ',<font src="/Game/UMG/Fonts/AgencyFB_Bold.AgencyFB_Bold" size="16" color="ffff00">【弹射】【远程】</><br/><font src="/Game/UMG/Fonts/AgencyFB_Bold.AgencyFB_Bold" size="16" color="ffffff">发射一道光束，冷却时间</><font src="/Game/UMG/Fonts/AgencyFB_Bold.AgencyFB_Bold" size="16" color="ffff00">2.5</><font src="/Game/UMG/Fonts/AgencyFB_Bold.AgencyFB_Bold" size="16" color="ffffff">秒</><br/><font src="/Game/UMG/Fonts/AgencyFB_Bold.AgencyFB_Bold" size="16" color="ffffff">造成</><font src="/Game/UMG/Fonts/AgencyFB_Bold.AgencyFB_Bold" size="16" color="ffff00">39</><font src="/Game/UMG/Fonts/AgencyFB_Bold.AgencyFB_Bold" size="16" color="ffffff">伤害，弹射</><font src="/Game/UMG/Fonts/AgencyFB_Bold.AgencyFB_Bold" size="16" color="ffff00">4</><font src="/Game/UMG/Fonts/AgencyFB_Bold.AgencyFB_Bold" size="16" color="ffffff">次</><font></><font></>,4,None,"((""SkillProjSpeed"", 9999.000000),(""SkillProjBounceCount"", 5.000000))",Bounce,8310760,1
9450405,94504,4,冷冻射线,2.5,45,1,1,"(X=50.000000,Y=50.000000,Z=50.000000)",((TagName="UGC.DamageNumber.Bounce")),SpawnProjectile_Linear,BlueprintGeneratedClass'/RoguelikeX/Asset/Blueprint/Prefabs/Skills/NewRogueSkill/Test_NewRogueSkill.Test_NewRogueSkill_C',BlueprintGeneratedClass'/RoguelikeX/Asset/Blueprint/RougeTreasureActor/Laser_94500.Laser_94500_C',BlueprintGeneratedClass'/RoguelikeX/Asset/Blueprint/Prefabs/Projectiles/NewRogueProj/Laser_9450001.Laser_9450001_C',Texture2D'/RoguelikeX/Asset/Art/UI/RouglikeXUI/SkillIcon/Icon_601_Skill_FJ.Icon_601_Skill_FJ',<font src="/Game/UMG/Fonts/AgencyFB_Bold.AgencyFB_Bold" size="16" color="ffff00">【弹射】【远程】</><br/><font src="/Game/UMG/Fonts/AgencyFB_Bold.AgencyFB_Bold" size="16" color="ffffff">发射一道光束，冷却时间</><font src="/Game/UMG/Fonts/AgencyFB_Bold.AgencyFB_Bold" size="16" color="ffff00">2.5</><font src="/Game/UMG/Fonts/AgencyFB_Bold.AgencyFB_Bold" size="16" color="ffffff">秒</><br/><font src="/Game/UMG/Fonts/AgencyFB_Bold.AgencyFB_Bold" size="16" color="ffffff">造成</><font src="/Game/UMG/Fonts/AgencyFB_Bold.AgencyFB_Bold" size="16" color="ffff00">45</><font src="/Game/UMG/Fonts/AgencyFB_Bold.AgencyFB_Bold" size="16" color="ffffff">伤害，弹射</><font src="/Game/UMG/Fonts/AgencyFB_Bold.AgencyFB_Bold" size="16" color="ffff00">5</><font src="/Game/UMG/Fonts/AgencyFB_Bold.AgencyFB_Bold" size="16" color="ffffff">次</><font></><font></>,5,None,"((""SkillProjSpeed"", 9999.000000),(""SkillProjBounceCount"", 6.000000))",Bounce,8310761,1
9040501,90405,5,霆光镜,2.5,24,1,1,"(X=50.000000,Y=50.000000,Z=50.000000)",((TagName="UGC.DamageNumber.Bounce")),SpawnProjectile_Linear,BlueprintGeneratedClass'/RoguelikeX/Asset/Blueprint/Prefabs/Skills/NewRogueSkill/Test_NewRogueSkill.Test_NewRogueSkill_C',BlueprintGeneratedClass'/RoguelikeX/Asset/Blueprint/RougeTreasureActor/Mirror_60401.Mirror_60401_C',BlueprintGeneratedClass'/RoguelikeX/Asset/Blueprint/Prefabs/Projectiles/NewRogueProj/Mirror_Proj_9040001.Mirror_Proj_9040001_C',Texture2D'/RoguelikeX/Asset/Art/UI/RouglikeXUI/SkillIcon/Icon_601_Skill_FJ.Icon_601_Skill_FJ',<font src="/Game/UMG/Fonts/AgencyFB_Bold.AgencyFB_Bold" size="16" color="ffff00">【弹射】【远程】</><br/><font src="/Game/UMG/Fonts/AgencyFB_Bold.AgencyFB_Bold" size="16" color="ffffff">发射一道光束，冷却时间</><font src="/Game/UMG/Fonts/AgencyFB_Bold.AgencyFB_Bold" size="16" color="ffff00">2.5</><font src="/Game/UMG/Fonts/AgencyFB_Bold.AgencyFB_Bold" size="16" color="ffffff">秒</><br/><font src="/Game/UMG/Fonts/AgencyFB_Bold.AgencyFB_Bold" size="16" color="ffffff">造成</><font src="/Game/UMG/Fonts/AgencyFB_Bold.AgencyFB_Bold" size="16" color="ffff00">24</><font src="/Game/UMG/Fonts/AgencyFB_Bold.AgencyFB_Bold" size="16" color="ffffff">伤害，弹射</><font src="/Game/UMG/Fonts/AgencyFB_Bold.AgencyFB_Bold" size="16" color="ffff00">1</><font src="/Game/UMG/Fonts/AgencyFB_Bold.AgencyFB_Bold" size="16" color="ffffff">次</><font></><font></>,1,None,"((""SkillProjSpeed"", 9999.000000),(""SkillProjBounceCount"", 2.000000))",Bounce,8310078,1
9040502,90405,5,霆光镜,2.5,27,1,1,"(X=50.000000,Y=50.000000,Z=50.000000)",((TagName="UGC.DamageNumber.Bounce")),SpawnProjectile_Linear,BlueprintGeneratedClass'/RoguelikeX/Asset/Blueprint/Prefabs/Skills/NewRogueSkill/Test_NewRogueSkill.Test_NewRogueSkill_C',BlueprintGeneratedClass'/RoguelikeX/Asset/Blueprint/RougeTreasureActor/Mirror_60401.Mirror_60401_C',BlueprintGeneratedClass'/RoguelikeX/Asset/Blueprint/Prefabs/Projectiles/NewRogueProj/Mirror_Proj_9040001.Mirror_Proj_9040001_C',Texture2D'/RoguelikeX/Asset/Art/UI/RouglikeXUI/SkillIcon/Icon_601_Skill_FJ.Icon_601_Skill_FJ',<font src="/Game/UMG/Fonts/AgencyFB_Bold.AgencyFB_Bold" size="16" color="ffff00">【弹射】【远程】</><br/><font src="/Game/UMG/Fonts/AgencyFB_Bold.AgencyFB_Bold" size="16" color="ffffff">发射一道光束，冷却时间</><font src="/Game/UMG/Fonts/AgencyFB_Bold.AgencyFB_Bold" size="16" color="ffff00">2.5</><font src="/Game/UMG/Fonts/AgencyFB_Bold.AgencyFB_Bold" size="16" color="ffffff">秒</><br/><font src="/Game/UMG/Fonts/AgencyFB_Bold.AgencyFB_Bold" size="16" color="ffffff">造成</><font src="/Game/UMG/Fonts/AgencyFB_Bold.AgencyFB_Bold" size="16" color="ffff00">27</><font src="/Game/UMG/Fonts/AgencyFB_Bold.AgencyFB_Bold" size="16" color="ffffff">伤害，弹射</><font src="/Game/UMG/Fonts/AgencyFB_Bold.AgencyFB_Bold" size="16" color="ffff00">2</><font src="/Game/UMG/Fonts/AgencyFB_Bold.AgencyFB_Bold" size="16" color="ffffff">次</><font></><font></>,2,None,"((""SkillProjSpeed"", 9999.000000),(""SkillProjBounceCount"", 3.000000))",Bounce,8310079,1
9040503,90405,5,霆光镜,2.5,33,1,1,"(X=50.000000,Y=50.000000,Z=50.000000)",((TagName="UGC.DamageNumber.Bounce")),SpawnProjectile_Linear,BlueprintGeneratedClass'/RoguelikeX/Asset/Blueprint/Prefabs/Skills/NewRogueSkill/Test_NewRogueSkill.Test_NewRogueSkill_C',BlueprintGeneratedClass'/RoguelikeX/Asset/Blueprint/RougeTreasureActor/Mirror_60401.Mirror_60401_C',BlueprintGeneratedClass'/RoguelikeX/Asset/Blueprint/Prefabs/Projectiles/NewRogueProj/Mirror_Proj_9040001.Mirror_Proj_9040001_C',Texture2D'/RoguelikeX/Asset/Art/UI/RouglikeXUI/SkillIcon/Icon_601_Skill_FJ.Icon_601_Skill_FJ',<font src="/Game/UMG/Fonts/AgencyFB_Bold.AgencyFB_Bold" size="16" color="ffff00">【弹射】【远程】</><br/><font src="/Game/UMG/Fonts/AgencyFB_Bold.AgencyFB_Bold" size="16" color="ffffff">发射一道光束，冷却时间</><font src="/Game/UMG/Fonts/AgencyFB_Bold.AgencyFB_Bold" size="16" color="ffff00">2.5</><font src="/Game/UMG/Fonts/AgencyFB_Bold.AgencyFB_Bold" size="16" color="ffffff">秒</><br/><font src="/Game/UMG/Fonts/AgencyFB_Bold.AgencyFB_Bold" size="16" color="ffffff">造成</><font src="/Game/UMG/Fonts/AgencyFB_Bold.AgencyFB_Bold" size="16" color="ffff00">33</><font src="/Game/UMG/Fonts/AgencyFB_Bold.AgencyFB_Bold" size="16" color="ffffff">伤害，弹射</><font src="/Game/UMG/Fonts/AgencyFB_Bold.AgencyFB_Bold" size="16" color="ffff00">3</><font src="/Game/UMG/Fonts/AgencyFB_Bold.AgencyFB_Bold" size="16" color="ffffff">次</><font></><font></>,3,None,"((""SkillProjSpeed"", 9999.000000),(""SkillProjBounceCount"", 4.000000))",Bounce,8310080,1
9040504,90405,5,霆光镜,2.5,39,1,1,"(X=50.000000,Y=50.000000,Z=50.000000)",((TagName="UGC.DamageNumber.Bounce")),SpawnProjectile_Linear,BlueprintGeneratedClass'/RoguelikeX/Asset/Blueprint/Prefabs/Skills/NewRogueSkill/Test_NewRogueSkill.Test_NewRogueSkill_C',BlueprintGeneratedClass'/RoguelikeX/Asset/Blueprint/RougeTreasureActor/Mirror_60401.Mirror_60401_C',BlueprintGeneratedClass'/RoguelikeX/Asset/Blueprint/Prefabs/Projectiles/NewRogueProj/Mirror_Proj_9040001.Mirror_Proj_9040001_C',Texture2D'/RoguelikeX/Asset/Art/UI/RouglikeXUI/SkillIcon/Icon_601_Skill_FJ.Icon_601_Skill_FJ',<font src="/Game/UMG/Fonts/AgencyFB_Bold.AgencyFB_Bold" size="16" color="ffff00">【弹射】【远程】</><br/><font src="/Game/UMG/Fonts/AgencyFB_Bold.AgencyFB_Bold" size="16" color="ffffff">发射一道光束，冷却时间</><font src="/Game/UMG/Fonts/AgencyFB_Bold.AgencyFB_Bold" size="16" color="ffff00">2.5</><font src="/Game/UMG/Fonts/AgencyFB_Bold.AgencyFB_Bold" size="16" color="ffffff">秒</><br/><font src="/Game/UMG/Fonts/AgencyFB_Bold.AgencyFB_Bold" size="16" color="ffffff">造成</><font src="/Game/UMG/Fonts/AgencyFB_Bold.AgencyFB_Bold" size="16" color="ffff00">39</><font src="/Game/UMG/Fonts/AgencyFB_Bold.AgencyFB_Bold" size="16" color="ffffff">伤害，弹射</><font src="/Game/UMG/Fonts/AgencyFB_Bold.AgencyFB_Bold" size="16" color="ffff00">4</><font src="/Game/UMG/Fonts/AgencyFB_Bold.AgencyFB_Bold" size="16" color="ffffff">次</><font></><font></>,4,None,"((""SkillProjSpeed"", 9999.000000),(""SkillProjBounceCount"", 5.000000))",Bounce,8310081,1
9040505,90405,5,霆光镜,2.5,45,1,1,"(X=50.000000,Y=50.000000,Z=50.000000)",((TagName="UGC.DamageNumber.Bounce")),SpawnProjectile_Linear,BlueprintGeneratedClass'/RoguelikeX/Asset/Blueprint/Prefabs/Skills/NewRogueSkill/Test_NewRogueSkill.Test_NewRogueSkill_C',BlueprintGeneratedClass'/RoguelikeX/Asset/Blueprint/RougeTreasureActor/Mirror_60401.Mirror_60401_C',BlueprintGeneratedClass'/RoguelikeX/Asset/Blueprint/Prefabs/Projectiles/NewRogueProj/Mirror_Proj_9040001.Mirror_Proj_9040001_C',Texture2D'/RoguelikeX/Asset/Art/UI/RouglikeXUI/SkillIcon/Icon_601_Skill_FJ.Icon_601_Skill_FJ',<font src="/Game/UMG/Fonts/AgencyFB_Bold.AgencyFB_Bold" size="16" color="ffff00">【弹射】【远程】</><br/><font src="/Game/UMG/Fonts/AgencyFB_Bold.AgencyFB_Bold" size="16" color="ffffff">发射一道光束，冷却时间</><font src="/Game/UMG/Fonts/AgencyFB_Bold.AgencyFB_Bold" size="16" color="ffff00">2.5</><font src="/Game/UMG/Fonts/AgencyFB_Bold.AgencyFB_Bold" size="16" color="ffffff">秒</><br/><font src="/Game/UMG/Fonts/AgencyFB_Bold.AgencyFB_Bold" size="16" color="ffffff">造成</><font src="/Game/UMG/Fonts/AgencyFB_Bold.AgencyFB_Bold" size="16" color="ffff00">45</><font src="/Game/UMG/Fonts/AgencyFB_Bold.AgencyFB_Bold" size="16" color="ffffff">伤害，弹射</><font src="/Game/UMG/Fonts/AgencyFB_Bold.AgencyFB_Bold" size="16" color="ffff00">5</><font src="/Game/UMG/Fonts/AgencyFB_Bold.AgencyFB_Bold" size="16" color="ffffff">次</><font></><font></>,5,None,"((""SkillProjSpeed"", 9999.000000),(""SkillProjBounceCount"", 6.000000))",Bounce,8310082,1
9460501,94605,5,雷电枪,2.5,31,1,1,"(X=50.000000,Y=50.000000,Z=50.000000)",((TagName="UGC.DamageNumber.Bounce")),SpawnProjectile_Linear,BlueprintGeneratedClass'/RoguelikeX/Asset/Blueprint/Prefabs/Skills/NewRogueSkill/Test_NewRogueSkill.Test_NewRogueSkill_C',BlueprintGeneratedClass'/RoguelikeX/Asset/Blueprint/RougeTreasureActor/Lightgun_94600.Lightgun_94600_C',BlueprintGeneratedClass'/RoguelikeX/Asset/Blueprint/Prefabs/Projectiles/NewRogueProj/Lightgun_9460001.Lightgun_9460001_C',Texture2D'/RoguelikeX/Asset/Art/UI/RouglikeXUI/SkillIcon/Icon_601_Skill_FJ.Icon_601_Skill_FJ',<font src="/Game/UMG/Fonts/AgencyFB_Bold.AgencyFB_Bold" size="16" color="ffff00">【弹射】【远程】</><br/><font src="/Game/UMG/Fonts/AgencyFB_Bold.AgencyFB_Bold" size="16" color="ffffff">发射一道光束，冷却时间</><font src="/Game/UMG/Fonts/AgencyFB_Bold.AgencyFB_Bold" size="16" color="ffff00">2.5</><font src="/Game/UMG/Fonts/AgencyFB_Bold.AgencyFB_Bold" size="16" color="ffffff">秒</><br/><font src="/Game/UMG/Fonts/AgencyFB_Bold.AgencyFB_Bold" size="16" color="ffffff">造成</><font src="/Game/UMG/Fonts/AgencyFB_Bold.AgencyFB_Bold" size="16" color="ffff00">31</><font src="/Game/UMG/Fonts/AgencyFB_Bold.AgencyFB_Bold" size="16" color="ffffff">伤害，弹射</><font src="/Game/UMG/Fonts/AgencyFB_Bold.AgencyFB_Bold" size="16" color="ffff00">1</><font src="/Game/UMG/Fonts/AgencyFB_Bold.AgencyFB_Bold" size="16" color="ffffff">次</><font></><font></>,1,None,"((""SkillProjSpeed"", 9999.000000),(""SkillProjBounceCount"", 2.000000))",Bounce,8310950,1
9460502,94605,5,雷电枪,2.5,35,1,1,"(X=50.000000,Y=50.000000,Z=50.000000)",((TagName="UGC.DamageNumber.Bounce")),SpawnProjectile_Linear,BlueprintGeneratedClass'/RoguelikeX/Asset/Blueprint/Prefabs/Skills/NewRogueSkill/Test_NewRogueSkill.Test_NewRogueSkill_C',BlueprintGeneratedClass'/RoguelikeX/Asset/Blueprint/RougeTreasureActor/Lightgun_94600.Lightgun_94600_C',BlueprintGeneratedClass'/RoguelikeX/Asset/Blueprint/Prefabs/Projectiles/NewRogueProj/Lightgun_9460001.Lightgun_9460001_C',Texture2D'/RoguelikeX/Asset/Art/UI/RouglikeXUI/SkillIcon/Icon_601_Skill_FJ.Icon_601_Skill_FJ',<font src="/Game/UMG/Fonts/AgencyFB_Bold.AgencyFB_Bold" size="16" color="ffff00">【弹射】【远程】</><br/><font src="/Game/UMG/Fonts/AgencyFB_Bold.AgencyFB_Bold" size="16" color="ffffff">发射一道光束，冷却时间</><font src="/Game/UMG/Fonts/AgencyFB_Bold.AgencyFB_Bold" size="16" color="ffff00">2.5</><font src="/Game/UMG/Fonts/AgencyFB_Bold.AgencyFB_Bold" size="16" color="ffffff">秒</><br/><font src="/Game/UMG/Fonts/AgencyFB_Bold.AgencyFB_Bold" size="16" color="ffffff">造成</><font src="/Game/UMG/Fonts/AgencyFB_Bold.AgencyFB_Bold" size="16" color="ffff00">35</><font src="/Game/UMG/Fonts/AgencyFB_Bold.AgencyFB_Bold" size="16" color="ffffff">伤害，弹射</><font src="/Game/UMG/Fonts/AgencyFB_Bold.AgencyFB_Bold" size="16" color="ffff00">2</><font src="/Game/UMG/Fonts/AgencyFB_Bold.AgencyFB_Bold" size="16" color="ffffff">次</><font></><font></>,2,None,"((""SkillProjSpeed"", 9999.000000),(""SkillProjBounceCount"", 3.000000))",Bounce,8310951,1
9460503,94605,5,雷电枪,2.5,42,1,1,"(X=50.000000,Y=50.000000,Z=50.000000)",((TagName="UGC.DamageNumber.Bounce")),SpawnProjectile_Linear,BlueprintGeneratedClass'/RoguelikeX/Asset/Blueprint/Prefabs/Skills/NewRogueSkill/Test_NewRogueSkill.Test_NewRogueSkill_C',BlueprintGeneratedClass'/RoguelikeX/Asset/Blueprint/RougeTreasureActor/Lightgun_94600.Lightgun_94600_C',BlueprintGeneratedClass'/RoguelikeX/Asset/Blueprint/Prefabs/Projectiles/NewRogueProj/Lightgun_9460001.Lightgun_9460001_C',Texture2D'/RoguelikeX/Asset/Art/UI/RouglikeXUI/SkillIcon/Icon_601_Skill_FJ.Icon_601_Skill_FJ',<font src="/Game/UMG/Fonts/AgencyFB_Bold.AgencyFB_Bold" size="16" color="ffff00">【弹射】【远程】</><br/><font src="/Game/UMG/Fonts/AgencyFB_Bold.AgencyFB_Bold" size="16" color="ffffff">发射一道光束，冷却时间</><font src="/Game/UMG/Fonts/AgencyFB_Bold.AgencyFB_Bold" size="16" color="ffff00">2.5</><font src="/Game/UMG/Fonts/AgencyFB_Bold.AgencyFB_Bold" size="16" color="ffffff">秒</><br/><font src="/Game/UMG/Fonts/AgencyFB_Bold.AgencyFB_Bold" size="16" color="ffffff">造成</><font src="/Game/UMG/Fonts/AgencyFB_Bold.AgencyFB_Bold" size="16" color="ffff00">42</><font src="/Game/UMG/Fonts/AgencyFB_Bold.AgencyFB_Bold" size="16" color="ffffff">伤害，弹射</><font src="/Game/UMG/Fonts/AgencyFB_Bold.AgencyFB_Bold" size="16" color="ffff00">3</><font src="/Game/UMG/Fonts/AgencyFB_Bold.AgencyFB_Bold" size="16" color="ffffff">次</><font></><font></>,3,None,"((""SkillProjSpeed"", 9999.000000),(""SkillProjBounceCount"", 4.000000))",Bounce,8310952,1
9460504,94605,5,雷电枪,2.5,50,1,1,"(X=50.000000,Y=50.000000,Z=50.000000)",((TagName="UGC.DamageNumber.Bounce")),SpawnProjectile_Linear,BlueprintGeneratedClass'/RoguelikeX/Asset/Blueprint/Prefabs/Skills/NewRogueSkill/Test_NewRogueSkill.Test_NewRogueSkill_C',BlueprintGeneratedClass'/RoguelikeX/Asset/Blueprint/RougeTreasureActor/Lightgun_94600.Lightgun_94600_C',BlueprintGeneratedClass'/RoguelikeX/Asset/Blueprint/Prefabs/Projectiles/NewRogueProj/Lightgun_9460001.Lightgun_9460001_C',Texture2D'/RoguelikeX/Asset/Art/UI/RouglikeXUI/SkillIcon/Icon_601_Skill_FJ.Icon_601_Skill_FJ',<font src="/Game/UMG/Fonts/AgencyFB_Bold.AgencyFB_Bold" size="16" color="ffff00">【弹射】【远程】</><br/><font src="/Game/UMG/Fonts/AgencyFB_Bold.AgencyFB_Bold" size="16" color="ffffff">发射一道光束，冷却时间</><font src="/Game/UMG/Fonts/AgencyFB_Bold.AgencyFB_Bold" size="16" color="ffff00">2.5</><font src="/Game/UMG/Fonts/AgencyFB_Bold.AgencyFB_Bold" size="16" color="ffffff">秒</><br/><font src="/Game/UMG/Fonts/AgencyFB_Bold.AgencyFB_Bold" size="16" color="ffffff">造成</><font src="/Game/UMG/Fonts/AgencyFB_Bold.AgencyFB_Bold" size="16" color="ffff00">50</><font src="/Game/UMG/Fonts/AgencyFB_Bold.AgencyFB_Bold" size="16" color="ffffff">伤害，弹射</><font src="/Game/UMG/Fonts/AgencyFB_Bold.AgencyFB_Bold" size="16" color="ffff00">4</><font src="/Game/UMG/Fonts/AgencyFB_Bold.AgencyFB_Bold" size="16" color="ffffff">次</><font></><font></>,4,None,"((""SkillProjSpeed"", 9999.000000),(""SkillProjBounceCount"", 5.000000))",Bounce,8310953,1
9460505,94605,5,雷电枪,2.5,58,1,1,"(X=50.000000,Y=50.000000,Z=50.000000)",((TagName="UGC.DamageNumber.Bounce")),SpawnProjectile_Linear,BlueprintGeneratedClass'/RoguelikeX/Asset/Blueprint/Prefabs/Skills/NewRogueSkill/Test_NewRogueSkill.Test_NewRogueSkill_C',BlueprintGeneratedClass'/RoguelikeX/Asset/Blueprint/RougeTreasureActor/Lightgun_94600.Lightgun_94600_C',BlueprintGeneratedClass'/RoguelikeX/Asset/Blueprint/Prefabs/Projectiles/NewRogueProj/Lightgun_9460001.Lightgun_9460001_C',Texture2D'/RoguelikeX/Asset/Art/UI/RouglikeXUI/SkillIcon/Icon_601_Skill_FJ.Icon_601_Skill_FJ',<font src="/Game/UMG/Fonts/AgencyFB_Bold.AgencyFB_Bold" size="16" color="ffff00">【弹射】【远程】</><br/><font src="/Game/UMG/Fonts/AgencyFB_Bold.AgencyFB_Bold" size="16" color="ffffff">发射一道光束，冷却时间</><font src="/Game/UMG/Fonts/AgencyFB_Bold.AgencyFB_Bold" size="16" color="ffff00">2.5</><font src="/Game/UMG/Fonts/AgencyFB_Bold.AgencyFB_Bold" size="16" color="ffffff">秒</><br/><font src="/Game/UMG/Fonts/AgencyFB_Bold.AgencyFB_Bold" size="16" color="ffffff">造成</><font src="/Game/UMG/Fonts/AgencyFB_Bold.AgencyFB_Bold" size="16" color="ffff00">58</><font src="/Game/UMG/Fonts/AgencyFB_Bold.AgencyFB_Bold" size="16" color="ffffff">伤害，弹射</><font src="/Game/UMG/Fonts/AgencyFB_Bold.AgencyFB_Bold" size="16" color="ffff00">5</><font src="/Game/UMG/Fonts/AgencyFB_Bold.AgencyFB_Bold" size="16" color="ffffff">次</><font></><font></>,5,None,"((""SkillProjSpeed"", 9999.000000),(""SkillProjBounceCount"", 6.000000))",Bounce,8310954,1
9470501,94705,5,两仪镜,2.5,31,1,1,"(X=50.000000,Y=50.000000,Z=50.000000)",((TagName="UGC.DamageNumber.Bounce")),SpawnProjectile_Linear,BlueprintGeneratedClass'/RoguelikeX/Asset/Blueprint/Prefabs/Skills/NewRogueSkill/Test_NewRogueSkill.Test_NewRogueSkill_C',BlueprintGeneratedClass'/RoguelikeX/Asset/Blueprint/RougeTreasureActor/Eject_94700.Eject_94700_C',BlueprintGeneratedClass'/RoguelikeX/Asset/Blueprint/Prefabs/Projectiles/NewRogueProj/Eject_9470001.Eject_9470001_C',Texture2D'/RoguelikeX/Asset/Art/UI/RouglikeXUI/SkillIcon/Icon_601_Skill_FJ.Icon_601_Skill_FJ',<font src="/Game/UMG/Fonts/AgencyFB_Bold.AgencyFB_Bold" size="16" color="ffff00">【弹射】【远程】</><br/><font src="/Game/UMG/Fonts/AgencyFB_Bold.AgencyFB_Bold" size="16" color="ffffff">发射一道光束，冷却时间</><font src="/Game/UMG/Fonts/AgencyFB_Bold.AgencyFB_Bold" size="16" color="ffff00">2.5</><font src="/Game/UMG/Fonts/AgencyFB_Bold.AgencyFB_Bold" size="16" color="ffffff">秒</><br/><font src="/Game/UMG/Fonts/AgencyFB_Bold.AgencyFB_Bold" size="16" color="ffffff">造成</><font src="/Game/UMG/Fonts/AgencyFB_Bold.AgencyFB_Bold" size="16" color="ffff00">31</><font src="/Game/UMG/Fonts/AgencyFB_Bold.AgencyFB_Bold" size="16" color="ffffff">伤害，弹射</><font src="/Game/UMG/Fonts/AgencyFB_Bold.AgencyFB_Bold" size="16" color="ffff00">1</><font src="/Game/UMG/Fonts/AgencyFB_Bold.AgencyFB_Bold" size="16" color="ffffff">次</><font></><font></>,1,None,"((""SkillProjSpeed"", 9999.000000),(""SkillProjBounceCount"", 2.000000))",Bounce,8310088,1
9470502,94705,5,两仪镜,2.5,35,1,1,"(X=50.000000,Y=50.000000,Z=50.000000)",((TagName="UGC.DamageNumber.Bounce")),SpawnProjectile_Linear,BlueprintGeneratedClass'/RoguelikeX/Asset/Blueprint/Prefabs/Skills/NewRogueSkill/Test_NewRogueSkill.Test_NewRogueSkill_C',BlueprintGeneratedClass'/RoguelikeX/Asset/Blueprint/RougeTreasureActor/Eject_94700.Eject_94700_C',BlueprintGeneratedClass'/RoguelikeX/Asset/Blueprint/Prefabs/Projectiles/NewRogueProj/Eject_9470001.Eject_9470001_C',Texture2D'/RoguelikeX/Asset/Art/UI/RouglikeXUI/SkillIcon/Icon_601_Skill_FJ.Icon_601_Skill_FJ',<font src="/Game/UMG/Fonts/AgencyFB_Bold.AgencyFB_Bold" size="16" color="ffff00">【弹射】【远程】</><br/><font src="/Game/UMG/Fonts/AgencyFB_Bold.AgencyFB_Bold" size="16" color="ffffff">发射一道光束，冷却时间</><font src="/Game/UMG/Fonts/AgencyFB_Bold.AgencyFB_Bold" size="16" color="ffff00">2.5</><font src="/Game/UMG/Fonts/AgencyFB_Bold.AgencyFB_Bold" size="16" color="ffffff">秒</><br/><font src="/Game/UMG/Fonts/AgencyFB_Bold.AgencyFB_Bold" size="16" color="ffffff">造成</><font src="/Game/UMG/Fonts/AgencyFB_Bold.AgencyFB_Bold" size="16" color="ffff00">35</><font src="/Game/UMG/Fonts/AgencyFB_Bold.AgencyFB_Bold" size="16" color="ffffff">伤害，弹射</><font src="/Game/UMG/Fonts/AgencyFB_Bold.AgencyFB_Bold" size="16" color="ffff00">2</><font src="/Game/UMG/Fonts/AgencyFB_Bold.AgencyFB_Bold" size="16" color="ffffff">次</><font></><font></>,2,None,"((""SkillProjSpeed"", 9999.000000),(""SkillProjBounceCount"", 3.000000))",Bounce,8310089,1
9470503,94705,5,两仪镜,2.5,42,1,1,"(X=50.000000,Y=50.000000,Z=50.000000)",((TagName="UGC.DamageNumber.Bounce")),SpawnProjectile_Linear,BlueprintGeneratedClass'/RoguelikeX/Asset/Blueprint/Prefabs/Skills/NewRogueSkill/Test_NewRogueSkill.Test_NewRogueSkill_C',BlueprintGeneratedClass'/RoguelikeX/Asset/Blueprint/RougeTreasureActor/Eject_94700.Eject_94700_C',BlueprintGeneratedClass'/RoguelikeX/Asset/Blueprint/Prefabs/Projectiles/NewRogueProj/Eject_9470001.Eject_9470001_C',Texture2D'/RoguelikeX/Asset/Art/UI/RouglikeXUI/SkillIcon/Icon_601_Skill_FJ.Icon_601_Skill_FJ',<font src="/Game/UMG/Fonts/AgencyFB_Bold.AgencyFB_Bold" size="16" color="ffff00">【弹射】【远程】</><br/><font src="/Game/UMG/Fonts/AgencyFB_Bold.AgencyFB_Bold" size="16" color="ffffff">发射一道光束，冷却时间</><font src="/Game/UMG/Fonts/AgencyFB_Bold.AgencyFB_Bold" size="16" color="ffff00">2.5</><font src="/Game/UMG/Fonts/AgencyFB_Bold.AgencyFB_Bold" size="16" color="ffffff">秒</><br/><font src="/Game/UMG/Fonts/AgencyFB_Bold.AgencyFB_Bold" size="16" color="ffffff">造成</><font src="/Game/UMG/Fonts/AgencyFB_Bold.AgencyFB_Bold" size="16" color="ffff00">42</><font src="/Game/UMG/Fonts/AgencyFB_Bold.AgencyFB_Bold" size="16" color="ffffff">伤害，弹射</><font src="/Game/UMG/Fonts/AgencyFB_Bold.AgencyFB_Bold" size="16" color="ffff00">3</><font src="/Game/UMG/Fonts/AgencyFB_Bold.AgencyFB_Bold" size="16" color="ffffff">次</><font></><font></>,3,None,"((""SkillProjSpeed"", 9999.000000),(""SkillProjBounceCount"", 4.000000))",Bounce,8310090,1
9470504,94705,5,两仪镜,2.5,50,1,1,"(X=50.000000,Y=50.000000,Z=50.000000)",((TagName="UGC.DamageNumber.Bounce")),SpawnProjectile_Linear,BlueprintGeneratedClass'/RoguelikeX/Asset/Blueprint/Prefabs/Skills/NewRogueSkill/Test_NewRogueSkill.Test_NewRogueSkill_C',BlueprintGeneratedClass'/RoguelikeX/Asset/Blueprint/RougeTreasureActor/Eject_94700.Eject_94700_C',BlueprintGeneratedClass'/RoguelikeX/Asset/Blueprint/Prefabs/Projectiles/NewRogueProj/Eject_9470001.Eject_9470001_C',Texture2D'/RoguelikeX/Asset/Art/UI/RouglikeXUI/SkillIcon/Icon_601_Skill_FJ.Icon_601_Skill_FJ',<font src="/Game/UMG/Fonts/AgencyFB_Bold.AgencyFB_Bold" size="16" color="ffff00">【弹射】【远程】</><br/><font src="/Game/UMG/Fonts/AgencyFB_Bold.AgencyFB_Bold" size="16" color="ffffff">发射一道光束，冷却时间</><font src="/Game/UMG/Fonts/AgencyFB_Bold.AgencyFB_Bold" size="16" color="ffff00">2.5</><font src="/Game/UMG/Fonts/AgencyFB_Bold.AgencyFB_Bold" size="16" color="ffffff">秒</><br/><font src="/Game/UMG/Fonts/AgencyFB_Bold.AgencyFB_Bold" size="16" color="ffffff">造成</><font src="/Game/UMG/Fonts/AgencyFB_Bold.AgencyFB_Bold" size="16" color="ffff00">50</><font src="/Game/UMG/Fonts/AgencyFB_Bold.AgencyFB_Bold" size="16" color="ffffff">伤害，弹射</><font src="/Game/UMG/Fonts/AgencyFB_Bold.AgencyFB_Bold" size="16" color="ffff00">4</><font src="/Game/UMG/Fonts/AgencyFB_Bold.AgencyFB_Bold" size="16" color="ffffff">次</><font></><font></>,4,None,"((""SkillProjSpeed"", 9999.000000),(""SkillProjBounceCount"", 5.000000))",Bounce,8310091,1
9470505,94705,5,两仪镜,2.5,58,1,1,"(X=50.000000,Y=50.000000,Z=50.000000)",((TagName="UGC.DamageNumber.Bounce")),SpawnProjectile_Linear,BlueprintGeneratedClass'/RoguelikeX/Asset/Blueprint/Prefabs/Skills/NewRogueSkill/Test_NewRogueSkill.Test_NewRogueSkill_C',BlueprintGeneratedClass'/RoguelikeX/Asset/Blueprint/RougeTreasureActor/Eject_94700.Eject_94700_C',BlueprintGeneratedClass'/RoguelikeX/Asset/Blueprint/Prefabs/Projectiles/NewRogueProj/Eject_9470001.Eject_9470001_C',Texture2D'/RoguelikeX/Asset/Art/UI/RouglikeXUI/SkillIcon/Icon_601_Skill_FJ.Icon_601_Skill_FJ',<font src="/Game/UMG/Fonts/AgencyFB_Bold.AgencyFB_Bold" size="16" color="ffff00">【弹射】【远程】</><br/><font src="/Game/UMG/Fonts/AgencyFB_Bold.AgencyFB_Bold" size="16" color="ffffff">发射一道光束，冷却时间</><font src="/Game/UMG/Fonts/AgencyFB_Bold.AgencyFB_Bold" size="16" color="ffff00">2.5</><font src="/Game/UMG/Fonts/AgencyFB_Bold.AgencyFB_Bold" size="16" color="ffffff">秒</><br/><font src="/Game/UMG/Fonts/AgencyFB_Bold.AgencyFB_Bold" size="16" color="ffffff">造成</><font src="/Game/UMG/Fonts/AgencyFB_Bold.AgencyFB_Bold" size="16" color="ffff00">58</><font src="/Game/UMG/Fonts/AgencyFB_Bold.AgencyFB_Bold" size="16" color="ffffff">伤害，弹射</><font src="/Game/UMG/Fonts/AgencyFB_Bold.AgencyFB_Bold" size="16" color="ffff00">5</><font src="/Game/UMG/Fonts/AgencyFB_Bold.AgencyFB_Bold" size="16" color="ffffff">次</><font></><font></>,5,None,"((""SkillProjSpeed"", 9999.000000),(""SkillProjBounceCount"", 6.000000))",Bounce,8310092,1
9050101,90501,1,沙漠之鹰,2.5,15,1,1,"(X=50.000000,Y=50.000000,Z=50.000000)",((TagName="UGC.DamageNumber.Pierce")),SpawnProjectile_Linear,BlueprintGeneratedClass'/RoguelikeX/Asset/Blueprint/Prefabs/Skills/NewRogueSkill/Gun_Skill_9050001.Gun_Skill_9050001_C',BlueprintGeneratedClass'/RoguelikeX/Asset/Blueprint/RougeTreasureActor/Deserteagle_90500.Deserteagle_90500_C',BlueprintGeneratedClass'/RoguelikeX/Asset/Blueprint/Prefabs/Projectiles/NewRogueProj/Deserteagle_Proj_9050002.DesertEagle_Proj_9050002_C',Texture2D'/RoguelikeX/Asset/Art/UI/RouglikeXUI/SkillIcon/Icon_601_Skill_FJ.Icon_601_Skill_FJ',<font src="/Game/UMG/Fonts/AgencyFB_Bold.AgencyFB_Bold" size="16" color="ffff00">【穿透】【远程】</><br/><font src="/Game/UMG/Fonts/AgencyFB_Bold.AgencyFB_Bold" size="16" color="ffffff">发射</><font src="/Game/UMG/Fonts/AgencyFB_Bold.AgencyFB_Bold" size="16" color="ffff00">1</><font src="/Game/UMG/Fonts/AgencyFB_Bold.AgencyFB_Bold" size="16" color="ffffff">发子弹，冷却时间</><font src="/Game/UMG/Fonts/AgencyFB_Bold.AgencyFB_Bold" size="16" color="ffff00">2.5</><font src="/Game/UMG/Fonts/AgencyFB_Bold.AgencyFB_Bold" size="16" color="ffffff">秒</><br/><font src="/Game/UMG/Fonts/AgencyFB_Bold.AgencyFB_Bold" size="16" color="ffffff">每发造成</><font src="/Game/UMG/Fonts/AgencyFB_Bold.AgencyFB_Bold" size="16" color="ffff00">15</><font src="/Game/UMG/Fonts/AgencyFB_Bold.AgencyFB_Bold" size="16" color="ffffff">伤害，穿透</><font src="/Game/UMG/Fonts/AgencyFB_Bold.AgencyFB_Bold" size="16" color="ffff00">4</><font src="/Game/UMG/Fonts/AgencyFB_Bold.AgencyFB_Bold" size="16" color="ffffff">次</>,1,None,"((""SkillProjSpeed"", 8000.000000),(""SkillProjPenetrateCount"", 4.000000))",Pierce,8310272,1
9050102,90501,1,沙漠之鹰,2.5,17,1,1,"(X=50.000000,Y=50.000000,Z=50.000000)",((TagName="UGC.DamageNumber.Pierce")),SpawnProjectile_Linear,BlueprintGeneratedClass'/RoguelikeX/Asset/Blueprint/Prefabs/Skills/NewRogueSkill/Gun_Skill_9050001.Gun_Skill_9050001_C',BlueprintGeneratedClass'/RoguelikeX/Asset/Blueprint/RougeTreasureActor/Deserteagle_90500.Deserteagle_90500_C',BlueprintGeneratedClass'/RoguelikeX/Asset/Blueprint/Prefabs/Projectiles/NewRogueProj/Deserteagle_Proj_9050002.DesertEagle_Proj_9050002_C',Texture2D'/RoguelikeX/Asset/Art/UI/RouglikeXUI/SkillIcon/Icon_601_Skill_FJ.Icon_601_Skill_FJ',<font src="/Game/UMG/Fonts/AgencyFB_Bold.AgencyFB_Bold" size="16" color="ffff00">【穿透】【远程】</><br/><font src="/Game/UMG/Fonts/AgencyFB_Bold.AgencyFB_Bold" size="16" color="ffffff">发射</><font src="/Game/UMG/Fonts/AgencyFB_Bold.AgencyFB_Bold" size="16" color="ffff00">1</><font src="/Game/UMG/Fonts/AgencyFB_Bold.AgencyFB_Bold" size="16" color="ffffff">发子弹，冷却时间</><font src="/Game/UMG/Fonts/AgencyFB_Bold.AgencyFB_Bold" size="16" color="ffff00">2.5</><font src="/Game/UMG/Fonts/AgencyFB_Bold.AgencyFB_Bold" size="16" color="ffffff">秒</><br/><font src="/Game/UMG/Fonts/AgencyFB_Bold.AgencyFB_Bold" size="16" color="ffffff">每发造成</><font src="/Game/UMG/Fonts/AgencyFB_Bold.AgencyFB_Bold" size="16" color="ffff00">17</><font src="/Game/UMG/Fonts/AgencyFB_Bold.AgencyFB_Bold" size="16" color="ffffff">伤害，穿透</><font src="/Game/UMG/Fonts/AgencyFB_Bold.AgencyFB_Bold" size="16" color="ffff00">5</><font src="/Game/UMG/Fonts/AgencyFB_Bold.AgencyFB_Bold" size="16" color="ffffff">次</>,2,None,"((""SkillProjSpeed"", 8000.000000),(""SkillProjPenetrateCount"", 5.000000))",Pierce,8310114,1
9050103,90501,1,沙漠之鹰,2.5,21,2,1,"(X=50.000000,Y=50.000000,Z=50.000000)",((TagName="UGC.DamageNumber.Pierce")),SpawnProjectile_Linear,BlueprintGeneratedClass'/RoguelikeX/Asset/Blueprint/Prefabs/Skills/NewRogueSkill/Gun_Skill_9050001.Gun_Skill_9050001_C',BlueprintGeneratedClass'/RoguelikeX/Asset/Blueprint/RougeTreasureActor/Deserteagle_90500.Deserteagle_90500_C',BlueprintGeneratedClass'/RoguelikeX/Asset/Blueprint/Prefabs/Projectiles/NewRogueProj/Deserteagle_Proj_9050002.DesertEagle_Proj_9050002_C',Texture2D'/RoguelikeX/Asset/Art/UI/RouglikeXUI/SkillIcon/Icon_601_Skill_FJ.Icon_601_Skill_FJ',<font src="/Game/UMG/Fonts/AgencyFB_Bold.AgencyFB_Bold" size="16" color="ffff00">【穿透】【远程】</><br/><font src="/Game/UMG/Fonts/AgencyFB_Bold.AgencyFB_Bold" size="16" color="ffffff">发射</><font src="/Game/UMG/Fonts/AgencyFB_Bold.AgencyFB_Bold" size="16" color="ffff00">2</><font src="/Game/UMG/Fonts/AgencyFB_Bold.AgencyFB_Bold" size="16" color="ffffff">发子弹，冷却时间</><font src="/Game/UMG/Fonts/AgencyFB_Bold.AgencyFB_Bold" size="16" color="ffff00">2.5</><font src="/Game/UMG/Fonts/AgencyFB_Bold.AgencyFB_Bold" size="16" color="ffffff">秒</><br/><font src="/Game/UMG/Fonts/AgencyFB_Bold.AgencyFB_Bold" size="16" color="ffffff">每发造成</><font src="/Game/UMG/Fonts/AgencyFB_Bold.AgencyFB_Bold" size="16" color="ffff00">21</><font src="/Game/UMG/Fonts/AgencyFB_Bold.AgencyFB_Bold" size="16" color="ffffff">伤害，穿透</><font src="/Game/UMG/Fonts/AgencyFB_Bold.AgencyFB_Bold" size="16" color="ffff00">5</><font src="/Game/UMG/Fonts/AgencyFB_Bold.AgencyFB_Bold" size="16" color="ffffff">次</>,3,None,"((""SkillProjSpeed"", 8000.000000),(""SkillProjPenetrateCount"", 5.000000))",Pierce,8310115,1
9050104,90501,1,沙漠之鹰,2.5,26,2,1,"(X=50.000000,Y=50.000000,Z=50.000000)",((TagName="UGC.DamageNumber.Pierce")),SpawnProjectile_Linear,BlueprintGeneratedClass'/RoguelikeX/Asset/Blueprint/Prefabs/Skills/NewRogueSkill/Gun_Skill_9050001.Gun_Skill_9050001_C',BlueprintGeneratedClass'/RoguelikeX/Asset/Blueprint/RougeTreasureActor/Deserteagle_90500.Deserteagle_90500_C',BlueprintGeneratedClass'/RoguelikeX/Asset/Blueprint/Prefabs/Projectiles/NewRogueProj/Deserteagle_Proj_9050002.DesertEagle_Proj_9050002_C',Texture2D'/RoguelikeX/Asset/Art/UI/RouglikeXUI/SkillIcon/Icon_601_Skill_FJ.Icon_601_Skill_FJ',<font src="/Game/UMG/Fonts/AgencyFB_Bold.AgencyFB_Bold" size="16" color="ffff00">【穿透】【远程】</><br/><font src="/Game/UMG/Fonts/AgencyFB_Bold.AgencyFB_Bold" size="16" color="ffffff">发射</><font src="/Game/UMG/Fonts/AgencyFB_Bold.AgencyFB_Bold" size="16" color="ffff00">2</><font src="/Game/UMG/Fonts/AgencyFB_Bold.AgencyFB_Bold" size="16" color="ffffff">发子弹，冷却时间</><font src="/Game/UMG/Fonts/AgencyFB_Bold.AgencyFB_Bold" size="16" color="ffff00">2.5</><font src="/Game/UMG/Fonts/AgencyFB_Bold.AgencyFB_Bold" size="16" color="ffffff">秒</><br/><font src="/Game/UMG/Fonts/AgencyFB_Bold.AgencyFB_Bold" size="16" color="ffffff">每发造成</><font src="/Game/UMG/Fonts/AgencyFB_Bold.AgencyFB_Bold" size="16" color="ffff00">26</><font src="/Game/UMG/Fonts/AgencyFB_Bold.AgencyFB_Bold" size="16" color="ffffff">伤害，穿透</><font src="/Game/UMG/Fonts/AgencyFB_Bold.AgencyFB_Bold" size="16" color="ffff00">6</><font src="/Game/UMG/Fonts/AgencyFB_Bold.AgencyFB_Bold" size="16" color="ffffff">次</>,4,None,"((""SkillProjSpeed"", 8000.000000),(""SkillProjPenetrateCount"", 6.000000))",Pierce,8310116,1
9050105,90501,1,沙漠之鹰,2.5,30,3,1,"(X=50.000000,Y=50.000000,Z=50.000000)",((TagName="UGC.DamageNumber.Pierce")),SpawnProjectile_Linear,BlueprintGeneratedClass'/RoguelikeX/Asset/Blueprint/Prefabs/Skills/NewRogueSkill/Gun_Skill_9050001.Gun_Skill_9050001_C',BlueprintGeneratedClass'/RoguelikeX/Asset/Blueprint/RougeTreasureActor/Deserteagle_90500.Deserteagle_90500_C',BlueprintGeneratedClass'/RoguelikeX/Asset/Blueprint/Prefabs/Projectiles/NewRogueProj/Deserteagle_Proj_9050002.DesertEagle_Proj_9050002_C',Texture2D'/RoguelikeX/Asset/Art/UI/RouglikeXUI/SkillIcon/Icon_601_Skill_FJ.Icon_601_Skill_FJ',<font src="/Game/UMG/Fonts/AgencyFB_Bold.AgencyFB_Bold" size="16" color="ffff00">【穿透】【远程】</><br/><font src="/Game/UMG/Fonts/AgencyFB_Bold.AgencyFB_Bold" size="16" color="ffffff">发射</><font src="/Game/UMG/Fonts/AgencyFB_Bold.AgencyFB_Bold" size="16" color="ffff00">3</><font src="/Game/UMG/Fonts/AgencyFB_Bold.AgencyFB_Bold" size="16" color="ffffff">发子弹，冷却时间</><font src="/Game/UMG/Fonts/AgencyFB_Bold.AgencyFB_Bold" size="16" color="ffff00">2.5</><font src="/Game/UMG/Fonts/AgencyFB_Bold.AgencyFB_Bold" size="16" color="ffffff">秒</><br/><font src="/Game/UMG/Fonts/AgencyFB_Bold.AgencyFB_Bold" size="16" color="ffffff">每发造成</><font src="/Game/UMG/Fonts/AgencyFB_Bold.AgencyFB_Bold" size="16" color="ffff00">30</><font src="/Game/UMG/Fonts/AgencyFB_Bold.AgencyFB_Bold" size="16" color="ffffff">伤害，穿透</><font src="/Game/UMG/Fonts/AgencyFB_Bold.AgencyFB_Bold" size="16" color="ffff00">6</><font src="/Game/UMG/Fonts/AgencyFB_Bold.AgencyFB_Bold" size="16" color="ffffff">次</>,5,None,"((""SkillProjSpeed"", 8000.000000),(""SkillProjPenetrateCount"", 6.000000))",Pierce,8310751,1
9060301,90603,3,AK47,2.5,8,3,1,"(X=50.000000,Y=50.000000,Z=50.000000)",((TagName="UGC.DamageNumber.Pierce")),SpawnProjectile_Linear,BlueprintGeneratedClass'/RoguelikeX/Asset/Blueprint/Prefabs/Skills/NewRogueSkill/Gun_Skill_9060001.Gun_Skill_9060001_C',BlueprintGeneratedClass'/RoguelikeX/Asset/Blueprint/RougeTreasureActor/AK47_90600.AK47_90600_C',BlueprintGeneratedClass'/RoguelikeX/Asset/Blueprint/Prefabs/Projectiles/NewRogueProj/AK_Proj_9060001.AK_Proj_9060001_C',Texture2D'/RoguelikeX/Asset/Art/UI/RouglikeXUI/SkillIcon/Icon_601_Skill_FJ.Icon_601_Skill_FJ',<font src="/Game/UMG/Fonts/AgencyFB_Bold.AgencyFB_Bold" size="16" color="ffff00">【穿透】【远程】</><br/><font src="/Game/UMG/Fonts/AgencyFB_Bold.AgencyFB_Bold" size="16" color="ffffff">发射</><font src="/Game/UMG/Fonts/AgencyFB_Bold.AgencyFB_Bold" size="16" color="ffff00">3</><font src="/Game/UMG/Fonts/AgencyFB_Bold.AgencyFB_Bold" size="16" color="ffffff">发子弹，冷却时间</><font src="/Game/UMG/Fonts/AgencyFB_Bold.AgencyFB_Bold" size="16" color="ffff00">2.5</><font src="/Game/UMG/Fonts/AgencyFB_Bold.AgencyFB_Bold" size="16" color="ffffff">秒</><br/><font src="/Game/UMG/Fonts/AgencyFB_Bold.AgencyFB_Bold" size="16" color="ffffff">每发造成</><font src="/Game/UMG/Fonts/AgencyFB_Bold.AgencyFB_Bold" size="16" color="ffff00">8</><font src="/Game/UMG/Fonts/AgencyFB_Bold.AgencyFB_Bold" size="16" color="ffffff">伤害，穿透</><font src="/Game/UMG/Fonts/AgencyFB_Bold.AgencyFB_Bold" size="16" color="ffff00">4</><font src="/Game/UMG/Fonts/AgencyFB_Bold.AgencyFB_Bold" size="16" color="ffffff">次</>,1,None,"((""SkillProjSpeed"", 8000.000000),(""SkillProjPenetrateCount"", 4.000000))",Pierce,8310273,1
9060302,90603,3,AK47,2.5,10,3,1,"(X=50.000000,Y=50.000000,Z=50.000000)",((TagName="UGC.DamageNumber.Pierce")),SpawnProjectile_Linear,BlueprintGeneratedClass'/RoguelikeX/Asset/Blueprint/Prefabs/Skills/NewRogueSkill/Gun_Skill_9060001.Gun_Skill_9060001_C',BlueprintGeneratedClass'/RoguelikeX/Asset/Blueprint/RougeTreasureActor/AK47_90600.AK47_90600_C',BlueprintGeneratedClass'/RoguelikeX/Asset/Blueprint/Prefabs/Projectiles/NewRogueProj/AK_Proj_9060001.AK_Proj_9060001_C',Texture2D'/RoguelikeX/Asset/Art/UI/RouglikeXUI/SkillIcon/Icon_601_Skill_FJ.Icon_601_Skill_FJ',<font src="/Game/UMG/Fonts/AgencyFB_Bold.AgencyFB_Bold" size="16" color="ffff00">【穿透】【远程】</><br/><font src="/Game/UMG/Fonts/AgencyFB_Bold.AgencyFB_Bold" size="16" color="ffffff">发射</><font src="/Game/UMG/Fonts/AgencyFB_Bold.AgencyFB_Bold" size="16" color="ffff00">3</><font src="/Game/UMG/Fonts/AgencyFB_Bold.AgencyFB_Bold" size="16" color="ffffff">发子弹，冷却时间</><font src="/Game/UMG/Fonts/AgencyFB_Bold.AgencyFB_Bold" size="16" color="ffff00">2.5</><font src="/Game/UMG/Fonts/AgencyFB_Bold.AgencyFB_Bold" size="16" color="ffffff">秒</><br/><font src="/Game/UMG/Fonts/AgencyFB_Bold.AgencyFB_Bold" size="16" color="ffffff">每发造成</><font src="/Game/UMG/Fonts/AgencyFB_Bold.AgencyFB_Bold" size="16" color="ffff00">10</><font src="/Game/UMG/Fonts/AgencyFB_Bold.AgencyFB_Bold" size="16" color="ffffff">伤害，穿透</><font src="/Game/UMG/Fonts/AgencyFB_Bold.AgencyFB_Bold" size="16" color="ffff00">5</><font src="/Game/UMG/Fonts/AgencyFB_Bold.AgencyFB_Bold" size="16" color="ffffff">次</>,2,None,"((""SkillProjSpeed"", 8000.000000),(""SkillProjPenetrateCount"", 5.000000))",Pierce,8310894,1
9060303,90603,3,AK47,2.5,12,4,1,"(X=50.000000,Y=50.000000,Z=50.000000)",((TagName="UGC.DamageNumber.Pierce")),SpawnProjectile_Linear,BlueprintGeneratedClass'/RoguelikeX/Asset/Blueprint/Prefabs/Skills/NewRogueSkill/Gun_Skill_9060001.Gun_Skill_9060001_C',BlueprintGeneratedClass'/RoguelikeX/Asset/Blueprint/RougeTreasureActor/AK47_90600.AK47_90600_C',BlueprintGeneratedClass'/RoguelikeX/Asset/Blueprint/Prefabs/Projectiles/NewRogueProj/AK_Proj_9060001.AK_Proj_9060001_C',Texture2D'/RoguelikeX/Asset/Art/UI/RouglikeXUI/SkillIcon/Icon_601_Skill_FJ.Icon_601_Skill_FJ',<font src="/Game/UMG/Fonts/AgencyFB_Bold.AgencyFB_Bold" size="16" color="ffff00">【穿透】【远程】</><br/><font src="/Game/UMG/Fonts/AgencyFB_Bold.AgencyFB_Bold" size="16" color="ffffff">发射</><font src="/Game/UMG/Fonts/AgencyFB_Bold.AgencyFB_Bold" size="16" color="ffff00">4</><font src="/Game/UMG/Fonts/AgencyFB_Bold.AgencyFB_Bold" size="16" color="ffffff">发子弹，冷却时间</><font src="/Game/UMG/Fonts/AgencyFB_Bold.AgencyFB_Bold" size="16" color="ffff00">2.5</><font src="/Game/UMG/Fonts/AgencyFB_Bold.AgencyFB_Bold" size="16" color="ffffff">秒</><br/><font src="/Game/UMG/Fonts/AgencyFB_Bold.AgencyFB_Bold" size="16" color="ffffff">每发造成</><font src="/Game/UMG/Fonts/AgencyFB_Bold.AgencyFB_Bold" size="16" color="ffff00">12</><font src="/Game/UMG/Fonts/AgencyFB_Bold.AgencyFB_Bold" size="16" color="ffffff">伤害，穿透</><font src="/Game/UMG/Fonts/AgencyFB_Bold.AgencyFB_Bold" size="16" color="ffff00">5</><font src="/Game/UMG/Fonts/AgencyFB_Bold.AgencyFB_Bold" size="16" color="ffffff">次</>,3,None,"((""SkillProjSpeed"", 8000.000000),(""SkillProjPenetrateCount"", 5.000000))",Pierce,8310895,1
9060304,90603,3,AK47,2.5,14,4,1,"(X=50.000000,Y=50.000000,Z=50.000000)",((TagName="UGC.DamageNumber.Pierce")),SpawnProjectile_Linear,BlueprintGeneratedClass'/RoguelikeX/Asset/Blueprint/Prefabs/Skills/NewRogueSkill/Gun_Skill_9060001.Gun_Skill_9060001_C',BlueprintGeneratedClass'/RoguelikeX/Asset/Blueprint/RougeTreasureActor/AK47_90600.AK47_90600_C',BlueprintGeneratedClass'/RoguelikeX/Asset/Blueprint/Prefabs/Projectiles/NewRogueProj/AK_Proj_9060001.AK_Proj_9060001_C',Texture2D'/RoguelikeX/Asset/Art/UI/RouglikeXUI/SkillIcon/Icon_601_Skill_FJ.Icon_601_Skill_FJ',<font src="/Game/UMG/Fonts/AgencyFB_Bold.AgencyFB_Bold" size="16" color="ffff00">【穿透】【远程】</><br/><font src="/Game/UMG/Fonts/AgencyFB_Bold.AgencyFB_Bold" size="16" color="ffffff">发射</><font src="/Game/UMG/Fonts/AgencyFB_Bold.AgencyFB_Bold" size="16" color="ffff00">4</><font src="/Game/UMG/Fonts/AgencyFB_Bold.AgencyFB_Bold" size="16" color="ffffff">发子弹，冷却时间</><font src="/Game/UMG/Fonts/AgencyFB_Bold.AgencyFB_Bold" size="16" color="ffff00">2.5</><font src="/Game/UMG/Fonts/AgencyFB_Bold.AgencyFB_Bold" size="16" color="ffffff">秒</><br/><font src="/Game/UMG/Fonts/AgencyFB_Bold.AgencyFB_Bold" size="16" color="ffffff">每发造成</><font src="/Game/UMG/Fonts/AgencyFB_Bold.AgencyFB_Bold" size="16" color="ffff00">14</><font src="/Game/UMG/Fonts/AgencyFB_Bold.AgencyFB_Bold" size="16" color="ffffff">伤害，穿透</><font src="/Game/UMG/Fonts/AgencyFB_Bold.AgencyFB_Bold" size="16" color="ffff00">6</><font src="/Game/UMG/Fonts/AgencyFB_Bold.AgencyFB_Bold" size="16" color="ffffff">次</>,4,None,"((""SkillProjSpeed"", 8000.000000),(""SkillProjPenetrateCount"", 6.000000))",Pierce,8310896,1
9060305,90603,3,AK47,2.5,17,5,1,"(X=50.000000,Y=50.000000,Z=50.000000)",((TagName="UGC.DamageNumber.Pierce")),SpawnProjectile_Linear,BlueprintGeneratedClass'/RoguelikeX/Asset/Blueprint/Prefabs/Skills/NewRogueSkill/Gun_Skill_9060001.Gun_Skill_9060001_C',BlueprintGeneratedClass'/RoguelikeX/Asset/Blueprint/RougeTreasureActor/AK47_90600.AK47_90600_C',BlueprintGeneratedClass'/RoguelikeX/Asset/Blueprint/Prefabs/Projectiles/NewRogueProj/AK_Proj_9060001.AK_Proj_9060001_C',Texture2D'/RoguelikeX/Asset/Art/UI/RouglikeXUI/SkillIcon/Icon_601_Skill_FJ.Icon_601_Skill_FJ',<font src="/Game/UMG/Fonts/AgencyFB_Bold.AgencyFB_Bold" size="16" color="ffff00">【穿透】【远程】</><br/><font src="/Game/UMG/Fonts/AgencyFB_Bold.AgencyFB_Bold" size="16" color="ffffff">发射</><font src="/Game/UMG/Fonts/AgencyFB_Bold.AgencyFB_Bold" size="16" color="ffff00">5</><font src="/Game/UMG/Fonts/AgencyFB_Bold.AgencyFB_Bold" size="16" color="ffffff">发子弹，冷却时间</><font src="/Game/UMG/Fonts/AgencyFB_Bold.AgencyFB_Bold" size="16" color="ffff00">2.5</><font src="/Game/UMG/Fonts/AgencyFB_Bold.AgencyFB_Bold" size="16" color="ffffff">秒</><br/><font src="/Game/UMG/Fonts/AgencyFB_Bold.AgencyFB_Bold" size="16" color="ffffff">每发造成</><font src="/Game/UMG/Fonts/AgencyFB_Bold.AgencyFB_Bold" size="16" color="ffff00">17</><font src="/Game/UMG/Fonts/AgencyFB_Bold.AgencyFB_Bold" size="16" color="ffffff">伤害，穿透</><font src="/Game/UMG/Fonts/AgencyFB_Bold.AgencyFB_Bold" size="16" color="ffff00">6</><font src="/Game/UMG/Fonts/AgencyFB_Bold.AgencyFB_Bold" size="16" color="ffffff">次</>,5,None,"((""SkillProjSpeed"", 8000.000000),(""SkillProjPenetrateCount"", 6.000000))",Pierce,8310897,1
9070401,90704,4,AWM,2.5,45,1,1,"(X=50.000000,Y=50.000000,Z=50.000000)",((TagName="UGC.DamageNumber.Pierce")),SpawnProjectile_Linear,BlueprintGeneratedClass'/RoguelikeX/Asset/Blueprint/Prefabs/Skills/NewRogueSkill/Gun_Skill_9070001.Gun_Skill_9070001_C',BlueprintGeneratedClass'/RoguelikeX/Asset/Blueprint/RougeTreasureActor/AWM_90702.AWM_90702_C',BlueprintGeneratedClass'/RoguelikeX/Asset/Blueprint/Prefabs/Projectiles/NewRogueProj/AWM_Proj_9070002.AWM_Proj_9070002_C',Texture2D'/RoguelikeX/Asset/Art/UI/RouglikeXUI/SkillIcon/Icon_601_Skill_FJ.Icon_601_Skill_FJ',<font src="/Game/UMG/Fonts/AgencyFB_Bold.AgencyFB_Bold" size="16" color="ffff00">【穿透】【远程】</><br/><font src="/Game/UMG/Fonts/AgencyFB_Bold.AgencyFB_Bold" size="16" color="ffffff">发射</><font src="/Game/UMG/Fonts/AgencyFB_Bold.AgencyFB_Bold" size="16" color="ffff00">1</><font src="/Game/UMG/Fonts/AgencyFB_Bold.AgencyFB_Bold" size="16" color="ffffff">发子弹，冷却时间</><font src="/Game/UMG/Fonts/AgencyFB_Bold.AgencyFB_Bold" size="16" color="ffff00">2.5</><font src="/Game/UMG/Fonts/AgencyFB_Bold.AgencyFB_Bold" size="16" color="ffffff">秒</><br/><font src="/Game/UMG/Fonts/AgencyFB_Bold.AgencyFB_Bold" size="16" color="ffffff">每发造成</><font src="/Game/UMG/Fonts/AgencyFB_Bold.AgencyFB_Bold" size="16" color="ffff00">45</><font src="/Game/UMG/Fonts/AgencyFB_Bold.AgencyFB_Bold" size="16" color="ffffff">伤害，穿透</><font src="/Game/UMG/Fonts/AgencyFB_Bold.AgencyFB_Bold" size="16" color="ffff00">4</><font src="/Game/UMG/Fonts/AgencyFB_Bold.AgencyFB_Bold" size="16" color="ffffff">次</>,1,None,"((""SkillProjSpeed"", 8000.000000),(""SkillProjPenetrateCount"", 4.000000))",Pierce,8310197,1
9070402,90704,4,AWM,2.5,51,1,1,"(X=50.000000,Y=50.000000,Z=50.000000)",((TagName="UGC.DamageNumber.Pierce")),SpawnProjectile_Linear,BlueprintGeneratedClass'/RoguelikeX/Asset/Blueprint/Prefabs/Skills/NewRogueSkill/Gun_Skill_9070001.Gun_Skill_9070001_C',BlueprintGeneratedClass'/RoguelikeX/Asset/Blueprint/RougeTreasureActor/AWM_90702.AWM_90702_C',BlueprintGeneratedClass'/RoguelikeX/Asset/Blueprint/Prefabs/Projectiles/NewRogueProj/AWM_Proj_9070002.AWM_Proj_9070002_C',Texture2D'/RoguelikeX/Asset/Art/UI/RouglikeXUI/SkillIcon/Icon_601_Skill_FJ.Icon_601_Skill_FJ',<font src="/Game/UMG/Fonts/AgencyFB_Bold.AgencyFB_Bold" size="16" color="ffff00">【穿透】【远程】</><br/><font src="/Game/UMG/Fonts/AgencyFB_Bold.AgencyFB_Bold" size="16" color="ffffff">发射</><font src="/Game/UMG/Fonts/AgencyFB_Bold.AgencyFB_Bold" size="16" color="ffff00">1</><font src="/Game/UMG/Fonts/AgencyFB_Bold.AgencyFB_Bold" size="16" color="ffffff">发子弹，冷却时间</><font src="/Game/UMG/Fonts/AgencyFB_Bold.AgencyFB_Bold" size="16" color="ffff00">2.5</><font src="/Game/UMG/Fonts/AgencyFB_Bold.AgencyFB_Bold" size="16" color="ffffff">秒</><br/><font src="/Game/UMG/Fonts/AgencyFB_Bold.AgencyFB_Bold" size="16" color="ffffff">每发造成</><font src="/Game/UMG/Fonts/AgencyFB_Bold.AgencyFB_Bold" size="16" color="ffff00">51</><font src="/Game/UMG/Fonts/AgencyFB_Bold.AgencyFB_Bold" size="16" color="ffffff">伤害，穿透</><font src="/Game/UMG/Fonts/AgencyFB_Bold.AgencyFB_Bold" size="16" color="ffff00">5</><font src="/Game/UMG/Fonts/AgencyFB_Bold.AgencyFB_Bold" size="16" color="ffffff">次</>,2,None,"((""SkillProjSpeed"", 8000.000000),(""SkillProjPenetrateCount"", 5.000000))",Pierce,8310906,1
9070403,90704,4,AWM,2.5,63,2,1,"(X=50.000000,Y=50.000000,Z=50.000000)",((TagName="UGC.DamageNumber.Pierce")),SpawnProjectile_Linear,BlueprintGeneratedClass'/RoguelikeX/Asset/Blueprint/Prefabs/Skills/NewRogueSkill/Gun_Skill_9070001.Gun_Skill_9070001_C',BlueprintGeneratedClass'/RoguelikeX/Asset/Blueprint/RougeTreasureActor/AWM_90702.AWM_90702_C',BlueprintGeneratedClass'/RoguelikeX/Asset/Blueprint/Prefabs/Projectiles/NewRogueProj/AWM_Proj_9070002.AWM_Proj_9070002_C',Texture2D'/RoguelikeX/Asset/Art/UI/RouglikeXUI/SkillIcon/Icon_601_Skill_FJ.Icon_601_Skill_FJ',<font src="/Game/UMG/Fonts/AgencyFB_Bold.AgencyFB_Bold" size="16" color="ffff00">【穿透】【远程】</><br/><font src="/Game/UMG/Fonts/AgencyFB_Bold.AgencyFB_Bold" size="16" color="ffffff">发射</><font src="/Game/UMG/Fonts/AgencyFB_Bold.AgencyFB_Bold" size="16" color="ffff00">2</><font src="/Game/UMG/Fonts/AgencyFB_Bold.AgencyFB_Bold" size="16" color="ffffff">发子弹，冷却时间</><font src="/Game/UMG/Fonts/AgencyFB_Bold.AgencyFB_Bold" size="16" color="ffff00">2.5</><font src="/Game/UMG/Fonts/AgencyFB_Bold.AgencyFB_Bold" size="16" color="ffffff">秒</><br/><font src="/Game/UMG/Fonts/AgencyFB_Bold.AgencyFB_Bold" size="16" color="ffffff">每发造成</><font src="/Game/UMG/Fonts/AgencyFB_Bold.AgencyFB_Bold" size="16" color="ffff00">63</><font src="/Game/UMG/Fonts/AgencyFB_Bold.AgencyFB_Bold" size="16" color="ffffff">伤害，穿透</><font src="/Game/UMG/Fonts/AgencyFB_Bold.AgencyFB_Bold" size="16" color="ffff00">5</><font src="/Game/UMG/Fonts/AgencyFB_Bold.AgencyFB_Bold" size="16" color="ffffff">次</>,3,None,"((""SkillProjSpeed"", 8000.000000),(""SkillProjPenetrateCount"", 5.000000))",Pierce,8310907,1
9070404,90704,4,AWM,2.5,75,2,1,"(X=50.000000,Y=50.000000,Z=50.000000)",((TagName="UGC.DamageNumber.Pierce")),SpawnProjectile_Linear,BlueprintGeneratedClass'/RoguelikeX/Asset/Blueprint/Prefabs/Skills/NewRogueSkill/Gun_Skill_9070001.Gun_Skill_9070001_C',BlueprintGeneratedClass'/RoguelikeX/Asset/Blueprint/RougeTreasureActor/AWM_90702.AWM_90702_C',BlueprintGeneratedClass'/RoguelikeX/Asset/Blueprint/Prefabs/Projectiles/NewRogueProj/AWM_Proj_9070002.AWM_Proj_9070002_C',Texture2D'/RoguelikeX/Asset/Art/UI/RouglikeXUI/SkillIcon/Icon_601_Skill_FJ.Icon_601_Skill_FJ',<font src="/Game/UMG/Fonts/AgencyFB_Bold.AgencyFB_Bold" size="16" color="ffff00">【穿透】【远程】</><br/><font src="/Game/UMG/Fonts/AgencyFB_Bold.AgencyFB_Bold" size="16" color="ffffff">发射</><font src="/Game/UMG/Fonts/AgencyFB_Bold.AgencyFB_Bold" size="16" color="ffff00">2</><font src="/Game/UMG/Fonts/AgencyFB_Bold.AgencyFB_Bold" size="16" color="ffffff">发子弹，冷却时间</><font src="/Game/UMG/Fonts/AgencyFB_Bold.AgencyFB_Bold" size="16" color="ffff00">2.5</><font src="/Game/UMG/Fonts/AgencyFB_Bold.AgencyFB_Bold" size="16" color="ffffff">秒</><br/><font src="/Game/UMG/Fonts/AgencyFB_Bold.AgencyFB_Bold" size="16" color="ffffff">每发造成</><font src="/Game/UMG/Fonts/AgencyFB_Bold.AgencyFB_Bold" size="16" color="ffff00">75</><font src="/Game/UMG/Fonts/AgencyFB_Bold.AgencyFB_Bold" size="16" color="ffffff">伤害，穿透</><font src="/Game/UMG/Fonts/AgencyFB_Bold.AgencyFB_Bold" size="16" color="ffff00">6</><font src="/Game/UMG/Fonts/AgencyFB_Bold.AgencyFB_Bold" size="16" color="ffffff">次</>,4,None,"((""SkillProjSpeed"", 8000.000000),(""SkillProjPenetrateCount"", 6.000000))",Pierce,8310908,1
9070405,90704,4,AWM,2.5,87,3,1,"(X=50.000000,Y=50.000000,Z=50.000000)",((TagName="UGC.DamageNumber.Pierce")),SpawnProjectile_Linear,BlueprintGeneratedClass'/RoguelikeX/Asset/Blueprint/Prefabs/Skills/NewRogueSkill/Gun_Skill_9070001.Gun_Skill_9070001_C',BlueprintGeneratedClass'/RoguelikeX/Asset/Blueprint/RougeTreasureActor/AWM_90702.AWM_90702_C',BlueprintGeneratedClass'/RoguelikeX/Asset/Blueprint/Prefabs/Projectiles/NewRogueProj/AWM_Proj_9070002.AWM_Proj_9070002_C',Texture2D'/RoguelikeX/Asset/Art/UI/RouglikeXUI/SkillIcon/Icon_601_Skill_FJ.Icon_601_Skill_FJ',<font src="/Game/UMG/Fonts/AgencyFB_Bold.AgencyFB_Bold" size="16" color="ffff00">【穿透】【远程】</><br/><font src="/Game/UMG/Fonts/AgencyFB_Bold.AgencyFB_Bold" size="16" color="ffffff">发射</><font src="/Game/UMG/Fonts/AgencyFB_Bold.AgencyFB_Bold" size="16" color="ffff00">3</><font src="/Game/UMG/Fonts/AgencyFB_Bold.AgencyFB_Bold" size="16" color="ffffff">发子弹，冷却时间</><font src="/Game/UMG/Fonts/AgencyFB_Bold.AgencyFB_Bold" size="16" color="ffff00">2.5</><font src="/Game/UMG/Fonts/AgencyFB_Bold.AgencyFB_Bold" size="16" color="ffffff">秒</><br/><font src="/Game/UMG/Fonts/AgencyFB_Bold.AgencyFB_Bold" size="16" color="ffffff">每发造成</><font src="/Game/UMG/Fonts/AgencyFB_Bold.AgencyFB_Bold" size="16" color="ffff00">87</><font src="/Game/UMG/Fonts/AgencyFB_Bold.AgencyFB_Bold" size="16" color="ffffff">伤害，穿透</><font src="/Game/UMG/Fonts/AgencyFB_Bold.AgencyFB_Bold" size="16" color="ffff00">6</><font src="/Game/UMG/Fonts/AgencyFB_Bold.AgencyFB_Bold" size="16" color="ffffff">次</>,5,None,"((""SkillProjSpeed"", 8000.000000),(""SkillProjPenetrateCount"", 6.000000))",Pierce,8310909,1
9480401,94804,4,激光枪,2.5,58,1,1,"(X=50.000000,Y=50.000000,Z=50.000000)",((TagName="UGC.DamageNumber.Pierce")),SpawnProjectile_Linear,BlueprintGeneratedClass'/RoguelikeX/Asset/Blueprint/Prefabs/Skills/NewRogueSkill/Gun_Skill_9050001.Gun_Skill_9050001_C',BlueprintGeneratedClass'/RoguelikeX/Asset/Blueprint/RougeTreasureActor/Lasergun_94801.Lasergun_94801_C',BlueprintGeneratedClass'/RoguelikeX/Asset/Blueprint/Prefabs/Projectiles/NewRogueProj/Lasergun_9480001.Lasergun_9480001_C',Texture2D'/RoguelikeX/Asset/Art/UI/RouglikeXUI/SkillIcon/Icon_601_Skill_FJ.Icon_601_Skill_FJ',<font src="/Game/UMG/Fonts/AgencyFB_Bold.AgencyFB_Bold" size="16" color="ffff00">【穿透】【远程】</><br/><font src="/Game/UMG/Fonts/AgencyFB_Bold.AgencyFB_Bold" size="16" color="ffffff">发射</><font src="/Game/UMG/Fonts/AgencyFB_Bold.AgencyFB_Bold" size="16" color="ffff00">1</><font src="/Game/UMG/Fonts/AgencyFB_Bold.AgencyFB_Bold" size="16" color="ffffff">发子弹，冷却时间</><font src="/Game/UMG/Fonts/AgencyFB_Bold.AgencyFB_Bold" size="16" color="ffff00">2.5</><font src="/Game/UMG/Fonts/AgencyFB_Bold.AgencyFB_Bold" size="16" color="ffffff">秒</><br/><font src="/Game/UMG/Fonts/AgencyFB_Bold.AgencyFB_Bold" size="16" color="ffffff">每发造成</><font src="/Game/UMG/Fonts/AgencyFB_Bold.AgencyFB_Bold" size="16" color="ffff00">58</><font src="/Game/UMG/Fonts/AgencyFB_Bold.AgencyFB_Bold" size="16" color="ffffff">伤害，穿透</><font src="/Game/UMG/Fonts/AgencyFB_Bold.AgencyFB_Bold" size="16" color="ffff00">4</><font src="/Game/UMG/Fonts/AgencyFB_Bold.AgencyFB_Bold" size="16" color="ffffff">次</>,1,None,"((""SkillProjSpeed"", 8000.000000),(""SkillProjPenetrateCount"", 4.000000))",Pierce,8310742,1
9480402,94804,4,激光枪,2.5,66,1,1,"(X=50.000000,Y=50.000000,Z=50.000000)",((TagName="UGC.DamageNumber.Pierce")),SpawnProjectile_Linear,BlueprintGeneratedClass'/RoguelikeX/Asset/Blueprint/Prefabs/Skills/NewRogueSkill/Gun_Skill_9050001.Gun_Skill_9050001_C',BlueprintGeneratedClass'/RoguelikeX/Asset/Blueprint/RougeTreasureActor/Lasergun_94801.Lasergun_94801_C',BlueprintGeneratedClass'/RoguelikeX/Asset/Blueprint/Prefabs/Projectiles/NewRogueProj/Lasergun_9480001.Lasergun_9480001_C',Texture2D'/RoguelikeX/Asset/Art/UI/RouglikeXUI/SkillIcon/Icon_601_Skill_FJ.Icon_601_Skill_FJ',<font src="/Game/UMG/Fonts/AgencyFB_Bold.AgencyFB_Bold" size="16" color="ffff00">【穿透】【远程】</><br/><font src="/Game/UMG/Fonts/AgencyFB_Bold.AgencyFB_Bold" size="16" color="ffffff">发射</><font src="/Game/UMG/Fonts/AgencyFB_Bold.AgencyFB_Bold" size="16" color="ffff00">1</><font src="/Game/UMG/Fonts/AgencyFB_Bold.AgencyFB_Bold" size="16" color="ffffff">发子弹，冷却时间</><font src="/Game/UMG/Fonts/AgencyFB_Bold.AgencyFB_Bold" size="16" color="ffff00">2.5</><font src="/Game/UMG/Fonts/AgencyFB_Bold.AgencyFB_Bold" size="16" color="ffffff">秒</><br/><font src="/Game/UMG/Fonts/AgencyFB_Bold.AgencyFB_Bold" size="16" color="ffffff">每发造成</><font src="/Game/UMG/Fonts/AgencyFB_Bold.AgencyFB_Bold" size="16" color="ffff00">66</><font src="/Game/UMG/Fonts/AgencyFB_Bold.AgencyFB_Bold" size="16" color="ffffff">伤害，穿透</><font src="/Game/UMG/Fonts/AgencyFB_Bold.AgencyFB_Bold" size="16" color="ffff00">7</><font src="/Game/UMG/Fonts/AgencyFB_Bold.AgencyFB_Bold" size="16" color="ffffff">次</>,2,None,"((""SkillProjSpeed"", 8000.000000),(""SkillProjPenetrateCount"", 6.000000))",Pierce,8310946,1
9480403,94804,4,激光枪,2.5,81,2,1,"(X=50.000000,Y=50.000000,Z=50.000000)",((TagName="UGC.DamageNumber.Pierce")),SpawnProjectile_Linear,BlueprintGeneratedClass'/RoguelikeX/Asset/Blueprint/Prefabs/Skills/NewRogueSkill/Gun_Skill_9050001.Gun_Skill_9050001_C',BlueprintGeneratedClass'/RoguelikeX/Asset/Blueprint/RougeTreasureActor/Lasergun_94801.Lasergun_94801_C',BlueprintGeneratedClass'/RoguelikeX/Asset/Blueprint/Prefabs/Projectiles/NewRogueProj/Lasergun_9480001.Lasergun_9480001_C',Texture2D'/RoguelikeX/Asset/Art/UI/RouglikeXUI/SkillIcon/Icon_601_Skill_FJ.Icon_601_Skill_FJ',<font src="/Game/UMG/Fonts/AgencyFB_Bold.AgencyFB_Bold" size="16" color="ffff00">【穿透】【远程】</><br/><font src="/Game/UMG/Fonts/AgencyFB_Bold.AgencyFB_Bold" size="16" color="ffffff">发射</><font src="/Game/UMG/Fonts/AgencyFB_Bold.AgencyFB_Bold" size="16" color="ffff00">2</><font src="/Game/UMG/Fonts/AgencyFB_Bold.AgencyFB_Bold" size="16" color="ffffff">发子弹，冷却时间</><font src="/Game/UMG/Fonts/AgencyFB_Bold.AgencyFB_Bold" size="16" color="ffff00">2.5</><font src="/Game/UMG/Fonts/AgencyFB_Bold.AgencyFB_Bold" size="16" color="ffffff">秒</><br/><font src="/Game/UMG/Fonts/AgencyFB_Bold.AgencyFB_Bold" size="16" color="ffffff">每发造成</><font src="/Game/UMG/Fonts/AgencyFB_Bold.AgencyFB_Bold" size="16" color="ffff00">81</><font src="/Game/UMG/Fonts/AgencyFB_Bold.AgencyFB_Bold" size="16" color="ffffff">伤害，穿透</><font src="/Game/UMG/Fonts/AgencyFB_Bold.AgencyFB_Bold" size="16" color="ffff00">7</><font src="/Game/UMG/Fonts/AgencyFB_Bold.AgencyFB_Bold" size="16" color="ffffff">次</>,3,None,"((""SkillProjSpeed"", 8000.000000),(""SkillProjPenetrateCount"", 6.000000))",Pierce,8310947,1
9480404,94804,4,激光枪,2.5,97,2,1,"(X=50.000000,Y=50.000000,Z=50.000000)",((TagName="UGC.DamageNumber.Pierce")),SpawnProjectile_Linear,BlueprintGeneratedClass'/RoguelikeX/Asset/Blueprint/Prefabs/Skills/NewRogueSkill/Gun_Skill_9050001.Gun_Skill_9050001_C',BlueprintGeneratedClass'/RoguelikeX/Asset/Blueprint/RougeTreasureActor/Lasergun_94801.Lasergun_94801_C',BlueprintGeneratedClass'/RoguelikeX/Asset/Blueprint/Prefabs/Projectiles/NewRogueProj/Lasergun_9480001.Lasergun_9480001_C',Texture2D'/RoguelikeX/Asset/Art/UI/RouglikeXUI/SkillIcon/Icon_601_Skill_FJ.Icon_601_Skill_FJ',<font src="/Game/UMG/Fonts/AgencyFB_Bold.AgencyFB_Bold" size="16" color="ffff00">【穿透】【远程】</><br/><font src="/Game/UMG/Fonts/AgencyFB_Bold.AgencyFB_Bold" size="16" color="ffffff">发射</><font src="/Game/UMG/Fonts/AgencyFB_Bold.AgencyFB_Bold" size="16" color="ffff00">2</><font src="/Game/UMG/Fonts/AgencyFB_Bold.AgencyFB_Bold" size="16" color="ffffff">发子弹，冷却时间</><font src="/Game/UMG/Fonts/AgencyFB_Bold.AgencyFB_Bold" size="16" color="ffff00">2.5</><font src="/Game/UMG/Fonts/AgencyFB_Bold.AgencyFB_Bold" size="16" color="ffffff">秒</><br/><font src="/Game/UMG/Fonts/AgencyFB_Bold.AgencyFB_Bold" size="16" color="ffffff">每发造成</><font src="/Game/UMG/Fonts/AgencyFB_Bold.AgencyFB_Bold" size="16" color="ffff00">97</><font src="/Game/UMG/Fonts/AgencyFB_Bold.AgencyFB_Bold" size="16" color="ffffff">伤害，穿透</><font src="/Game/UMG/Fonts/AgencyFB_Bold.AgencyFB_Bold" size="16" color="ffff00">8</><font src="/Game/UMG/Fonts/AgencyFB_Bold.AgencyFB_Bold" size="16" color="ffffff">次</>,4,None,"((""SkillProjSpeed"", 8000.000000),(""SkillProjPenetrateCount"", 8.000000))",Pierce,8310948,1
9480405,94804,4,激光枪,2.5,113,3,1,"(X=50.000000,Y=50.000000,Z=50.000000)",((TagName="UGC.DamageNumber.Pierce")),SpawnProjectile_Linear,BlueprintGeneratedClass'/RoguelikeX/Asset/Blueprint/Prefabs/Skills/NewRogueSkill/Gun_Skill_9050001.Gun_Skill_9050001_C',BlueprintGeneratedClass'/RoguelikeX/Asset/Blueprint/RougeTreasureActor/Lasergun_94801.Lasergun_94801_C',BlueprintGeneratedClass'/RoguelikeX/Asset/Blueprint/Prefabs/Projectiles/NewRogueProj/Lasergun_9480001.Lasergun_9480001_C',Texture2D'/RoguelikeX/Asset/Art/UI/RouglikeXUI/SkillIcon/Icon_601_Skill_FJ.Icon_601_Skill_FJ',<font src="/Game/UMG/Fonts/AgencyFB_Bold.AgencyFB_Bold" size="16" color="ffff00">【穿透】【远程】</><br/><font src="/Game/UMG/Fonts/AgencyFB_Bold.AgencyFB_Bold" size="16" color="ffffff">发射</><font src="/Game/UMG/Fonts/AgencyFB_Bold.AgencyFB_Bold" size="16" color="ffff00">3</><font src="/Game/UMG/Fonts/AgencyFB_Bold.AgencyFB_Bold" size="16" color="ffffff">发子弹，冷却时间</><font src="/Game/UMG/Fonts/AgencyFB_Bold.AgencyFB_Bold" size="16" color="ffff00">2.5</><font src="/Game/UMG/Fonts/AgencyFB_Bold.AgencyFB_Bold" size="16" color="ffffff">秒</><br/><font src="/Game/UMG/Fonts/AgencyFB_Bold.AgencyFB_Bold" size="16" color="ffffff">每发造成</><font src="/Game/UMG/Fonts/AgencyFB_Bold.AgencyFB_Bold" size="16" color="ffff00">113</><font src="/Game/UMG/Fonts/AgencyFB_Bold.AgencyFB_Bold" size="16" color="ffffff">伤害，穿透</><font src="/Game/UMG/Fonts/AgencyFB_Bold.AgencyFB_Bold" size="16" color="ffff00">8</><font src="/Game/UMG/Fonts/AgencyFB_Bold.AgencyFB_Bold" size="16" color="ffffff">次</>,5,None,"((""SkillProjSpeed"", 8000.000000),(""SkillProjPenetrateCount"", 8.000000))",Pierce,8310949,1
9490501,94905,5,能量巨炮,2.5,60,1,1,"(X=50.000000,Y=50.000000,Z=50.000000)",((TagName="UGC.DamageNumber.Pierce")),SpawnProjectile_Linear,BlueprintGeneratedClass'/RoguelikeX/Asset/Blueprint/Prefabs/Skills/NewRogueSkill/Gun_Skill_9050001.Gun_Skill_9050001_C',BlueprintGeneratedClass'/RoguelikeX/Asset/Blueprint/RougeTreasureActor/Cannon_94902.Cannon_94902_C',BlueprintGeneratedClass'/RoguelikeX/Asset/Blueprint/Prefabs/Projectiles/NewRogueProj/Cannon_9490001.Cannon_9490001_C',Texture2D'/RoguelikeX/Asset/Art/UI/RouglikeXUI/SkillIcon/Icon_601_Skill_FJ.Icon_601_Skill_FJ',<font src="/Game/UMG/Fonts/AgencyFB_Bold.AgencyFB_Bold" size="16" color="ffff00">【穿透】【远程】</><br/><font src="/Game/UMG/Fonts/AgencyFB_Bold.AgencyFB_Bold" size="16" color="ffffff">发射</><font src="/Game/UMG/Fonts/AgencyFB_Bold.AgencyFB_Bold" size="16" color="ffff00">1</><font src="/Game/UMG/Fonts/AgencyFB_Bold.AgencyFB_Bold" size="16" color="ffffff">发子弹，冷却时间</><font src="/Game/UMG/Fonts/AgencyFB_Bold.AgencyFB_Bold" size="16" color="ffff00">2.5</><font src="/Game/UMG/Fonts/AgencyFB_Bold.AgencyFB_Bold" size="16" color="ffffff">秒</><br/><font src="/Game/UMG/Fonts/AgencyFB_Bold.AgencyFB_Bold" size="16" color="ffffff">每发造成</><font src="/Game/UMG/Fonts/AgencyFB_Bold.AgencyFB_Bold" size="16" color="ffff00">60</><font src="/Game/UMG/Fonts/AgencyFB_Bold.AgencyFB_Bold" size="16" color="ffffff">伤害，穿透</><font src="/Game/UMG/Fonts/AgencyFB_Bold.AgencyFB_Bold" size="16" color="ffff00">4</><font src="/Game/UMG/Fonts/AgencyFB_Bold.AgencyFB_Bold" size="16" color="ffffff">次</>,1,None,"((""SkillProjSpeed"", 3000.000000),(""SkillProjPenetrateCount"", 4.000000))",Pierce,8310769,1
9490502,94905,5,能量巨炮,2.5,67,1,1,"(X=50.000000,Y=50.000000,Z=50.000000)",((TagName="UGC.DamageNumber.Pierce")),SpawnProjectile_Linear,BlueprintGeneratedClass'/RoguelikeX/Asset/Blueprint/Prefabs/Skills/NewRogueSkill/Gun_Skill_9050001.Gun_Skill_9050001_C',BlueprintGeneratedClass'/RoguelikeX/Asset/Blueprint/RougeTreasureActor/Cannon_94902.Cannon_94902_C',BlueprintGeneratedClass'/RoguelikeX/Asset/Blueprint/Prefabs/Projectiles/NewRogueProj/Cannon_9490001.Cannon_9490001_C',Texture2D'/RoguelikeX/Asset/Art/UI/RouglikeXUI/SkillIcon/Icon_601_Skill_FJ.Icon_601_Skill_FJ',<font src="/Game/UMG/Fonts/AgencyFB_Bold.AgencyFB_Bold" size="16" color="ffff00">【穿透】【远程】</><br/><font src="/Game/UMG/Fonts/AgencyFB_Bold.AgencyFB_Bold" size="16" color="ffffff">发射</><font src="/Game/UMG/Fonts/AgencyFB_Bold.AgencyFB_Bold" size="16" color="ffff00">1</><font src="/Game/UMG/Fonts/AgencyFB_Bold.AgencyFB_Bold" size="16" color="ffffff">发子弹，冷却时间</><font src="/Game/UMG/Fonts/AgencyFB_Bold.AgencyFB_Bold" size="16" color="ffff00">2.5</><font src="/Game/UMG/Fonts/AgencyFB_Bold.AgencyFB_Bold" size="16" color="ffffff">秒</><br/><font src="/Game/UMG/Fonts/AgencyFB_Bold.AgencyFB_Bold" size="16" color="ffffff">每发造成</><font src="/Game/UMG/Fonts/AgencyFB_Bold.AgencyFB_Bold" size="16" color="ffff00">67</><font src="/Game/UMG/Fonts/AgencyFB_Bold.AgencyFB_Bold" size="16" color="ffffff">伤害，穿透</><font src="/Game/UMG/Fonts/AgencyFB_Bold.AgencyFB_Bold" size="16" color="ffff00">5</><font src="/Game/UMG/Fonts/AgencyFB_Bold.AgencyFB_Bold" size="16" color="ffffff">次</>,2,None,"((""SkillProjSpeed"", 3000.000000),(""SkillProjPenetrateCount"", 5.000000))",Pierce,8310770,1
9490503,94905,5,能量巨炮,2.5,82,2,1,"(X=50.000000,Y=50.000000,Z=50.000000)",((TagName="UGC.DamageNumber.Pierce")),SpawnProjectile_Linear,BlueprintGeneratedClass'/RoguelikeX/Asset/Blueprint/Prefabs/Skills/NewRogueSkill/Gun_Skill_9050001.Gun_Skill_9050001_C',BlueprintGeneratedClass'/RoguelikeX/Asset/Blueprint/RougeTreasureActor/Cannon_94902.Cannon_94902_C',BlueprintGeneratedClass'/RoguelikeX/Asset/Blueprint/Prefabs/Projectiles/NewRogueProj/Cannon_9490001.Cannon_9490001_C',Texture2D'/RoguelikeX/Asset/Art/UI/RouglikeXUI/SkillIcon/Icon_601_Skill_FJ.Icon_601_Skill_FJ',<font src="/Game/UMG/Fonts/AgencyFB_Bold.AgencyFB_Bold" size="16" color="ffff00">【穿透】【远程】</><br/><font src="/Game/UMG/Fonts/AgencyFB_Bold.AgencyFB_Bold" size="16" color="ffffff">发射</><font src="/Game/UMG/Fonts/AgencyFB_Bold.AgencyFB_Bold" size="16" color="ffff00">2</><font src="/Game/UMG/Fonts/AgencyFB_Bold.AgencyFB_Bold" size="16" color="ffffff">发子弹，冷却时间</><font src="/Game/UMG/Fonts/AgencyFB_Bold.AgencyFB_Bold" size="16" color="ffff00">2.5</><font src="/Game/UMG/Fonts/AgencyFB_Bold.AgencyFB_Bold" size="16" color="ffffff">秒</><br/><font src="/Game/UMG/Fonts/AgencyFB_Bold.AgencyFB_Bold" size="16" color="ffffff">每发造成</><font src="/Game/UMG/Fonts/AgencyFB_Bold.AgencyFB_Bold" size="16" color="ffff00">82</><font src="/Game/UMG/Fonts/AgencyFB_Bold.AgencyFB_Bold" size="16" color="ffffff">伤害，穿透</><font src="/Game/UMG/Fonts/AgencyFB_Bold.AgencyFB_Bold" size="16" color="ffff00">5</><font src="/Game/UMG/Fonts/AgencyFB_Bold.AgencyFB_Bold" size="16" color="ffffff">次</>,3,None,"((""SkillProjSpeed"", 3000.000000),(""SkillProjPenetrateCount"", 5.000000))",Pierce,8310771,1
9490504,94905,5,能量巨炮,2.5,97,2,1,"(X=50.000000,Y=50.000000,Z=50.000000)",((TagName="UGC.DamageNumber.Pierce")),SpawnProjectile_Linear,BlueprintGeneratedClass'/RoguelikeX/Asset/Blueprint/Prefabs/Skills/NewRogueSkill/Gun_Skill_9050001.Gun_Skill_9050001_C',BlueprintGeneratedClass'/RoguelikeX/Asset/Blueprint/RougeTreasureActor/Cannon_94902.Cannon_94902_C',BlueprintGeneratedClass'/RoguelikeX/Asset/Blueprint/Prefabs/Projectiles/NewRogueProj/Cannon_9490001.Cannon_9490001_C',Texture2D'/RoguelikeX/Asset/Art/UI/RouglikeXUI/SkillIcon/Icon_601_Skill_FJ.Icon_601_Skill_FJ',<font src="/Game/UMG/Fonts/AgencyFB_Bold.AgencyFB_Bold" size="16" color="ffff00">【穿透】【远程】</><br/><font src="/Game/UMG/Fonts/AgencyFB_Bold.AgencyFB_Bold" size="16" color="ffffff">发射</><font src="/Game/UMG/Fonts/AgencyFB_Bold.AgencyFB_Bold" size="16" color="ffff00">2</><font src="/Game/UMG/Fonts/AgencyFB_Bold.AgencyFB_Bold" size="16" color="ffffff">发子弹，冷却时间</><font src="/Game/UMG/Fonts/AgencyFB_Bold.AgencyFB_Bold" size="16" color="ffff00">2.5</><font src="/Game/UMG/Fonts/AgencyFB_Bold.AgencyFB_Bold" size="16" color="ffffff">秒</><br/><font src="/Game/UMG/Fonts/AgencyFB_Bold.AgencyFB_Bold" size="16" color="ffffff">每发造成</><font src="/Game/UMG/Fonts/AgencyFB_Bold.AgencyFB_Bold" size="16" color="ffff00">97</><font src="/Game/UMG/Fonts/AgencyFB_Bold.AgencyFB_Bold" size="16" color="ffffff">伤害，穿透</><font src="/Game/UMG/Fonts/AgencyFB_Bold.AgencyFB_Bold" size="16" color="ffff00">6</><font src="/Game/UMG/Fonts/AgencyFB_Bold.AgencyFB_Bold" size="16" color="ffffff">次</>,4,None,"((""SkillProjSpeed"", 3000.000000),(""SkillProjPenetrateCount"", 6.000000))",Pierce,8310772,1
9490505,94905,5,能量巨炮,2.5,112,3,1,"(X=50.000000,Y=50.000000,Z=50.000000)",((TagName="UGC.DamageNumber.Pierce")),SpawnProjectile_Linear,BlueprintGeneratedClass'/RoguelikeX/Asset/Blueprint/Prefabs/Skills/NewRogueSkill/Gun_Skill_9050001.Gun_Skill_9050001_C',BlueprintGeneratedClass'/RoguelikeX/Asset/Blueprint/RougeTreasureActor/Cannon_94902.Cannon_94902_C',BlueprintGeneratedClass'/RoguelikeX/Asset/Blueprint/Prefabs/Projectiles/NewRogueProj/Cannon_9490001.Cannon_9490001_C',Texture2D'/RoguelikeX/Asset/Art/UI/RouglikeXUI/SkillIcon/Icon_601_Skill_FJ.Icon_601_Skill_FJ',<font src="/Game/UMG/Fonts/AgencyFB_Bold.AgencyFB_Bold" size="16" color="ffff00">【穿透】【远程】</><br/><font src="/Game/UMG/Fonts/AgencyFB_Bold.AgencyFB_Bold" size="16" color="ffffff">发射</><font src="/Game/UMG/Fonts/AgencyFB_Bold.AgencyFB_Bold" size="16" color="ffff00">3</><font src="/Game/UMG/Fonts/AgencyFB_Bold.AgencyFB_Bold" size="16" color="ffffff">发子弹，冷却时间</><font src="/Game/UMG/Fonts/AgencyFB_Bold.AgencyFB_Bold" size="16" color="ffff00">2.5</><font src="/Game/UMG/Fonts/AgencyFB_Bold.AgencyFB_Bold" size="16" color="ffffff">秒</><br/><font src="/Game/UMG/Fonts/AgencyFB_Bold.AgencyFB_Bold" size="16" color="ffffff">每发造成</><font src="/Game/UMG/Fonts/AgencyFB_Bold.AgencyFB_Bold" size="16" color="ffff00">112</><font src="/Game/UMG/Fonts/AgencyFB_Bold.AgencyFB_Bold" size="16" color="ffffff">伤害，穿透</><font src="/Game/UMG/Fonts/AgencyFB_Bold.AgencyFB_Bold" size="16" color="ffff00">6</><font src="/Game/UMG/Fonts/AgencyFB_Bold.AgencyFB_Bold" size="16" color="ffffff">次</>,5,None,"((""SkillProjSpeed"", 3000.000000),(""SkillProjPenetrateCount"", 6.000000))",Pierce,8310773,1
9080501,90805,5,加特林,5,15,10,1,"(X=50.000000,Y=50.000000,Z=50.000000)",((TagName="UGC.DamageNumber.Pierce")),SpawnProjectile_Linear,BlueprintGeneratedClass'/RoguelikeX/Asset/Blueprint/Prefabs/Skills/NewRogueSkill/Gun_Skill_9080001.Gun_Skill_9080001_C',BlueprintGeneratedClass'/RoguelikeX/Asset/Blueprint/RougeTreasureActor/M134_90802.M134_90802_C',BlueprintGeneratedClass'/RoguelikeX/Asset/Blueprint/Prefabs/Projectiles/NewRogueProj/M134_Proj_9080003.M134_Proj_9080003_C',Texture2D'/RoguelikeX/Asset/Art/UI/RouglikeXUI/SkillIcon/Icon_601_Skill_FJ.Icon_601_Skill_FJ',<font src="/Game/UMG/Fonts/AgencyFB_Bold.AgencyFB_Bold" size="16" color="ffff00">【穿透】【远程】</><br/><font src="/Game/UMG/Fonts/AgencyFB_Bold.AgencyFB_Bold" size="16" color="ffffff">发射</><font src="/Game/UMG/Fonts/AgencyFB_Bold.AgencyFB_Bold" size="16" color="ffff00">10</><font src="/Game/UMG/Fonts/AgencyFB_Bold.AgencyFB_Bold" size="16" color="ffffff">发子弹，冷却时间</><font src="/Game/UMG/Fonts/AgencyFB_Bold.AgencyFB_Bold" size="16" color="ffff00">5</><font src="/Game/UMG/Fonts/AgencyFB_Bold.AgencyFB_Bold" size="16" color="ffffff">秒</><br/><font src="/Game/UMG/Fonts/AgencyFB_Bold.AgencyFB_Bold" size="16" color="ffffff">每发造成</><font src="/Game/UMG/Fonts/AgencyFB_Bold.AgencyFB_Bold" size="16" color="ffff00">15</><font src="/Game/UMG/Fonts/AgencyFB_Bold.AgencyFB_Bold" size="16" color="ffffff">伤害，穿透</><font src="/Game/UMG/Fonts/AgencyFB_Bold.AgencyFB_Bold" size="16" color="ffff00">4</><font src="/Game/UMG/Fonts/AgencyFB_Bold.AgencyFB_Bold" size="16" color="ffffff">次</>,1,None,"((""SkillProjSpeed"", 8000.000000),(""SkillProjPenetrateCount"", 4.000000))",Pierce,8310764,1
9080502,90805,5,加特林,5,17,10,1,"(X=50.000000,Y=50.000000,Z=50.000000)",((TagName="UGC.DamageNumber.Pierce")),SpawnProjectile_Linear,BlueprintGeneratedClass'/RoguelikeX/Asset/Blueprint/Prefabs/Skills/NewRogueSkill/Gun_Skill_9080001.Gun_Skill_9080001_C',BlueprintGeneratedClass'/RoguelikeX/Asset/Blueprint/RougeTreasureActor/M134_90802.M134_90802_C',BlueprintGeneratedClass'/RoguelikeX/Asset/Blueprint/Prefabs/Projectiles/NewRogueProj/M134_Proj_9080003.M134_Proj_9080003_C',Texture2D'/RoguelikeX/Asset/Art/UI/RouglikeXUI/SkillIcon/Icon_601_Skill_FJ.Icon_601_Skill_FJ',<font src="/Game/UMG/Fonts/AgencyFB_Bold.AgencyFB_Bold" size="16" color="ffff00">【穿透】【远程】</><br/><font src="/Game/UMG/Fonts/AgencyFB_Bold.AgencyFB_Bold" size="16" color="ffffff">发射</><font src="/Game/UMG/Fonts/AgencyFB_Bold.AgencyFB_Bold" size="16" color="ffff00">10</><font src="/Game/UMG/Fonts/AgencyFB_Bold.AgencyFB_Bold" size="16" color="ffffff">发子弹，冷却时间</><font src="/Game/UMG/Fonts/AgencyFB_Bold.AgencyFB_Bold" size="16" color="ffff00">5</><font src="/Game/UMG/Fonts/AgencyFB_Bold.AgencyFB_Bold" size="16" color="ffffff">秒</><br/><font src="/Game/UMG/Fonts/AgencyFB_Bold.AgencyFB_Bold" size="16" color="ffffff">每发造成</><font src="/Game/UMG/Fonts/AgencyFB_Bold.AgencyFB_Bold" size="16" color="ffff00">17</><font src="/Game/UMG/Fonts/AgencyFB_Bold.AgencyFB_Bold" size="16" color="ffffff">伤害，穿透</><font src="/Game/UMG/Fonts/AgencyFB_Bold.AgencyFB_Bold" size="16" color="ffff00">6</><font src="/Game/UMG/Fonts/AgencyFB_Bold.AgencyFB_Bold" size="16" color="ffffff">次</>,2,None,"((""SkillProjSpeed"", 8000.000000),(""SkillProjPenetrateCount"", 6.000000))",Pierce,8310765,1
9080503,90805,5,加特林,5,21,13,1,"(X=50.000000,Y=50.000000,Z=50.000000)",((TagName="UGC.DamageNumber.Pierce")),SpawnProjectile_Linear,BlueprintGeneratedClass'/RoguelikeX/Asset/Blueprint/Prefabs/Skills/NewRogueSkill/Gun_Skill_9080001.Gun_Skill_9080001_C',BlueprintGeneratedClass'/RoguelikeX/Asset/Blueprint/RougeTreasureActor/M134_90802.M134_90802_C',BlueprintGeneratedClass'/RoguelikeX/Asset/Blueprint/Prefabs/Projectiles/NewRogueProj/M134_Proj_9080003.M134_Proj_9080003_C',Texture2D'/RoguelikeX/Asset/Art/UI/RouglikeXUI/SkillIcon/Icon_601_Skill_FJ.Icon_601_Skill_FJ',<font src="/Game/UMG/Fonts/AgencyFB_Bold.AgencyFB_Bold" size="16" color="ffff00">【穿透】【远程】</><br/><font src="/Game/UMG/Fonts/AgencyFB_Bold.AgencyFB_Bold" size="16" color="ffffff">发射</><font src="/Game/UMG/Fonts/AgencyFB_Bold.AgencyFB_Bold" size="16" color="ffff00">13</><font src="/Game/UMG/Fonts/AgencyFB_Bold.AgencyFB_Bold" size="16" color="ffffff">发子弹，冷却时间</><font src="/Game/UMG/Fonts/AgencyFB_Bold.AgencyFB_Bold" size="16" color="ffff00">5</><font src="/Game/UMG/Fonts/AgencyFB_Bold.AgencyFB_Bold" size="16" color="ffffff">秒</><br/><font src="/Game/UMG/Fonts/AgencyFB_Bold.AgencyFB_Bold" size="16" color="ffffff">每发造成</><font src="/Game/UMG/Fonts/AgencyFB_Bold.AgencyFB_Bold" size="16" color="ffff00">21</><font src="/Game/UMG/Fonts/AgencyFB_Bold.AgencyFB_Bold" size="16" color="ffffff">伤害，穿透</><font src="/Game/UMG/Fonts/AgencyFB_Bold.AgencyFB_Bold" size="16" color="ffff00">6</><font src="/Game/UMG/Fonts/AgencyFB_Bold.AgencyFB_Bold" size="16" color="ffffff">次</>,3,None,"((""SkillProjSpeed"", 8000.000000),(""SkillProjPenetrateCount"", 6.000000))",Pierce,8310766,1
9080504,90805,5,加特林,5,25,13,1,"(X=50.000000,Y=50.000000,Z=50.000000)",((TagName="UGC.DamageNumber.Pierce")),SpawnProjectile_Linear,BlueprintGeneratedClass'/RoguelikeX/Asset/Blueprint/Prefabs/Skills/NewRogueSkill/Gun_Skill_9080001.Gun_Skill_9080001_C',BlueprintGeneratedClass'/RoguelikeX/Asset/Blueprint/RougeTreasureActor/M134_90802.M134_90802_C',BlueprintGeneratedClass'/RoguelikeX/Asset/Blueprint/Prefabs/Projectiles/NewRogueProj/M134_Proj_9080003.M134_Proj_9080003_C',Texture2D'/RoguelikeX/Asset/Art/UI/RouglikeXUI/SkillIcon/Icon_601_Skill_FJ.Icon_601_Skill_FJ',<font src="/Game/UMG/Fonts/AgencyFB_Bold.AgencyFB_Bold" size="16" color="ffff00">【穿透】【远程】</><br/><font src="/Game/UMG/Fonts/AgencyFB_Bold.AgencyFB_Bold" size="16" color="ffffff">发射</><font src="/Game/UMG/Fonts/AgencyFB_Bold.AgencyFB_Bold" size="16" color="ffff00">13</><font src="/Game/UMG/Fonts/AgencyFB_Bold.AgencyFB_Bold" size="16" color="ffffff">发子弹，冷却时间</><font src="/Game/UMG/Fonts/AgencyFB_Bold.AgencyFB_Bold" size="16" color="ffff00">5</><font src="/Game/UMG/Fonts/AgencyFB_Bold.AgencyFB_Bold" size="16" color="ffffff">秒</><br/><font src="/Game/UMG/Fonts/AgencyFB_Bold.AgencyFB_Bold" size="16" color="ffffff">每发造成</><font src="/Game/UMG/Fonts/AgencyFB_Bold.AgencyFB_Bold" size="16" color="ffff00">25</><font src="/Game/UMG/Fonts/AgencyFB_Bold.AgencyFB_Bold" size="16" color="ffffff">伤害，穿透</><font src="/Game/UMG/Fonts/AgencyFB_Bold.AgencyFB_Bold" size="16" color="ffff00">8</><font src="/Game/UMG/Fonts/AgencyFB_Bold.AgencyFB_Bold" size="16" color="ffffff">次</>,4,None,"((""SkillProjSpeed"", 8000.000000),(""SkillProjPenetrateCount"", 8.000000))",Pierce,8310767,1
9080505,90805,5,加特林,5,29,16,1,"(X=50.000000,Y=50.000000,Z=50.000000)",((TagName="UGC.DamageNumber.Pierce")),SpawnProjectile_Linear,BlueprintGeneratedClass'/RoguelikeX/Asset/Blueprint/Prefabs/Skills/NewRogueSkill/Gun_Skill_9080001.Gun_Skill_9080001_C',BlueprintGeneratedClass'/RoguelikeX/Asset/Blueprint/RougeTreasureActor/M134_90802.M134_90802_C',BlueprintGeneratedClass'/RoguelikeX/Asset/Blueprint/Prefabs/Projectiles/NewRogueProj/M134_Proj_9080003.M134_Proj_9080003_C',Texture2D'/RoguelikeX/Asset/Art/UI/RouglikeXUI/SkillIcon/Icon_601_Skill_FJ.Icon_601_Skill_FJ',<font src="/Game/UMG/Fonts/AgencyFB_Bold.AgencyFB_Bold" size="16" color="ffff00">【穿透】【远程】</><br/><font src="/Game/UMG/Fonts/AgencyFB_Bold.AgencyFB_Bold" size="16" color="ffffff">发射</><font src="/Game/UMG/Fonts/AgencyFB_Bold.AgencyFB_Bold" size="16" color="ffff00">16</><font src="/Game/UMG/Fonts/AgencyFB_Bold.AgencyFB_Bold" size="16" color="ffffff">发子弹，冷却时间</><font src="/Game/UMG/Fonts/AgencyFB_Bold.AgencyFB_Bold" size="16" color="ffff00">5</><font src="/Game/UMG/Fonts/AgencyFB_Bold.AgencyFB_Bold" size="16" color="ffffff">秒</><br/><font src="/Game/UMG/Fonts/AgencyFB_Bold.AgencyFB_Bold" size="16" color="ffffff">每发造成</><font src="/Game/UMG/Fonts/AgencyFB_Bold.AgencyFB_Bold" size="16" color="ffff00">29</><font src="/Game/UMG/Fonts/AgencyFB_Bold.AgencyFB_Bold" size="16" color="ffffff">伤害，穿透</><font src="/Game/UMG/Fonts/AgencyFB_Bold.AgencyFB_Bold" size="16" color="ffff00">8</><font src="/Game/UMG/Fonts/AgencyFB_Bold.AgencyFB_Bold" size="16" color="ffffff">次</>,5,None,"((""SkillProjSpeed"", 8000.000000),(""SkillProjPenetrateCount"", 8.000000))",Pierce,8310768,1
9500501,95005,5,M200,2.5,78,1,1,"(X=50.000000,Y=50.000000,Z=50.000000)",((TagName="UGC.DamageNumber.Pierce")),SpawnProjectile_Linear,BlueprintGeneratedClass'/RoguelikeX/Asset/Blueprint/Prefabs/Skills/NewRogueSkill/Gun_Skill_9050001.Gun_Skill_9050001_C',BlueprintGeneratedClass'/RoguelikeX/Asset/Blueprint/RougeTreasureActor/M200_95003.M200_95003_C',BlueprintGeneratedClass'/RoguelikeX/Asset/Blueprint/Prefabs/Projectiles/NewRogueProj/M200_9500001.M200_9500001_C',Texture2D'/RoguelikeX/Asset/Art/UI/RouglikeXUI/SkillIcon/Icon_601_Skill_FJ.Icon_601_Skill_FJ',<font src="/Game/UMG/Fonts/AgencyFB_Bold.AgencyFB_Bold" size="16" color="ffff00">【穿透】【远程】</><br/><font src="/Game/UMG/Fonts/AgencyFB_Bold.AgencyFB_Bold" size="16" color="ffffff">发射</><font src="/Game/UMG/Fonts/AgencyFB_Bold.AgencyFB_Bold" size="16" color="ffff00">1</><font src="/Game/UMG/Fonts/AgencyFB_Bold.AgencyFB_Bold" size="16" color="ffffff">发子弹，冷却时间</><font src="/Game/UMG/Fonts/AgencyFB_Bold.AgencyFB_Bold" size="16" color="ffff00">2.5</><font src="/Game/UMG/Fonts/AgencyFB_Bold.AgencyFB_Bold" size="16" color="ffffff">秒</><br/><font src="/Game/UMG/Fonts/AgencyFB_Bold.AgencyFB_Bold" size="16" color="ffffff">每发造成</><font src="/Game/UMG/Fonts/AgencyFB_Bold.AgencyFB_Bold" size="16" color="ffff00">78</><font src="/Game/UMG/Fonts/AgencyFB_Bold.AgencyFB_Bold" size="16" color="ffffff">伤害，穿透</><font src="/Game/UMG/Fonts/AgencyFB_Bold.AgencyFB_Bold" size="16" color="ffff00">4</><font src="/Game/UMG/Fonts/AgencyFB_Bold.AgencyFB_Bold" size="16" color="ffffff">次</>,1,None,"((""SkillProjSpeed"", 8000.000000),(""SkillProjPenetrateCount"", 4.000000))",Pierce,8310743,1
9500502,95005,5,M200,2.5,87,1,1,"(X=50.000000,Y=50.000000,Z=50.000000)",((TagName="UGC.DamageNumber.Pierce")),SpawnProjectile_Linear,BlueprintGeneratedClass'/RoguelikeX/Asset/Blueprint/Prefabs/Skills/NewRogueSkill/Gun_Skill_9050001.Gun_Skill_9050001_C',BlueprintGeneratedClass'/RoguelikeX/Asset/Blueprint/RougeTreasureActor/M200_95003.M200_95003_C',BlueprintGeneratedClass'/RoguelikeX/Asset/Blueprint/Prefabs/Projectiles/NewRogueProj/M200_9500001.M200_9500001_C',Texture2D'/RoguelikeX/Asset/Art/UI/RouglikeXUI/SkillIcon/Icon_601_Skill_FJ.Icon_601_Skill_FJ',<font src="/Game/UMG/Fonts/AgencyFB_Bold.AgencyFB_Bold" size="16" color="ffff00">【穿透】【远程】</><br/><font src="/Game/UMG/Fonts/AgencyFB_Bold.AgencyFB_Bold" size="16" color="ffffff">发射</><font src="/Game/UMG/Fonts/AgencyFB_Bold.AgencyFB_Bold" size="16" color="ffff00">1</><font src="/Game/UMG/Fonts/AgencyFB_Bold.AgencyFB_Bold" size="16" color="ffffff">发子弹，冷却时间</><font src="/Game/UMG/Fonts/AgencyFB_Bold.AgencyFB_Bold" size="16" color="ffff00">2.5</><font src="/Game/UMG/Fonts/AgencyFB_Bold.AgencyFB_Bold" size="16" color="ffffff">秒</><br/><font src="/Game/UMG/Fonts/AgencyFB_Bold.AgencyFB_Bold" size="16" color="ffffff">每发造成</><font src="/Game/UMG/Fonts/AgencyFB_Bold.AgencyFB_Bold" size="16" color="ffff00">87</><font src="/Game/UMG/Fonts/AgencyFB_Bold.AgencyFB_Bold" size="16" color="ffffff">伤害，穿透</><font src="/Game/UMG/Fonts/AgencyFB_Bold.AgencyFB_Bold" size="16" color="ffff00">7</><font src="/Game/UMG/Fonts/AgencyFB_Bold.AgencyFB_Bold" size="16" color="ffffff">次</>,2,None,"((""SkillProjSpeed"", 8000.000000),(""SkillProjPenetrateCount"", 7.000000))",Pierce,8310959,1
9500503,95005,5,M200,2.5,107,2,1,"(X=50.000000,Y=50.000000,Z=50.000000)",((TagName="UGC.DamageNumber.Pierce")),SpawnProjectile_Linear,BlueprintGeneratedClass'/RoguelikeX/Asset/Blueprint/Prefabs/Skills/NewRogueSkill/Gun_Skill_9050001.Gun_Skill_9050001_C',BlueprintGeneratedClass'/RoguelikeX/Asset/Blueprint/RougeTreasureActor/M200_95003.M200_95003_C',BlueprintGeneratedClass'/RoguelikeX/Asset/Blueprint/Prefabs/Projectiles/NewRogueProj/M200_9500001.M200_9500001_C',Texture2D'/RoguelikeX/Asset/Art/UI/RouglikeXUI/SkillIcon/Icon_601_Skill_FJ.Icon_601_Skill_FJ',<font src="/Game/UMG/Fonts/AgencyFB_Bold.AgencyFB_Bold" size="16" color="ffff00">【穿透】【远程】</><br/><font src="/Game/UMG/Fonts/AgencyFB_Bold.AgencyFB_Bold" size="16" color="ffffff">发射</><font src="/Game/UMG/Fonts/AgencyFB_Bold.AgencyFB_Bold" size="16" color="ffff00">2</><font src="/Game/UMG/Fonts/AgencyFB_Bold.AgencyFB_Bold" size="16" color="ffffff">发子弹，冷却时间</><font src="/Game/UMG/Fonts/AgencyFB_Bold.AgencyFB_Bold" size="16" color="ffff00">2.5</><font src="/Game/UMG/Fonts/AgencyFB_Bold.AgencyFB_Bold" size="16" color="ffffff">秒</><br/><font src="/Game/UMG/Fonts/AgencyFB_Bold.AgencyFB_Bold" size="16" color="ffffff">每发造成</><font src="/Game/UMG/Fonts/AgencyFB_Bold.AgencyFB_Bold" size="16" color="ffff00">107</><font src="/Game/UMG/Fonts/AgencyFB_Bold.AgencyFB_Bold" size="16" color="ffffff">伤害，穿透</><font src="/Game/UMG/Fonts/AgencyFB_Bold.AgencyFB_Bold" size="16" color="ffff00">7</><font src="/Game/UMG/Fonts/AgencyFB_Bold.AgencyFB_Bold" size="16" color="ffffff">次</>,3,None,"((""SkillProjSpeed"", 8000.000000),(""SkillProjPenetrateCount"", 7.000000))",Pierce,8310960,1
9500504,95005,5,M200,2.5,126,2,1,"(X=50.000000,Y=50.000000,Z=50.000000)",((TagName="UGC.DamageNumber.Pierce")),SpawnProjectile_Linear,BlueprintGeneratedClass'/RoguelikeX/Asset/Blueprint/Prefabs/Skills/NewRogueSkill/Gun_Skill_9050001.Gun_Skill_9050001_C',BlueprintGeneratedClass'/RoguelikeX/Asset/Blueprint/RougeTreasureActor/M200_95003.M200_95003_C',BlueprintGeneratedClass'/RoguelikeX/Asset/Blueprint/Prefabs/Projectiles/NewRogueProj/M200_9500001.M200_9500001_C',Texture2D'/RoguelikeX/Asset/Art/UI/RouglikeXUI/SkillIcon/Icon_601_Skill_FJ.Icon_601_Skill_FJ',<font src="/Game/UMG/Fonts/AgencyFB_Bold.AgencyFB_Bold" size="16" color="ffff00">【穿透】【远程】</><br/><font src="/Game/UMG/Fonts/AgencyFB_Bold.AgencyFB_Bold" size="16" color="ffffff">发射</><font src="/Game/UMG/Fonts/AgencyFB_Bold.AgencyFB_Bold" size="16" color="ffff00">2</><font src="/Game/UMG/Fonts/AgencyFB_Bold.AgencyFB_Bold" size="16" color="ffffff">发子弹，冷却时间</><font src="/Game/UMG/Fonts/AgencyFB_Bold.AgencyFB_Bold" size="16" color="ffff00">2.5</><font src="/Game/UMG/Fonts/AgencyFB_Bold.AgencyFB_Bold" size="16" color="ffffff">秒</><br/><font src="/Game/UMG/Fonts/AgencyFB_Bold.AgencyFB_Bold" size="16" color="ffffff">每发造成</><font src="/Game/UMG/Fonts/AgencyFB_Bold.AgencyFB_Bold" size="16" color="ffff00">126</><font src="/Game/UMG/Fonts/AgencyFB_Bold.AgencyFB_Bold" size="16" color="ffffff">伤害，穿透</><font src="/Game/UMG/Fonts/AgencyFB_Bold.AgencyFB_Bold" size="16" color="ffff00">10</><font src="/Game/UMG/Fonts/AgencyFB_Bold.AgencyFB_Bold" size="16" color="ffffff">次</>,4,None,"((""SkillProjSpeed"", 8000.000000),(""SkillProjPenetrateCount"", 10.000000))",Pierce,8310961,1
9500505,95005,5,M200,2.5,146,3,1,"(X=50.000000,Y=50.000000,Z=50.000000)",((TagName="UGC.DamageNumber.Pierce")),SpawnProjectile_Linear,BlueprintGeneratedClass'/RoguelikeX/Asset/Blueprint/Prefabs/Skills/NewRogueSkill/Gun_Skill_9050001.Gun_Skill_9050001_C',BlueprintGeneratedClass'/RoguelikeX/Asset/Blueprint/RougeTreasureActor/M200_95003.M200_95003_C',BlueprintGeneratedClass'/RoguelikeX/Asset/Blueprint/Prefabs/Projectiles/NewRogueProj/M200_9500001.M200_9500001_C',Texture2D'/RoguelikeX/Asset/Art/UI/RouglikeXUI/SkillIcon/Icon_601_Skill_FJ.Icon_601_Skill_FJ',<font src="/Game/UMG/Fonts/AgencyFB_Bold.AgencyFB_Bold" size="16" color="ffff00">【穿透】【远程】</><br/><font src="/Game/UMG/Fonts/AgencyFB_Bold.AgencyFB_Bold" size="16" color="ffffff">发射</><font src="/Game/UMG/Fonts/AgencyFB_Bold.AgencyFB_Bold" size="16" color="ffff00">3</><font src="/Game/UMG/Fonts/AgencyFB_Bold.AgencyFB_Bold" size="16" color="ffffff">发子弹，冷却时间</><font src="/Game/UMG/Fonts/AgencyFB_Bold.AgencyFB_Bold" size="16" color="ffff00">2.5</><font src="/Game/UMG/Fonts/AgencyFB_Bold.AgencyFB_Bold" size="16" color="ffffff">秒</><br/><font src="/Game/UMG/Fonts/AgencyFB_Bold.AgencyFB_Bold" size="16" color="ffffff">每发造成</><font src="/Game/UMG/Fonts/AgencyFB_Bold.AgencyFB_Bold" size="16" color="ffff00">146</><font src="/Game/UMG/Fonts/AgencyFB_Bold.AgencyFB_Bold" size="16" color="ffffff">伤害，穿透</><font src="/Game/UMG/Fonts/AgencyFB_Bold.AgencyFB_Bold" size="16" color="ffff00">10</><font src="/Game/UMG/Fonts/AgencyFB_Bold.AgencyFB_Bold" size="16" color="ffffff">次</>,5,None,"((""SkillProjSpeed"", 8000.000000),(""SkillProjPenetrateCount"", 10.000000))",Pierce,8310962,1
9120201,91202,2,寒渊靴,1,2,1,0,"(X=200.000000,Y=200.000000,Z=200.000000)",,SpawnDamageZone,BlueprintGeneratedClass'/RoguelikeX/Asset/Blueprint/Prefabs/Skills/NewRogueSkill/Test_NewRogueSkill.Test_NewRogueSkill_C',BlueprintGeneratedClass'/RoguelikeX/Asset/Blueprint/RougeTreasureActor/Shoes_91200.Shoes_91200_C',None,Texture2D'/RoguelikeX/Asset/Art/UI/RouglikeXUI/SkillIcon/Icon_601_Skill_FJ.Icon_601_Skill_FJ',<font src="/Game/UMG/Fonts/AgencyFB_Bold.AgencyFB_Bold" size="16" color="ffff00">【移动】【范围】</><br/><font src="/Game/UMG/Fonts/AgencyFB_Bold.AgencyFB_Bold" size="16" color="ffffff">在身后召唤冰面，冷却时间</><font src="/Game/UMG/Fonts/AgencyFB_Bold.AgencyFB_Bold" size="16" color="ffff00">1</><font src="/Game/UMG/Fonts/AgencyFB_Bold.AgencyFB_Bold" size="16" color="ffffff">秒</><br/><font src="/Game/UMG/Fonts/AgencyFB_Bold.AgencyFB_Bold" size="16" color="ffffff">每秒造成</><font src="/Game/UMG/Fonts/AgencyFB_Bold.AgencyFB_Bold" size="16" color="ffff00">2</><font src="/Game/UMG/Fonts/AgencyFB_Bold.AgencyFB_Bold" size="16" color="ffffff">范围伤害</><font></><font></><font></><font></>,1,BlueprintGeneratedClass'/RoguelikeX/Asset/Blueprint/RougeTreasureActor/Shoes_9120001_SkillActor.Shoes_9120001_SkillActor_C',"((""DMGZoneShowTime"", 3.000000),(""DMGZoneInterval"", 0.500000),(""DMGZoneBuffDotInterval"", 0.500000),(""DMGZoneBuffDuration"", 1.000000))",MoveSpeed,8310093,1
9120202,91202,2,寒渊靴,1,3,1,0,"(X=200.000000,Y=200.000000,Z=200.000000)",,SpawnDamageZone,BlueprintGeneratedClass'/RoguelikeX/Asset/Blueprint/Prefabs/Skills/NewRogueSkill/Test_NewRogueSkill.Test_NewRogueSkill_C',BlueprintGeneratedClass'/RoguelikeX/Asset/Blueprint/RougeTreasureActor/Shoes_91200.Shoes_91200_C',None,Texture2D'/RoguelikeX/Asset/Art/UI/RouglikeXUI/SkillIcon/Icon_601_Skill_FJ.Icon_601_Skill_FJ',<font src="/Game/UMG/Fonts/AgencyFB_Bold.AgencyFB_Bold" size="16" color="ffff00">【移动】【范围】</><br/><font src="/Game/UMG/Fonts/AgencyFB_Bold.AgencyFB_Bold" size="16" color="ffffff">在身后召唤冰面，冷却时间</><font src="/Game/UMG/Fonts/AgencyFB_Bold.AgencyFB_Bold" size="16" color="ffff00">1</><font src="/Game/UMG/Fonts/AgencyFB_Bold.AgencyFB_Bold" size="16" color="ffffff">秒</><br/><font src="/Game/UMG/Fonts/AgencyFB_Bold.AgencyFB_Bold" size="16" color="ffffff">每秒造成</><font src="/Game/UMG/Fonts/AgencyFB_Bold.AgencyFB_Bold" size="16" color="ffff00">3</><font src="/Game/UMG/Fonts/AgencyFB_Bold.AgencyFB_Bold" size="16" color="ffffff">范围伤害</><font></><font></><font></><font></>,2,BlueprintGeneratedClass'/RoguelikeX/Asset/Blueprint/RougeTreasureActor/Shoes_9120001_SkillActor.Shoes_9120001_SkillActor_C',"((""DMGZoneShowTime"", 3.500000),(""DMGZoneInterval"", 0.500000),(""DMGZoneBuffDotInterval"", 0.500000),(""DMGZoneBuffDuration"", 1.000000))",MoveSpeed,8310815,1
9120203,91202,2,寒渊靴,1,4,1,0,"(X=200.000000,Y=200.000000,Z=200.000000)",,SpawnDamageZone,BlueprintGeneratedClass'/RoguelikeX/Asset/Blueprint/Prefabs/Skills/NewRogueSkill/Test_NewRogueSkill.Test_NewRogueSkill_C',BlueprintGeneratedClass'/RoguelikeX/Asset/Blueprint/RougeTreasureActor/Shoes_91200.Shoes_91200_C',None,Texture2D'/RoguelikeX/Asset/Art/UI/RouglikeXUI/SkillIcon/Icon_601_Skill_FJ.Icon_601_Skill_FJ',<font src="/Game/UMG/Fonts/AgencyFB_Bold.AgencyFB_Bold" size="16" color="ffff00">【移动】【范围】</><br/><font src="/Game/UMG/Fonts/AgencyFB_Bold.AgencyFB_Bold" size="16" color="ffffff">在身后召唤冰面，冷却时间</><font src="/Game/UMG/Fonts/AgencyFB_Bold.AgencyFB_Bold" size="16" color="ffff00">1</><font src="/Game/UMG/Fonts/AgencyFB_Bold.AgencyFB_Bold" size="16" color="ffffff">秒</><br/><font src="/Game/UMG/Fonts/AgencyFB_Bold.AgencyFB_Bold" size="16" color="ffffff">每秒造成</><font src="/Game/UMG/Fonts/AgencyFB_Bold.AgencyFB_Bold" size="16" color="ffff00">4</><font src="/Game/UMG/Fonts/AgencyFB_Bold.AgencyFB_Bold" size="16" color="ffffff">范围伤害</><font></><font></><font></><font></>,3,BlueprintGeneratedClass'/RoguelikeX/Asset/Blueprint/RougeTreasureActor/Shoes_9120001_SkillActor.Shoes_9120001_SkillActor_C',"((""DMGZoneShowTime"", 4.000000),(""DMGZoneInterval"", 0.500000),(""DMGZoneBuffDotInterval"", 0.500000),(""DMGZoneBuffDuration"", 1.000000))",MoveSpeed,8310816,1
9120204,91202,2,寒渊靴,1,4,1,0,"(X=200.000000,Y=200.000000,Z=200.000000)",,SpawnDamageZone,BlueprintGeneratedClass'/RoguelikeX/Asset/Blueprint/Prefabs/Skills/NewRogueSkill/Test_NewRogueSkill.Test_NewRogueSkill_C',BlueprintGeneratedClass'/RoguelikeX/Asset/Blueprint/RougeTreasureActor/Shoes_91200.Shoes_91200_C',None,Texture2D'/RoguelikeX/Asset/Art/UI/RouglikeXUI/SkillIcon/Icon_601_Skill_FJ.Icon_601_Skill_FJ',<font src="/Game/UMG/Fonts/AgencyFB_Bold.AgencyFB_Bold" size="16" color="ffff00">【移动】【范围】</><br/><font src="/Game/UMG/Fonts/AgencyFB_Bold.AgencyFB_Bold" size="16" color="ffffff">在身后召唤冰面，冷却时间</><font src="/Game/UMG/Fonts/AgencyFB_Bold.AgencyFB_Bold" size="16" color="ffff00">1</><font src="/Game/UMG/Fonts/AgencyFB_Bold.AgencyFB_Bold" size="16" color="ffffff">秒</><br/><font src="/Game/UMG/Fonts/AgencyFB_Bold.AgencyFB_Bold" size="16" color="ffffff">每秒造成</><font src="/Game/UMG/Fonts/AgencyFB_Bold.AgencyFB_Bold" size="16" color="ffff00">4</><font src="/Game/UMG/Fonts/AgencyFB_Bold.AgencyFB_Bold" size="16" color="ffffff">范围伤害</><font></><font></><font></><font></>,4,BlueprintGeneratedClass'/RoguelikeX/Asset/Blueprint/RougeTreasureActor/Shoes_9120001_SkillActor.Shoes_9120001_SkillActor_C',"((""DMGZoneShowTime"", 5.000000),(""DMGZoneInterval"", 0.500000),(""DMGZoneBuffDotInterval"", 0.500000),(""DMGZoneBuffDuration"", 1.000000))",MoveSpeed,8310817,1
9120205,91202,2,寒渊靴,1,5,1,0,"(X=200.000000,Y=200.000000,Z=200.000000)",,SpawnDamageZone,BlueprintGeneratedClass'/RoguelikeX/Asset/Blueprint/Prefabs/Skills/NewRogueSkill/Test_NewRogueSkill.Test_NewRogueSkill_C',BlueprintGeneratedClass'/RoguelikeX/Asset/Blueprint/RougeTreasureActor/Shoes_91200.Shoes_91200_C',None,Texture2D'/RoguelikeX/Asset/Art/UI/RouglikeXUI/SkillIcon/Icon_601_Skill_FJ.Icon_601_Skill_FJ',<font src="/Game/UMG/Fonts/AgencyFB_Bold.AgencyFB_Bold" size="16" color="ffff00">【移动】【范围】</><br/><font src="/Game/UMG/Fonts/AgencyFB_Bold.AgencyFB_Bold" size="16" color="ffffff">在身后召唤冰面，冷却时间</><font src="/Game/UMG/Fonts/AgencyFB_Bold.AgencyFB_Bold" size="16" color="ffff00">1</><font src="/Game/UMG/Fonts/AgencyFB_Bold.AgencyFB_Bold" size="16" color="ffffff">秒</><br/><font src="/Game/UMG/Fonts/AgencyFB_Bold.AgencyFB_Bold" size="16" color="ffffff">每秒造成</><font src="/Game/UMG/Fonts/AgencyFB_Bold.AgencyFB_Bold" size="16" color="ffff00">5</><font src="/Game/UMG/Fonts/AgencyFB_Bold.AgencyFB_Bold" size="16" color="ffffff">范围伤害</><font></><font></><font></><font></>,5,BlueprintGeneratedClass'/RoguelikeX/Asset/Blueprint/RougeTreasureActor/Shoes_9120001_SkillActor.Shoes_9120001_SkillActor_C',"((""DMGZoneShowTime"", 6.500000),(""DMGZoneInterval"", 0.500000),(""DMGZoneBuffDotInterval"", 0.500000),(""DMGZoneBuffDuration"", 0.500000))",MoveSpeed,8310818,1
9300301,93003,3,尘遁靴,2.3,4,1,0,"(X=200.000000,Y=200.000000,Z=200.000000)",,SpawnDamageZone,BlueprintGeneratedClass'/RoguelikeX/Asset/Blueprint/Prefabs/Skills/NewRogueSkill/Test_NewRogueSkill.Test_NewRogueSkill_C',BlueprintGeneratedClass'/RoguelikeX/Asset/Blueprint/RougeTreasureActor/Shoes_93000.Shoes_93000_C',None,Texture2D'/RoguelikeX/Asset/Art/UI/RouglikeXUI/SkillIcon/Icon_601_Skill_FJ.Icon_601_Skill_FJ',<font src="/Game/UMG/Fonts/AgencyFB_Bold.AgencyFB_Bold" size="16" color="ffff00">【移动】【范围】</><br/><font src="/Game/UMG/Fonts/AgencyFB_Bold.AgencyFB_Bold" size="16" color="ffffff">在身后召唤热砂，冷却时间</><font src="/Game/UMG/Fonts/AgencyFB_Bold.AgencyFB_Bold" size="16" color="ffff00">2.3</><font src="/Game/UMG/Fonts/AgencyFB_Bold.AgencyFB_Bold" size="16" color="ffffff">秒</><br/><font src="/Game/UMG/Fonts/AgencyFB_Bold.AgencyFB_Bold" size="16" color="ffffff">每秒造成</><font src="/Game/UMG/Fonts/AgencyFB_Bold.AgencyFB_Bold" size="16" color="ffff00">4</><font src="/Game/UMG/Fonts/AgencyFB_Bold.AgencyFB_Bold" size="16" color="ffffff">范围伤害</><font></><font></><font></><font></>,1,BlueprintGeneratedClass'/RoguelikeX/Asset/Blueprint/RougeTreasureActor/Shoes_9300001_SkillActor.Shoes_9300001_SkillActor_C',"((""DMGZoneShowTime"", 3.000000),(""DMGZoneInterval"", 0.500000),(""DMGZoneBuffDotInterval"", 0.500000),(""DMGZoneBuffDuration"", 1.000000))",MoveSpeed,8310819,1
9300302,93003,3,尘遁靴,2.3,5,1,0,"(X=200.000000,Y=200.000000,Z=200.000000)",,SpawnDamageZone,BlueprintGeneratedClass'/RoguelikeX/Asset/Blueprint/Prefabs/Skills/NewRogueSkill/Test_NewRogueSkill.Test_NewRogueSkill_C',BlueprintGeneratedClass'/RoguelikeX/Asset/Blueprint/RougeTreasureActor/Shoes_93000.Shoes_93000_C',None,Texture2D'/RoguelikeX/Asset/Art/UI/RouglikeXUI/SkillIcon/Icon_601_Skill_FJ.Icon_601_Skill_FJ',<font src="/Game/UMG/Fonts/AgencyFB_Bold.AgencyFB_Bold" size="16" color="ffff00">【移动】【范围】</><br/><font src="/Game/UMG/Fonts/AgencyFB_Bold.AgencyFB_Bold" size="16" color="ffffff">在身后召唤热砂，冷却时间</><font src="/Game/UMG/Fonts/AgencyFB_Bold.AgencyFB_Bold" size="16" color="ffff00">2.3</><font src="/Game/UMG/Fonts/AgencyFB_Bold.AgencyFB_Bold" size="16" color="ffffff">秒</><br/><font src="/Game/UMG/Fonts/AgencyFB_Bold.AgencyFB_Bold" size="16" color="ffffff">每秒造成</><font src="/Game/UMG/Fonts/AgencyFB_Bold.AgencyFB_Bold" size="16" color="ffff00">5</><font src="/Game/UMG/Fonts/AgencyFB_Bold.AgencyFB_Bold" size="16" color="ffffff">范围伤害</><font></><font></><font></><font></>,2,BlueprintGeneratedClass'/RoguelikeX/Asset/Blueprint/RougeTreasureActor/Shoes_9300001_SkillActor.Shoes_9300001_SkillActor_C',"((""DMGZoneShowTime"", 3.500000),(""DMGZoneInterval"", 0.500000),(""DMGZoneBuffDotInterval"", 0.500000),(""DMGZoneBuffDuration"", 1.000000))",MoveSpeed,8310820,1
9300303,93003,3,尘遁靴,2.3,6,1,0,"(X=200.000000,Y=200.000000,Z=200.000000)",,SpawnDamageZone,BlueprintGeneratedClass'/RoguelikeX/Asset/Blueprint/Prefabs/Skills/NewRogueSkill/Test_NewRogueSkill.Test_NewRogueSkill_C',BlueprintGeneratedClass'/RoguelikeX/Asset/Blueprint/RougeTreasureActor/Shoes_93000.Shoes_93000_C',None,Texture2D'/RoguelikeX/Asset/Art/UI/RouglikeXUI/SkillIcon/Icon_601_Skill_FJ.Icon_601_Skill_FJ',<font src="/Game/UMG/Fonts/AgencyFB_Bold.AgencyFB_Bold" size="16" color="ffff00">【移动】【范围】</><br/><font src="/Game/UMG/Fonts/AgencyFB_Bold.AgencyFB_Bold" size="16" color="ffffff">在身后召唤热砂，冷却时间</><font src="/Game/UMG/Fonts/AgencyFB_Bold.AgencyFB_Bold" size="16" color="ffff00">2.3</><font src="/Game/UMG/Fonts/AgencyFB_Bold.AgencyFB_Bold" size="16" color="ffffff">秒</><br/><font src="/Game/UMG/Fonts/AgencyFB_Bold.AgencyFB_Bold" size="16" color="ffffff">每秒造成</><font src="/Game/UMG/Fonts/AgencyFB_Bold.AgencyFB_Bold" size="16" color="ffff00">6</><font src="/Game/UMG/Fonts/AgencyFB_Bold.AgencyFB_Bold" size="16" color="ffffff">范围伤害</><font></><font></><font></><font></>,3,BlueprintGeneratedClass'/RoguelikeX/Asset/Blueprint/RougeTreasureActor/Shoes_9300001_SkillActor.Shoes_9300001_SkillActor_C',"((""DMGZoneShowTime"", 4.000000),(""DMGZoneInterval"", 0.500000),(""DMGZoneBuffDotInterval"", 0.500000),(""DMGZoneBuffDuration"", 1.000000))",MoveSpeed,8310821,1
9300304,93003,3,尘遁靴,2.3,7,1,0,"(X=200.000000,Y=200.000000,Z=200.000000)",,SpawnDamageZone,BlueprintGeneratedClass'/RoguelikeX/Asset/Blueprint/Prefabs/Skills/NewRogueSkill/Test_NewRogueSkill.Test_NewRogueSkill_C',BlueprintGeneratedClass'/RoguelikeX/Asset/Blueprint/RougeTreasureActor/Shoes_93000.Shoes_93000_C',None,Texture2D'/RoguelikeX/Asset/Art/UI/RouglikeXUI/SkillIcon/Icon_601_Skill_FJ.Icon_601_Skill_FJ',<font src="/Game/UMG/Fonts/AgencyFB_Bold.AgencyFB_Bold" size="16" color="ffff00">【移动】【范围】</><br/><font src="/Game/UMG/Fonts/AgencyFB_Bold.AgencyFB_Bold" size="16" color="ffffff">在身后召唤热砂，冷却时间</><font src="/Game/UMG/Fonts/AgencyFB_Bold.AgencyFB_Bold" size="16" color="ffff00">2.3</><font src="/Game/UMG/Fonts/AgencyFB_Bold.AgencyFB_Bold" size="16" color="ffffff">秒</><br/><font src="/Game/UMG/Fonts/AgencyFB_Bold.AgencyFB_Bold" size="16" color="ffffff">每秒造成</><font src="/Game/UMG/Fonts/AgencyFB_Bold.AgencyFB_Bold" size="16" color="ffff00">7</><font src="/Game/UMG/Fonts/AgencyFB_Bold.AgencyFB_Bold" size="16" color="ffffff">范围伤害</><font></><font></><font></><font></>,4,BlueprintGeneratedClass'/RoguelikeX/Asset/Blueprint/RougeTreasureActor/Shoes_9300001_SkillActor.Shoes_9300001_SkillActor_C',"((""DMGZoneShowTime"", 5.000000),(""DMGZoneInterval"", 0.500000),(""DMGZoneBuffDotInterval"", 0.500000),(""DMGZoneBuffDuration"", 1.000000))",MoveSpeed,8310822,1
9300305,93003,3,尘遁靴,2.3,8,1,0,"(X=200.000000,Y=200.000000,Z=200.000000)",,SpawnDamageZone,BlueprintGeneratedClass'/RoguelikeX/Asset/Blueprint/Prefabs/Skills/NewRogueSkill/Test_NewRogueSkill.Test_NewRogueSkill_C',BlueprintGeneratedClass'/RoguelikeX/Asset/Blueprint/RougeTreasureActor/Shoes_93000.Shoes_93000_C',None,Texture2D'/RoguelikeX/Asset/Art/UI/RouglikeXUI/SkillIcon/Icon_601_Skill_FJ.Icon_601_Skill_FJ',<font src="/Game/UMG/Fonts/AgencyFB_Bold.AgencyFB_Bold" size="16" color="ffff00">【移动】【范围】</><br/><font src="/Game/UMG/Fonts/AgencyFB_Bold.AgencyFB_Bold" size="16" color="ffffff">在身后召唤热砂，冷却时间</><font src="/Game/UMG/Fonts/AgencyFB_Bold.AgencyFB_Bold" size="16" color="ffff00">2.3</><font src="/Game/UMG/Fonts/AgencyFB_Bold.AgencyFB_Bold" size="16" color="ffffff">秒</><br/><font src="/Game/UMG/Fonts/AgencyFB_Bold.AgencyFB_Bold" size="16" color="ffffff">每秒造成</><font src="/Game/UMG/Fonts/AgencyFB_Bold.AgencyFB_Bold" size="16" color="ffff00">8</><font src="/Game/UMG/Fonts/AgencyFB_Bold.AgencyFB_Bold" size="16" color="ffffff">范围伤害</><font></><font></><font></><font></>,5,BlueprintGeneratedClass'/RoguelikeX/Asset/Blueprint/RougeTreasureActor/Shoes_9300001_SkillActor.Shoes_9300001_SkillActor_C',"((""DMGZoneShowTime"", 6.500000),(""DMGZoneInterval"", 0.500000),(""DMGZoneBuffDotInterval"", 0.500000),(""DMGZoneBuffDuration"", 1.000000))",MoveSpeed,8310823,1
9280401,92804,4,逐风靴,2.1,6,1,0,"(X=200.000000,Y=200.000000,Z=200.000000)",,SpawnDamageZone,BlueprintGeneratedClass'/RoguelikeX/Asset/Blueprint/Prefabs/Skills/NewRogueSkill/Test_NewRogueSkill.Test_NewRogueSkill_C',BlueprintGeneratedClass'/RoguelikeX/Asset/Blueprint/RougeTreasureActor/Shoes_92800.Shoes_92800_C',None,Texture2D'/RoguelikeX/Asset/Art/UI/RouglikeXUI/SkillIcon/Icon_601_Skill_FJ.Icon_601_Skill_FJ',<font src="/Game/UMG/Fonts/AgencyFB_Bold.AgencyFB_Bold" size="16" color="ffff00">【移动】【范围】</><br/><font src="/Game/UMG/Fonts/AgencyFB_Bold.AgencyFB_Bold" size="16" color="ffffff">在身后召唤风暴，冷却时间</><font src="/Game/UMG/Fonts/AgencyFB_Bold.AgencyFB_Bold" size="16" color="ffff00">2.1</><font src="/Game/UMG/Fonts/AgencyFB_Bold.AgencyFB_Bold" size="16" color="ffffff">秒</><br/><font src="/Game/UMG/Fonts/AgencyFB_Bold.AgencyFB_Bold" size="16" color="ffffff">每秒造成</><font src="/Game/UMG/Fonts/AgencyFB_Bold.AgencyFB_Bold" size="16" color="ffff00">6</><font src="/Game/UMG/Fonts/AgencyFB_Bold.AgencyFB_Bold" size="16" color="ffffff">范围伤害</><font></><font></><font></><font></>,1,BlueprintGeneratedClass'/RoguelikeX/Asset/Blueprint/RougeTreasureActor/Shoes_9280001_SkillActor.Shoes_9280001_SkillActor_C',"((""DMGZoneShowTime"", 3.000000),(""DMGZoneInterval"", 0.500000),(""DMGZoneBuffDotInterval"", 0.500000),(""DMGZoneBuffDuration"", 1.000000))",MoveSpeed,8310824,1
9280402,92804,4,逐风靴,2.1,6,1,0,"(X=200.000000,Y=200.000000,Z=200.000000)",,SpawnDamageZone,BlueprintGeneratedClass'/RoguelikeX/Asset/Blueprint/Prefabs/Skills/NewRogueSkill/Test_NewRogueSkill.Test_NewRogueSkill_C',BlueprintGeneratedClass'/RoguelikeX/Asset/Blueprint/RougeTreasureActor/Shoes_92800.Shoes_92800_C',None,Texture2D'/RoguelikeX/Asset/Art/UI/RouglikeXUI/SkillIcon/Icon_601_Skill_FJ.Icon_601_Skill_FJ',<font src="/Game/UMG/Fonts/AgencyFB_Bold.AgencyFB_Bold" size="16" color="ffff00">【移动】【范围】</><br/><font src="/Game/UMG/Fonts/AgencyFB_Bold.AgencyFB_Bold" size="16" color="ffffff">在身后召唤风暴，冷却时间</><font src="/Game/UMG/Fonts/AgencyFB_Bold.AgencyFB_Bold" size="16" color="ffff00">2.1</><font src="/Game/UMG/Fonts/AgencyFB_Bold.AgencyFB_Bold" size="16" color="ffffff">秒</><br/><font src="/Game/UMG/Fonts/AgencyFB_Bold.AgencyFB_Bold" size="16" color="ffffff">每秒造成</><font src="/Game/UMG/Fonts/AgencyFB_Bold.AgencyFB_Bold" size="16" color="ffff00">6</><font src="/Game/UMG/Fonts/AgencyFB_Bold.AgencyFB_Bold" size="16" color="ffffff">范围伤害</><font></><font></><font></><font></>,2,BlueprintGeneratedClass'/RoguelikeX/Asset/Blueprint/RougeTreasureActor/Shoes_9280001_SkillActor.Shoes_9280001_SkillActor_C',"((""DMGZoneShowTime"", 3.500000),(""DMGZoneInterval"", 0.500000),(""DMGZoneBuffDotInterval"", 0.500000),(""DMGZoneBuffDuration"", 1.000000))",MoveSpeed,8310825,1
9280403,92804,4,逐风靴,2.1,8,1,0,"(X=200.000000,Y=200.000000,Z=200.000000)",,SpawnDamageZone,BlueprintGeneratedClass'/RoguelikeX/Asset/Blueprint/Prefabs/Skills/NewRogueSkill/Test_NewRogueSkill.Test_NewRogueSkill_C',BlueprintGeneratedClass'/RoguelikeX/Asset/Blueprint/RougeTreasureActor/Shoes_92800.Shoes_92800_C',None,Texture2D'/RoguelikeX/Asset/Art/UI/RouglikeXUI/SkillIcon/Icon_601_Skill_FJ.Icon_601_Skill_FJ',<font src="/Game/UMG/Fonts/AgencyFB_Bold.AgencyFB_Bold" size="16" color="ffff00">【移动】【范围】</><br/><font src="/Game/UMG/Fonts/AgencyFB_Bold.AgencyFB_Bold" size="16" color="ffffff">在身后召唤风暴，冷却时间</><font src="/Game/UMG/Fonts/AgencyFB_Bold.AgencyFB_Bold" size="16" color="ffff00">2.1</><font src="/Game/UMG/Fonts/AgencyFB_Bold.AgencyFB_Bold" size="16" color="ffffff">秒</><br/><font src="/Game/UMG/Fonts/AgencyFB_Bold.AgencyFB_Bold" size="16" color="ffffff">每秒造成</><font src="/Game/UMG/Fonts/AgencyFB_Bold.AgencyFB_Bold" size="16" color="ffff00">8</><font src="/Game/UMG/Fonts/AgencyFB_Bold.AgencyFB_Bold" size="16" color="ffffff">范围伤害</><font></><font></><font></><font></>,3,BlueprintGeneratedClass'/RoguelikeX/Asset/Blueprint/RougeTreasureActor/Shoes_9280001_SkillActor.Shoes_9280001_SkillActor_C',"((""DMGZoneShowTime"", 4.000000),(""DMGZoneInterval"", 0.500000),(""DMGZoneBuffDotInterval"", 0.500000),(""DMGZoneBuffDuration"", 1.000000))",MoveSpeed,8310826,1
9280404,92804,4,逐风靴,2.1,10,1,0,"(X=200.000000,Y=200.000000,Z=200.000000)",,SpawnDamageZone,BlueprintGeneratedClass'/RoguelikeX/Asset/Blueprint/Prefabs/Skills/NewRogueSkill/Test_NewRogueSkill.Test_NewRogueSkill_C',BlueprintGeneratedClass'/RoguelikeX/Asset/Blueprint/RougeTreasureActor/Shoes_92800.Shoes_92800_C',None,Texture2D'/RoguelikeX/Asset/Art/UI/RouglikeXUI/SkillIcon/Icon_601_Skill_FJ.Icon_601_Skill_FJ',<font src="/Game/UMG/Fonts/AgencyFB_Bold.AgencyFB_Bold" size="16" color="ffff00">【移动】【范围】</><br/><font src="/Game/UMG/Fonts/AgencyFB_Bold.AgencyFB_Bold" size="16" color="ffffff">在身后召唤风暴，冷却时间</><font src="/Game/UMG/Fonts/AgencyFB_Bold.AgencyFB_Bold" size="16" color="ffff00">2.1</><font src="/Game/UMG/Fonts/AgencyFB_Bold.AgencyFB_Bold" size="16" color="ffffff">秒</><br/><font src="/Game/UMG/Fonts/AgencyFB_Bold.AgencyFB_Bold" size="16" color="ffffff">每秒造成</><font src="/Game/UMG/Fonts/AgencyFB_Bold.AgencyFB_Bold" size="16" color="ffff00">10</><font src="/Game/UMG/Fonts/AgencyFB_Bold.AgencyFB_Bold" size="16" color="ffffff">范围伤害</><font></><font></><font></><font></>,4,BlueprintGeneratedClass'/RoguelikeX/Asset/Blueprint/RougeTreasureActor/Shoes_9280001_SkillActor.Shoes_9280001_SkillActor_C',"((""DMGZoneShowTime"", 5.000000),(""DMGZoneInterval"", 0.500000),(""DMGZoneBuffDotInterval"", 0.500000),(""DMGZoneBuffDuration"", 1.000000))",MoveSpeed,8310827,1
9280405,92804,4,逐风靴,2.1,11,1,0,"(X=200.000000,Y=200.000000,Z=200.000000)",,SpawnDamageZone,BlueprintGeneratedClass'/RoguelikeX/Asset/Blueprint/Prefabs/Skills/NewRogueSkill/Test_NewRogueSkill.Test_NewRogueSkill_C',BlueprintGeneratedClass'/RoguelikeX/Asset/Blueprint/RougeTreasureActor/Shoes_92800.Shoes_92800_C',None,Texture2D'/RoguelikeX/Asset/Art/UI/RouglikeXUI/SkillIcon/Icon_601_Skill_FJ.Icon_601_Skill_FJ',<font src="/Game/UMG/Fonts/AgencyFB_Bold.AgencyFB_Bold" size="16" color="ffff00">【移动】【范围】</><br/><font src="/Game/UMG/Fonts/AgencyFB_Bold.AgencyFB_Bold" size="16" color="ffffff">在身后召唤风暴，冷却时间</><font src="/Game/UMG/Fonts/AgencyFB_Bold.AgencyFB_Bold" size="16" color="ffff00">2.1</><font src="/Game/UMG/Fonts/AgencyFB_Bold.AgencyFB_Bold" size="16" color="ffffff">秒</><br/><font src="/Game/UMG/Fonts/AgencyFB_Bold.AgencyFB_Bold" size="16" color="ffffff">每秒造成</><font src="/Game/UMG/Fonts/AgencyFB_Bold.AgencyFB_Bold" size="16" color="ffff00">11</><font src="/Game/UMG/Fonts/AgencyFB_Bold.AgencyFB_Bold" size="16" color="ffffff">范围伤害</><font></><font></><font></><font></>,5,BlueprintGeneratedClass'/RoguelikeX/Asset/Blueprint/RougeTreasureActor/Shoes_9280001_SkillActor.Shoes_9280001_SkillActor_C',"((""DMGZoneShowTime"", 6.500000),(""DMGZoneInterval"", 0.500000),(""DMGZoneBuffDotInterval"", 0.500000),(""DMGZoneBuffDuration"", 0.500000))",MoveSpeed,8310828,1
9510401,95104,4,血色披风,1,7,1,0,"(X=200.000000,Y=200.000000,Z=200.000000)",,SpawnDamageZone,BlueprintGeneratedClass'/RoguelikeX/Asset/Blueprint/Prefabs/Skills/NewRogueSkill/Test_NewRogueSkill.Test_NewRogueSkill_C',BlueprintGeneratedClass'/RoguelikeX/Asset/Blueprint/RougeTreasureActor/Cape_95100.Cape_95100_C',None,Texture2D'/RoguelikeX/Asset/Art/UI/RouglikeXUI/SkillIcon/Icon_601_Skill_FJ.Icon_601_Skill_FJ',<font src="/Game/UMG/Fonts/AgencyFB_Bold.AgencyFB_Bold" size="16" color="ffff00">【移动】【范围】</><br/><font src="/Game/UMG/Fonts/AgencyFB_Bold.AgencyFB_Bold" size="16" color="ffffff">在身后召唤血雾，冷却时间</><font src="/Game/UMG/Fonts/AgencyFB_Bold.AgencyFB_Bold" size="16" color="ffff00">1</><font src="/Game/UMG/Fonts/AgencyFB_Bold.AgencyFB_Bold" size="16" color="ffffff">秒</><br/><font src="/Game/UMG/Fonts/AgencyFB_Bold.AgencyFB_Bold" size="16" color="ffffff">每秒造成</><font src="/Game/UMG/Fonts/AgencyFB_Bold.AgencyFB_Bold" size="16" color="ffff00">7</><font src="/Game/UMG/Fonts/AgencyFB_Bold.AgencyFB_Bold" size="16" color="ffffff">范围伤害</><font></><font></><font></><font></>,1,BlueprintGeneratedClass'/RoguelikeX/Asset/Blueprint/RougeTreasureActor/Cape_9510001_SkillActor.Cape_9510001_SkillActor_C',"((""DMGZoneShowTime"", 3.000000),(""DMGZoneInterval"", 0.500000),(""DMGZoneBuffDotInterval"", 0.500000),(""DMGZoneBuffDuration"", 1.000000))",MoveSpeed,8310774,1
9510402,95104,4,血色披风,1,8,1,0,"(X=200.000000,Y=200.000000,Z=200.000000)",,SpawnDamageZone,BlueprintGeneratedClass'/RoguelikeX/Asset/Blueprint/Prefabs/Skills/NewRogueSkill/Test_NewRogueSkill.Test_NewRogueSkill_C',BlueprintGeneratedClass'/RoguelikeX/Asset/Blueprint/RougeTreasureActor/Cape_95100.Cape_95100_C',None,Texture2D'/RoguelikeX/Asset/Art/UI/RouglikeXUI/SkillIcon/Icon_601_Skill_FJ.Icon_601_Skill_FJ',<font src="/Game/UMG/Fonts/AgencyFB_Bold.AgencyFB_Bold" size="16" color="ffff00">【移动】【范围】</><br/><font src="/Game/UMG/Fonts/AgencyFB_Bold.AgencyFB_Bold" size="16" color="ffffff">在身后召唤血雾，冷却时间</><font src="/Game/UMG/Fonts/AgencyFB_Bold.AgencyFB_Bold" size="16" color="ffff00">1</><font src="/Game/UMG/Fonts/AgencyFB_Bold.AgencyFB_Bold" size="16" color="ffffff">秒</><br/><font src="/Game/UMG/Fonts/AgencyFB_Bold.AgencyFB_Bold" size="16" color="ffffff">每秒造成</><font src="/Game/UMG/Fonts/AgencyFB_Bold.AgencyFB_Bold" size="16" color="ffff00">8</><font src="/Game/UMG/Fonts/AgencyFB_Bold.AgencyFB_Bold" size="16" color="ffffff">范围伤害</><font></><font></><font></><font></>,2,BlueprintGeneratedClass'/RoguelikeX/Asset/Blueprint/RougeTreasureActor/Cape_9510001_SkillActor.Cape_9510001_SkillActor_C',"((""DMGZoneShowTime"", 3.750000),(""DMGZoneInterval"", 0.500000),(""DMGZoneBuffDotInterval"", 0.500000),(""DMGZoneBuffDuration"", 1.000000))",MoveSpeed,8310775,1
9510403,95104,4,血色披风,1,10,1,0,"(X=200.000000,Y=200.000000,Z=200.000000)",,SpawnDamageZone,BlueprintGeneratedClass'/RoguelikeX/Asset/Blueprint/Prefabs/Skills/NewRogueSkill/Test_NewRogueSkill.Test_NewRogueSkill_C',BlueprintGeneratedClass'/RoguelikeX/Asset/Blueprint/RougeTreasureActor/Cape_95100.Cape_95100_C',None,Texture2D'/RoguelikeX/Asset/Art/UI/RouglikeXUI/SkillIcon/Icon_601_Skill_FJ.Icon_601_Skill_FJ',<font src="/Game/UMG/Fonts/AgencyFB_Bold.AgencyFB_Bold" size="16" color="ffff00">【移动】【范围】</><br/><font src="/Game/UMG/Fonts/AgencyFB_Bold.AgencyFB_Bold" size="16" color="ffffff">在身后召唤血雾，冷却时间</><font src="/Game/UMG/Fonts/AgencyFB_Bold.AgencyFB_Bold" size="16" color="ffff00">1</><font src="/Game/UMG/Fonts/AgencyFB_Bold.AgencyFB_Bold" size="16" color="ffffff">秒</><br/><font src="/Game/UMG/Fonts/AgencyFB_Bold.AgencyFB_Bold" size="16" color="ffffff">每秒造成</><font src="/Game/UMG/Fonts/AgencyFB_Bold.AgencyFB_Bold" size="16" color="ffff00">10</><font src="/Game/UMG/Fonts/AgencyFB_Bold.AgencyFB_Bold" size="16" color="ffffff">范围伤害</><font></><font></><font></><font></>,3,BlueprintGeneratedClass'/RoguelikeX/Asset/Blueprint/RougeTreasureActor/Cape_9510001_SkillActor.Cape_9510001_SkillActor_C',"((""DMGZoneShowTime"", 4.500000),(""DMGZoneInterval"", 0.500000),(""DMGZoneBuffDotInterval"", 0.500000),(""DMGZoneBuffDuration"", 1.000000))",MoveSpeed,8310776,1
9510404,95104,4,血色披风,1,13,1,0,"(X=200.000000,Y=200.000000,Z=200.000000)",,SpawnDamageZone,BlueprintGeneratedClass'/RoguelikeX/Asset/Blueprint/Prefabs/Skills/NewRogueSkill/Test_NewRogueSkill.Test_NewRogueSkill_C',BlueprintGeneratedClass'/RoguelikeX/Asset/Blueprint/RougeTreasureActor/Cape_95100.Cape_95100_C',None,Texture2D'/RoguelikeX/Asset/Art/UI/RouglikeXUI/SkillIcon/Icon_601_Skill_FJ.Icon_601_Skill_FJ',<font src="/Game/UMG/Fonts/AgencyFB_Bold.AgencyFB_Bold" size="16" color="ffff00">【移动】【范围】</><br/><font src="/Game/UMG/Fonts/AgencyFB_Bold.AgencyFB_Bold" size="16" color="ffffff">在身后召唤血雾，冷却时间</><font src="/Game/UMG/Fonts/AgencyFB_Bold.AgencyFB_Bold" size="16" color="ffff00">1</><font src="/Game/UMG/Fonts/AgencyFB_Bold.AgencyFB_Bold" size="16" color="ffffff">秒</><br/><font src="/Game/UMG/Fonts/AgencyFB_Bold.AgencyFB_Bold" size="16" color="ffffff">每秒造成</><font src="/Game/UMG/Fonts/AgencyFB_Bold.AgencyFB_Bold" size="16" color="ffff00">13</><font src="/Game/UMG/Fonts/AgencyFB_Bold.AgencyFB_Bold" size="16" color="ffffff">范围伤害</><font></><font></><font></><font></>,4,BlueprintGeneratedClass'/RoguelikeX/Asset/Blueprint/RougeTreasureActor/Cape_9510001_SkillActor.Cape_9510001_SkillActor_C',"((""DMGZoneShowTime"", 6.000000),(""DMGZoneInterval"", 0.500000),(""DMGZoneBuffDotInterval"", 0.500000),(""DMGZoneBuffDuration"", 1.000000))",MoveSpeed,8310777,1
9510405,95104,4,血色披风,1,15,1,0,"(X=200.000000,Y=200.000000,Z=200.000000)",,SpawnDamageZone,BlueprintGeneratedClass'/RoguelikeX/Asset/Blueprint/Prefabs/Skills/NewRogueSkill/Test_NewRogueSkill.Test_NewRogueSkill_C',BlueprintGeneratedClass'/RoguelikeX/Asset/Blueprint/RougeTreasureActor/Cape_95100.Cape_95100_C',None,Texture2D'/RoguelikeX/Asset/Art/UI/RouglikeXUI/SkillIcon/Icon_601_Skill_FJ.Icon_601_Skill_FJ',<font src="/Game/UMG/Fonts/AgencyFB_Bold.AgencyFB_Bold" size="16" color="ffff00">【移动】【范围】</><br/><font src="/Game/UMG/Fonts/AgencyFB_Bold.AgencyFB_Bold" size="16" color="ffffff">在身后召唤血雾，冷却时间</><font src="/Game/UMG/Fonts/AgencyFB_Bold.AgencyFB_Bold" size="16" color="ffff00">1</><font src="/Game/UMG/Fonts/AgencyFB_Bold.AgencyFB_Bold" size="16" color="ffffff">秒</><br/><font src="/Game/UMG/Fonts/AgencyFB_Bold.AgencyFB_Bold" size="16" color="ffffff">每秒造成</><font src="/Game/UMG/Fonts/AgencyFB_Bold.AgencyFB_Bold" size="16" color="ffff00">15</><font src="/Game/UMG/Fonts/AgencyFB_Bold.AgencyFB_Bold" size="16" color="ffffff">范围伤害</><font></><font></><font></><font></>,5,BlueprintGeneratedClass'/RoguelikeX/Asset/Blueprint/RougeTreasureActor/Cape_9510001_SkillActor.Cape_9510001_SkillActor_C',"((""DMGZoneShowTime"", 7.500000),(""DMGZoneInterval"", 0.500000),(""DMGZoneBuffDotInterval"", 0.500000),(""DMGZoneBuffDuration"", 1.000000))",MoveSpeed,8310778,1
9520501,95205,5,五毒靴,1.9,8,1,0,"(X=200.000000,Y=200.000000,Z=200.000000)",,SpawnDamageZone,BlueprintGeneratedClass'/RoguelikeX/Asset/Blueprint/Prefabs/Skills/NewRogueSkill/Test_NewRogueSkill.Test_NewRogueSkill_C',BlueprintGeneratedClass'/RoguelikeX/Asset/Blueprint/RougeTreasureActor/Shoes_95200.Shoes_95200_C',None,Texture2D'/RoguelikeX/Asset/Art/UI/RouglikeXUI/SkillIcon/Icon_601_Skill_FJ.Icon_601_Skill_FJ',<font src="/Game/UMG/Fonts/AgencyFB_Bold.AgencyFB_Bold" size="16" color="ffff00">【移动】【范围】</><br/><font src="/Game/UMG/Fonts/AgencyFB_Bold.AgencyFB_Bold" size="16" color="ffffff">在身后召唤毒潭，冷却时间</><font src="/Game/UMG/Fonts/AgencyFB_Bold.AgencyFB_Bold" size="16" color="ffff00">1.9</><font src="/Game/UMG/Fonts/AgencyFB_Bold.AgencyFB_Bold" size="16" color="ffffff">秒</><br/><font src="/Game/UMG/Fonts/AgencyFB_Bold.AgencyFB_Bold" size="16" color="ffffff">每秒造成</><font src="/Game/UMG/Fonts/AgencyFB_Bold.AgencyFB_Bold" size="16" color="ffff00">8</><font src="/Game/UMG/Fonts/AgencyFB_Bold.AgencyFB_Bold" size="16" color="ffffff">范围伤害</><font></><font></><font></><font></>,1,BlueprintGeneratedClass'/RoguelikeX/Asset/Blueprint/RougeTreasureActor/Shoes_9520001_SkillActor.Shoes_9520001_SkillActor_C',"((""DMGZoneShowTime"", 3.000000),(""DMGZoneInterval"", 0.500000),(""DMGZoneBuffDotDamage"", 1.000000),(""DMGZoneBuffDotInterval"", 0.500000),(""DMGZoneBuffDuration"", 1.000000))",MoveSpeed,8310834,1
9520502,95205,5,五毒靴,1.9,9,1,0,"(X=200.000000,Y=200.000000,Z=200.000000)",,SpawnDamageZone,BlueprintGeneratedClass'/RoguelikeX/Asset/Blueprint/Prefabs/Skills/NewRogueSkill/Test_NewRogueSkill.Test_NewRogueSkill_C',BlueprintGeneratedClass'/RoguelikeX/Asset/Blueprint/RougeTreasureActor/Shoes_95200.Shoes_95200_C',None,Texture2D'/RoguelikeX/Asset/Art/UI/RouglikeXUI/SkillIcon/Icon_601_Skill_FJ.Icon_601_Skill_FJ',<font src="/Game/UMG/Fonts/AgencyFB_Bold.AgencyFB_Bold" size="16" color="ffff00">【移动】【范围】</><br/><font src="/Game/UMG/Fonts/AgencyFB_Bold.AgencyFB_Bold" size="16" color="ffffff">在身后召唤毒潭，冷却时间</><font src="/Game/UMG/Fonts/AgencyFB_Bold.AgencyFB_Bold" size="16" color="ffff00">1.9</><font src="/Game/UMG/Fonts/AgencyFB_Bold.AgencyFB_Bold" size="16" color="ffffff">秒</><br/><font src="/Game/UMG/Fonts/AgencyFB_Bold.AgencyFB_Bold" size="16" color="ffffff">每秒造成</><font src="/Game/UMG/Fonts/AgencyFB_Bold.AgencyFB_Bold" size="16" color="ffff00">9</><font src="/Game/UMG/Fonts/AgencyFB_Bold.AgencyFB_Bold" size="16" color="ffffff">范围伤害</><font></><font></><font></><font></>,2,BlueprintGeneratedClass'/RoguelikeX/Asset/Blueprint/RougeTreasureActor/Shoes_9520001_SkillActor.Shoes_9520001_SkillActor_C',"((""DMGZoneShowTime"", 3.000000),(""DMGZoneInterval"", 0.500000),(""DMGZoneBuffDotDamage"", 1.000000),(""DMGZoneBuffDotInterval"", 0.500000),(""DMGZoneBuffDuration"", 1.000000))",MoveSpeed,8310835,1
9520503,95205,5,五毒靴,1.9,11,1,0,"(X=200.000000,Y=200.000000,Z=200.000000)",,SpawnDamageZone,BlueprintGeneratedClass'/RoguelikeX/Asset/Blueprint/Prefabs/Skills/NewRogueSkill/Test_NewRogueSkill.Test_NewRogueSkill_C',BlueprintGeneratedClass'/RoguelikeX/Asset/Blueprint/RougeTreasureActor/Shoes_95200.Shoes_95200_C',None,Texture2D'/RoguelikeX/Asset/Art/UI/RouglikeXUI/SkillIcon/Icon_601_Skill_FJ.Icon_601_Skill_FJ',<font src="/Game/UMG/Fonts/AgencyFB_Bold.AgencyFB_Bold" size="16" color="ffff00">【移动】【范围】</><br/><font src="/Game/UMG/Fonts/AgencyFB_Bold.AgencyFB_Bold" size="16" color="ffffff">在身后召唤毒潭，冷却时间</><font src="/Game/UMG/Fonts/AgencyFB_Bold.AgencyFB_Bold" size="16" color="ffff00">1.9</><font src="/Game/UMG/Fonts/AgencyFB_Bold.AgencyFB_Bold" size="16" color="ffffff">秒</><br/><font src="/Game/UMG/Fonts/AgencyFB_Bold.AgencyFB_Bold" size="16" color="ffffff">每秒造成</><font src="/Game/UMG/Fonts/AgencyFB_Bold.AgencyFB_Bold" size="16" color="ffff00">11</><font src="/Game/UMG/Fonts/AgencyFB_Bold.AgencyFB_Bold" size="16" color="ffffff">范围伤害</><font></><font></><font></><font></>,3,BlueprintGeneratedClass'/RoguelikeX/Asset/Blueprint/RougeTreasureActor/Shoes_9520001_SkillActor.Shoes_9520001_SkillActor_C',"((""DMGZoneShowTime"", 3.000000),(""DMGZoneInterval"", 0.500000),(""DMGZoneBuffDotDamage"", 1.000000),(""DMGZoneBuffDotInterval"", 0.500000),(""DMGZoneBuffDuration"", 1.000000))",MoveSpeed,8310836,1
9520504,95205,5,五毒靴,1.9,13,1,0,"(X=200.000000,Y=200.000000,Z=200.000000)",,SpawnDamageZone,BlueprintGeneratedClass'/RoguelikeX/Asset/Blueprint/Prefabs/Skills/NewRogueSkill/Test_NewRogueSkill.Test_NewRogueSkill_C',BlueprintGeneratedClass'/RoguelikeX/Asset/Blueprint/RougeTreasureActor/Shoes_95200.Shoes_95200_C',None,Texture2D'/RoguelikeX/Asset/Art/UI/RouglikeXUI/SkillIcon/Icon_601_Skill_FJ.Icon_601_Skill_FJ',<font src="/Game/UMG/Fonts/AgencyFB_Bold.AgencyFB_Bold" size="16" color="ffff00">【移动】【范围】</><br/><font src="/Game/UMG/Fonts/AgencyFB_Bold.AgencyFB_Bold" size="16" color="ffffff">在身后召唤毒潭，冷却时间</><font src="/Game/UMG/Fonts/AgencyFB_Bold.AgencyFB_Bold" size="16" color="ffff00">1.9</><font src="/Game/UMG/Fonts/AgencyFB_Bold.AgencyFB_Bold" size="16" color="ffffff">秒</><br/><font src="/Game/UMG/Fonts/AgencyFB_Bold.AgencyFB_Bold" size="16" color="ffffff">每秒造成</><font src="/Game/UMG/Fonts/AgencyFB_Bold.AgencyFB_Bold" size="16" color="ffff00">13</><font src="/Game/UMG/Fonts/AgencyFB_Bold.AgencyFB_Bold" size="16" color="ffffff">范围伤害</><font></><font></><font></><font></>,4,BlueprintGeneratedClass'/RoguelikeX/Asset/Blueprint/RougeTreasureActor/Shoes_9520001_SkillActor.Shoes_9520001_SkillActor_C',"((""DMGZoneShowTime"", 3.000000),(""DMGZoneInterval"", 0.500000),(""DMGZoneBuffDotDamage"", 1.000000),(""DMGZoneBuffDotInterval"", 0.500000),(""DMGZoneBuffDuration"", 1.000000))",MoveSpeed,8310837,1
9520505,95205,5,五毒靴,1.9,15,1,0,"(X=200.000000,Y=200.000000,Z=200.000000)",,SpawnDamageZone,BlueprintGeneratedClass'/RoguelikeX/Asset/Blueprint/Prefabs/Skills/NewRogueSkill/Test_NewRogueSkill.Test_NewRogueSkill_C',BlueprintGeneratedClass'/RoguelikeX/Asset/Blueprint/RougeTreasureActor/Shoes_95200.Shoes_95200_C',None,Texture2D'/RoguelikeX/Asset/Art/UI/RouglikeXUI/SkillIcon/Icon_601_Skill_FJ.Icon_601_Skill_FJ',<font src="/Game/UMG/Fonts/AgencyFB_Bold.AgencyFB_Bold" size="16" color="ffff00">【移动】【范围】</><br/><font src="/Game/UMG/Fonts/AgencyFB_Bold.AgencyFB_Bold" size="16" color="ffffff">在身后召唤毒潭，冷却时间</><font src="/Game/UMG/Fonts/AgencyFB_Bold.AgencyFB_Bold" size="16" color="ffff00">1.9</><font src="/Game/UMG/Fonts/AgencyFB_Bold.AgencyFB_Bold" size="16" color="ffffff">秒</><br/><font src="/Game/UMG/Fonts/AgencyFB_Bold.AgencyFB_Bold" size="16" color="ffffff">每秒造成</><font src="/Game/UMG/Fonts/AgencyFB_Bold.AgencyFB_Bold" size="16" color="ffff00">15</><font src="/Game/UMG/Fonts/AgencyFB_Bold.AgencyFB_Bold" size="16" color="ffffff">范围伤害</><font></><font></><font></><font></>,5,BlueprintGeneratedClass'/RoguelikeX/Asset/Blueprint/RougeTreasureActor/Shoes_9520001_SkillActor.Shoes_9520001_SkillActor_C',"((""DMGZoneShowTime"", 3.000000),(""DMGZoneInterval"", 0.500000),(""DMGZoneBuffDotDamage"", 1.000000),(""DMGZoneBuffDotInterval"", 0.500000),(""DMGZoneBuffDuration"", 1.000000))",MoveSpeed,8310838,1
9530501,95305,5,风雷翅,1,10,1,0,"(X=200.000000,Y=200.000000,Z=200.000000)",,SpawnDamageZone,BlueprintGeneratedClass'/RoguelikeX/Asset/Blueprint/Prefabs/Skills/NewRogueSkill/Test_NewRogueSkill.Test_NewRogueSkill_C',BlueprintGeneratedClass'/RoguelikeX/Asset/Blueprint/RougeTreasureActor/Wings_95300.Wings_95300_C',None,Texture2D'/RoguelikeX/Asset/Art/UI/RouglikeXUI/SkillIcon/Icon_601_Skill_FJ.Icon_601_Skill_FJ',<font src="/Game/UMG/Fonts/AgencyFB_Bold.AgencyFB_Bold" size="16" color="ffff00">【移动】【范围】</><br/><font src="/Game/UMG/Fonts/AgencyFB_Bold.AgencyFB_Bold" size="16" color="ffffff">在身后召唤天雷，冷却时间</><font src="/Game/UMG/Fonts/AgencyFB_Bold.AgencyFB_Bold" size="16" color="ffff00">1</><font src="/Game/UMG/Fonts/AgencyFB_Bold.AgencyFB_Bold" size="16" color="ffffff">秒</><br/><font src="/Game/UMG/Fonts/AgencyFB_Bold.AgencyFB_Bold" size="16" color="ffffff">每秒造成</><font src="/Game/UMG/Fonts/AgencyFB_Bold.AgencyFB_Bold" size="16" color="ffff00">10</><font src="/Game/UMG/Fonts/AgencyFB_Bold.AgencyFB_Bold" size="16" color="ffffff">范围伤害</><font></><font></><font></><font></>,1,BlueprintGeneratedClass'/RoguelikeX/Asset/Blueprint/RougeTreasureActor/Wings_9530001_SkillActor.Wings_9530001_SkillActor_C',"((""DMGZoneShowTime"", 3.000000),(""DMGZoneInterval"", 0.500000),(""DMGZoneBuffDotInterval"", 0.500000),(""DMGZoneBuffDuration"", 1.000000))",MoveSpeed,8310885,1
9530502,95305,5,风雷翅,1,11,1,0,"(X=200.000000,Y=200.000000,Z=200.000000)",,SpawnDamageZone,BlueprintGeneratedClass'/RoguelikeX/Asset/Blueprint/Prefabs/Skills/NewRogueSkill/Test_NewRogueSkill.Test_NewRogueSkill_C',BlueprintGeneratedClass'/RoguelikeX/Asset/Blueprint/RougeTreasureActor/Wings_95300.Wings_95300_C',None,Texture2D'/RoguelikeX/Asset/Art/UI/RouglikeXUI/SkillIcon/Icon_601_Skill_FJ.Icon_601_Skill_FJ',<font src="/Game/UMG/Fonts/AgencyFB_Bold.AgencyFB_Bold" size="16" color="ffff00">【移动】【范围】</><br/><font src="/Game/UMG/Fonts/AgencyFB_Bold.AgencyFB_Bold" size="16" color="ffffff">在身后召唤天雷，冷却时间</><font src="/Game/UMG/Fonts/AgencyFB_Bold.AgencyFB_Bold" size="16" color="ffff00">1</><font src="/Game/UMG/Fonts/AgencyFB_Bold.AgencyFB_Bold" size="16" color="ffffff">秒</><br/><font src="/Game/UMG/Fonts/AgencyFB_Bold.AgencyFB_Bold" size="16" color="ffffff">每秒造成</><font src="/Game/UMG/Fonts/AgencyFB_Bold.AgencyFB_Bold" size="16" color="ffff00">11</><font src="/Game/UMG/Fonts/AgencyFB_Bold.AgencyFB_Bold" size="16" color="ffffff">范围伤害</><font></><font></><font></><font></>,2,BlueprintGeneratedClass'/RoguelikeX/Asset/Blueprint/RougeTreasureActor/Wings_9530001_SkillActor.Wings_9530001_SkillActor_C',"((""DMGZoneShowTime"", 3.000000),(""DMGZoneInterval"", 0.500000),(""DMGZoneBuffDotInterval"", 0.500000),(""DMGZoneBuffDuration"", 1.000000))",MoveSpeed,8310886,1
9530503,95305,5,风雷翅,1,14,1,0,"(X=200.000000,Y=200.000000,Z=200.000000)",,SpawnDamageZone,BlueprintGeneratedClass'/RoguelikeX/Asset/Blueprint/Prefabs/Skills/NewRogueSkill/Test_NewRogueSkill.Test_NewRogueSkill_C',BlueprintGeneratedClass'/RoguelikeX/Asset/Blueprint/RougeTreasureActor/Wings_95300.Wings_95300_C',None,Texture2D'/RoguelikeX/Asset/Art/UI/RouglikeXUI/SkillIcon/Icon_601_Skill_FJ.Icon_601_Skill_FJ',<font src="/Game/UMG/Fonts/AgencyFB_Bold.AgencyFB_Bold" size="16" color="ffff00">【移动】【范围】</><br/><font src="/Game/UMG/Fonts/AgencyFB_Bold.AgencyFB_Bold" size="16" color="ffffff">在身后召唤天雷，冷却时间</><font src="/Game/UMG/Fonts/AgencyFB_Bold.AgencyFB_Bold" size="16" color="ffff00">1</><font src="/Game/UMG/Fonts/AgencyFB_Bold.AgencyFB_Bold" size="16" color="ffffff">秒</><br/><font src="/Game/UMG/Fonts/AgencyFB_Bold.AgencyFB_Bold" size="16" color="ffffff">每秒造成</><font src="/Game/UMG/Fonts/AgencyFB_Bold.AgencyFB_Bold" size="16" color="ffff00">14</><font src="/Game/UMG/Fonts/AgencyFB_Bold.AgencyFB_Bold" size="16" color="ffffff">范围伤害</><font></><font></><font></><font></>,3,BlueprintGeneratedClass'/RoguelikeX/Asset/Blueprint/RougeTreasureActor/Wings_9530001_SkillActor.Wings_9530001_SkillActor_C',"((""DMGZoneShowTime"", 3.000000),(""DMGZoneInterval"", 0.500000),(""DMGZoneBuffDotInterval"", 0.500000),(""DMGZoneBuffDuration"", 1.000000))",MoveSpeed,8310887,1
9530504,95305,5,风雷翅,1,16,1,0,"(X=200.000000,Y=200.000000,Z=200.000000)",,SpawnDamageZone,BlueprintGeneratedClass'/RoguelikeX/Asset/Blueprint/Prefabs/Skills/NewRogueSkill/Test_NewRogueSkill.Test_NewRogueSkill_C',BlueprintGeneratedClass'/RoguelikeX/Asset/Blueprint/RougeTreasureActor/Wings_95300.Wings_95300_C',None,Texture2D'/RoguelikeX/Asset/Art/UI/RouglikeXUI/SkillIcon/Icon_601_Skill_FJ.Icon_601_Skill_FJ',<font src="/Game/UMG/Fonts/AgencyFB_Bold.AgencyFB_Bold" size="16" color="ffff00">【移动】【范围】</><br/><font src="/Game/UMG/Fonts/AgencyFB_Bold.AgencyFB_Bold" size="16" color="ffffff">在身后召唤天雷，冷却时间</><font src="/Game/UMG/Fonts/AgencyFB_Bold.AgencyFB_Bold" size="16" color="ffff00">1</><font src="/Game/UMG/Fonts/AgencyFB_Bold.AgencyFB_Bold" size="16" color="ffffff">秒</><br/><font src="/Game/UMG/Fonts/AgencyFB_Bold.AgencyFB_Bold" size="16" color="ffffff">每秒造成</><font src="/Game/UMG/Fonts/AgencyFB_Bold.AgencyFB_Bold" size="16" color="ffff00">16</><font src="/Game/UMG/Fonts/AgencyFB_Bold.AgencyFB_Bold" size="16" color="ffffff">范围伤害</><font></><font></><font></><font></>,4,BlueprintGeneratedClass'/RoguelikeX/Asset/Blueprint/RougeTreasureActor/Wings_9530001_SkillActor.Wings_9530001_SkillActor_C',"((""DMGZoneShowTime"", 3.000000),(""DMGZoneInterval"", 0.500000),(""DMGZoneBuffDotInterval"", 0.500000),(""DMGZoneBuffDuration"", 1.000000))",MoveSpeed,8310888,1
9530505,95305,5,风雷翅,1,19,1,0,"(X=200.000000,Y=200.000000,Z=200.000000)",,SpawnDamageZone,BlueprintGeneratedClass'/RoguelikeX/Asset/Blueprint/Prefabs/Skills/NewRogueSkill/Test_NewRogueSkill.Test_NewRogueSkill_C',BlueprintGeneratedClass'/RoguelikeX/Asset/Blueprint/RougeTreasureActor/Wings_95300.Wings_95300_C',None,Texture2D'/RoguelikeX/Asset/Art/UI/RouglikeXUI/SkillIcon/Icon_601_Skill_FJ.Icon_601_Skill_FJ',<font src="/Game/UMG/Fonts/AgencyFB_Bold.AgencyFB_Bold" size="16" color="ffff00">【移动】【范围】</><br/><font src="/Game/UMG/Fonts/AgencyFB_Bold.AgencyFB_Bold" size="16" color="ffffff">在身后召唤天雷，冷却时间</><font src="/Game/UMG/Fonts/AgencyFB_Bold.AgencyFB_Bold" size="16" color="ffff00">1</><font src="/Game/UMG/Fonts/AgencyFB_Bold.AgencyFB_Bold" size="16" color="ffffff">秒</><br/><font src="/Game/UMG/Fonts/AgencyFB_Bold.AgencyFB_Bold" size="16" color="ffffff">每秒造成</><font src="/Game/UMG/Fonts/AgencyFB_Bold.AgencyFB_Bold" size="16" color="ffff00">19</><font src="/Game/UMG/Fonts/AgencyFB_Bold.AgencyFB_Bold" size="16" color="ffffff">范围伤害</><font></><font></><font></><font></>,5,BlueprintGeneratedClass'/RoguelikeX/Asset/Blueprint/RougeTreasureActor/Wings_9530001_SkillActor.Wings_9530001_SkillActor_C',"((""DMGZoneShowTime"", 3.000000),(""DMGZoneInterval"", 0.500000),(""DMGZoneBuffDotInterval"", 0.500000),(""DMGZoneBuffDuration"", 1.000000))",MoveSpeed,8310889,1
9290501,92905,5,煞行靴,1.7,10,1,0,"(X=200.000000,Y=200.000000,Z=200.000000)",,SpawnDamageZone,BlueprintGeneratedClass'/RoguelikeX/Asset/Blueprint/Prefabs/Skills/NewRogueSkill/Test_NewRogueSkill.Test_NewRogueSkill_C',BlueprintGeneratedClass'/RoguelikeX/Asset/Blueprint/RougeTreasureActor/Shoes_92900.Shoes_92900_C',None,Texture2D'/RoguelikeX/Asset/Art/UI/RouglikeXUI/SkillIcon/Icon_601_Skill_FJ.Icon_601_Skill_FJ',<font src="/Game/UMG/Fonts/AgencyFB_Bold.AgencyFB_Bold" size="16" color="ffff00">【移动】【范围】</><br/><font src="/Game/UMG/Fonts/AgencyFB_Bold.AgencyFB_Bold" size="16" color="ffffff">在身后召唤狱火，冷却时间</><font src="/Game/UMG/Fonts/AgencyFB_Bold.AgencyFB_Bold" size="16" color="ffff00">1.7</><font src="/Game/UMG/Fonts/AgencyFB_Bold.AgencyFB_Bold" size="16" color="ffffff">秒</><br/><font src="/Game/UMG/Fonts/AgencyFB_Bold.AgencyFB_Bold" size="16" color="ffffff">每秒造成</><font src="/Game/UMG/Fonts/AgencyFB_Bold.AgencyFB_Bold" size="16" color="ffff00">10</><font src="/Game/UMG/Fonts/AgencyFB_Bold.AgencyFB_Bold" size="16" color="ffffff">范围伤害</><font></><font></><font></><font></>,1,BlueprintGeneratedClass'/RoguelikeX/Asset/Blueprint/RougeTreasureActor/Shoes_9290001_SkillActor.Shoes_9290001_SkillActor_C',"((""DMGZoneShowTime"", 3.000000),(""DMGZoneInterval"", 0.500000),(""DMGZoneBuffDotDamage"", 2.000000),(""DMGZoneBuffDotInterval"", 0.500000),(""DMGZoneBuffDuration"", 1.000000))",MoveSpeed,8310829,1
9290502,92905,5,煞行靴,1.7,11,1,0,"(X=200.000000,Y=200.000000,Z=200.000000)",,SpawnDamageZone,BlueprintGeneratedClass'/RoguelikeX/Asset/Blueprint/Prefabs/Skills/NewRogueSkill/Test_NewRogueSkill.Test_NewRogueSkill_C',BlueprintGeneratedClass'/RoguelikeX/Asset/Blueprint/RougeTreasureActor/Shoes_92900.Shoes_92900_C',None,Texture2D'/RoguelikeX/Asset/Art/UI/RouglikeXUI/SkillIcon/Icon_601_Skill_FJ.Icon_601_Skill_FJ',<font src="/Game/UMG/Fonts/AgencyFB_Bold.AgencyFB_Bold" size="16" color="ffff00">【移动】【范围】</><br/><font src="/Game/UMG/Fonts/AgencyFB_Bold.AgencyFB_Bold" size="16" color="ffffff">在身后召唤狱火，冷却时间</><font src="/Game/UMG/Fonts/AgencyFB_Bold.AgencyFB_Bold" size="16" color="ffff00">1.7</><font src="/Game/UMG/Fonts/AgencyFB_Bold.AgencyFB_Bold" size="16" color="ffffff">秒</><br/><font src="/Game/UMG/Fonts/AgencyFB_Bold.AgencyFB_Bold" size="16" color="ffffff">每秒造成</><font src="/Game/UMG/Fonts/AgencyFB_Bold.AgencyFB_Bold" size="16" color="ffff00">11</><font src="/Game/UMG/Fonts/AgencyFB_Bold.AgencyFB_Bold" size="16" color="ffffff">范围伤害</><font></><font></><font></><font></>,2,BlueprintGeneratedClass'/RoguelikeX/Asset/Blueprint/RougeTreasureActor/Shoes_9290001_SkillActor.Shoes_9290001_SkillActor_C',"((""DMGZoneShowTime"", 3.000000),(""DMGZoneInterval"", 0.500000),(""DMGZoneBuffDotDamage"", 2.000000),(""DMGZoneBuffDotInterval"", 0.500000),(""DMGZoneBuffDuration"", 1.000000))",MoveSpeed,8310830,1
9290503,92905,5,煞行靴,1.7,14,1,0,"(X=200.000000,Y=200.000000,Z=200.000000)",,SpawnDamageZone,BlueprintGeneratedClass'/RoguelikeX/Asset/Blueprint/Prefabs/Skills/NewRogueSkill/Test_NewRogueSkill.Test_NewRogueSkill_C',BlueprintGeneratedClass'/RoguelikeX/Asset/Blueprint/RougeTreasureActor/Shoes_92900.Shoes_92900_C',None,Texture2D'/RoguelikeX/Asset/Art/UI/RouglikeXUI/SkillIcon/Icon_601_Skill_FJ.Icon_601_Skill_FJ',<font src="/Game/UMG/Fonts/AgencyFB_Bold.AgencyFB_Bold" size="16" color="ffff00">【移动】【范围】</><br/><font src="/Game/UMG/Fonts/AgencyFB_Bold.AgencyFB_Bold" size="16" color="ffffff">在身后召唤狱火，冷却时间</><font src="/Game/UMG/Fonts/AgencyFB_Bold.AgencyFB_Bold" size="16" color="ffff00">1.7</><font src="/Game/UMG/Fonts/AgencyFB_Bold.AgencyFB_Bold" size="16" color="ffffff">秒</><br/><font src="/Game/UMG/Fonts/AgencyFB_Bold.AgencyFB_Bold" size="16" color="ffffff">每秒造成</><font src="/Game/UMG/Fonts/AgencyFB_Bold.AgencyFB_Bold" size="16" color="ffff00">14</><font src="/Game/UMG/Fonts/AgencyFB_Bold.AgencyFB_Bold" size="16" color="ffffff">范围伤害</><font></><font></><font></><font></>,3,BlueprintGeneratedClass'/RoguelikeX/Asset/Blueprint/RougeTreasureActor/Shoes_9290001_SkillActor.Shoes_9290001_SkillActor_C',"((""DMGZoneShowTime"", 3.000000),(""DMGZoneInterval"", 0.500000),(""DMGZoneBuffDotDamage"", 2.000000),(""DMGZoneBuffDotInterval"", 0.500000),(""DMGZoneBuffDuration"", 1.000000))",MoveSpeed,8310831,1
9290504,92905,5,煞行靴,1.7,16,1,0,"(X=200.000000,Y=200.000000,Z=200.000000)",,SpawnDamageZone,BlueprintGeneratedClass'/RoguelikeX/Asset/Blueprint/Prefabs/Skills/NewRogueSkill/Test_NewRogueSkill.Test_NewRogueSkill_C',BlueprintGeneratedClass'/RoguelikeX/Asset/Blueprint/RougeTreasureActor/Shoes_92900.Shoes_92900_C',None,Texture2D'/RoguelikeX/Asset/Art/UI/RouglikeXUI/SkillIcon/Icon_601_Skill_FJ.Icon_601_Skill_FJ',<font src="/Game/UMG/Fonts/AgencyFB_Bold.AgencyFB_Bold" size="16" color="ffff00">【移动】【范围】</><br/><font src="/Game/UMG/Fonts/AgencyFB_Bold.AgencyFB_Bold" size="16" color="ffffff">在身后召唤狱火，冷却时间</><font src="/Game/UMG/Fonts/AgencyFB_Bold.AgencyFB_Bold" size="16" color="ffff00">1.7</><font src="/Game/UMG/Fonts/AgencyFB_Bold.AgencyFB_Bold" size="16" color="ffffff">秒</><br/><font src="/Game/UMG/Fonts/AgencyFB_Bold.AgencyFB_Bold" size="16" color="ffffff">每秒造成</><font src="/Game/UMG/Fonts/AgencyFB_Bold.AgencyFB_Bold" size="16" color="ffff00">16</><font src="/Game/UMG/Fonts/AgencyFB_Bold.AgencyFB_Bold" size="16" color="ffffff">范围伤害</><font></><font></><font></><font></>,4,BlueprintGeneratedClass'/RoguelikeX/Asset/Blueprint/RougeTreasureActor/Shoes_9290001_SkillActor.Shoes_9290001_SkillActor_C',"((""DMGZoneShowTime"", 3.000000),(""DMGZoneInterval"", 0.500000),(""DMGZoneBuffDotDamage"", 2.000000),(""DMGZoneBuffDotInterval"", 0.500000),(""DMGZoneBuffDuration"", 1.000000))",MoveSpeed,8310832,1
9290505,92905,5,煞行靴,1.7,19,1,0,"(X=200.000000,Y=200.000000,Z=200.000000)",,SpawnDamageZone,BlueprintGeneratedClass'/RoguelikeX/Asset/Blueprint/Prefabs/Skills/NewRogueSkill/Test_NewRogueSkill.Test_NewRogueSkill_C',BlueprintGeneratedClass'/RoguelikeX/Asset/Blueprint/RougeTreasureActor/Shoes_92900.Shoes_92900_C',None,Texture2D'/RoguelikeX/Asset/Art/UI/RouglikeXUI/SkillIcon/Icon_601_Skill_FJ.Icon_601_Skill_FJ',<font src="/Game/UMG/Fonts/AgencyFB_Bold.AgencyFB_Bold" size="16" color="ffff00">【移动】【范围】</><br/><font src="/Game/UMG/Fonts/AgencyFB_Bold.AgencyFB_Bold" size="16" color="ffffff">在身后召唤狱火，冷却时间</><font src="/Game/UMG/Fonts/AgencyFB_Bold.AgencyFB_Bold" size="16" color="ffff00">1.7</><font src="/Game/UMG/Fonts/AgencyFB_Bold.AgencyFB_Bold" size="16" color="ffffff">秒</><br/><font src="/Game/UMG/Fonts/AgencyFB_Bold.AgencyFB_Bold" size="16" color="ffffff">每秒造成</><font src="/Game/UMG/Fonts/AgencyFB_Bold.AgencyFB_Bold" size="16" color="ffff00">19</><font src="/Game/UMG/Fonts/AgencyFB_Bold.AgencyFB_Bold" size="16" color="ffffff">范围伤害</><font></><font></><font></><font></>,5,BlueprintGeneratedClass'/RoguelikeX/Asset/Blueprint/RougeTreasureActor/Shoes_9290001_SkillActor.Shoes_9290001_SkillActor_C',"((""DMGZoneShowTime"", 3.000000),(""DMGZoneInterval"", 0.500000),(""DMGZoneBuffDotDamage"", 2.000000),(""DMGZoneBuffDotInterval"", 0.500000),(""DMGZoneBuffDuration"", 1.000000))",MoveSpeed,8310833,1
9310201,93102,2,惊神阵,5,8,1,0,"(X=350.000000,Y=350.000000,Z=350.000000)",,SpawnAura,BlueprintGeneratedClass'/RoguelikeX/Asset/Blueprint/Prefabs/Skills/NewRogueSkill/Test_NewRogueSkill.Test_NewRogueSkill_C',BlueprintGeneratedClass'/RoguelikeX/Asset/Blueprint/RougeTreasureActor/Aura_93100.Aura_93100_C',None,Texture2D'/RoguelikeX/Asset/Art/UI/RouglikeXUI/SkillIcon/Icon_601_Skill_FJ.Icon_601_Skill_FJ',<font src="/Game/UMG/Fonts/AgencyFB_Bold.AgencyFB_Bold" size="16" color="ffff00">【范围】【近战】</><br/><font src="/Game/UMG/Fonts/AgencyFB_Bold.AgencyFB_Bold" size="16" color="ffffff">在身边召唤惊神阵</><br/><font src="/Game/UMG/Fonts/AgencyFB_Bold.AgencyFB_Bold" size="16" color="ffffff">每秒造成</><font src="/Game/UMG/Fonts/AgencyFB_Bold.AgencyFB_Bold" size="16" color="ffff00">8</><font src="/Game/UMG/Fonts/AgencyFB_Bold.AgencyFB_Bold" size="16" color="ffffff">范围伤害</><font></><font></><font></><font></><font></><font></>,1,BlueprintGeneratedClass'/RoguelikeX/Asset/Blueprint/RougeTreasureActor/Aura_9310001_SkillActor.Aura_9310001_SkillActor_C',"((""DMGZoneShowTime"", 5.000000),(""DMGZoneInterval"", 0.700000),(""DMGZoneBuffDotInterval"", 0.500000),(""DMGZoneBuffDuration"", 0.500000))",Scale,8310839,1
9310202,93102,2,惊神阵,5,9,1,0,"(X=350.000000,Y=350.000000,Z=350.000000)",,SpawnAura,BlueprintGeneratedClass'/RoguelikeX/Asset/Blueprint/Prefabs/Skills/NewRogueSkill/Test_NewRogueSkill.Test_NewRogueSkill_C',BlueprintGeneratedClass'/RoguelikeX/Asset/Blueprint/RougeTreasureActor/Aura_93100.Aura_93100_C',None,Texture2D'/RoguelikeX/Asset/Art/UI/RouglikeXUI/SkillIcon/Icon_601_Skill_FJ.Icon_601_Skill_FJ',<font src="/Game/UMG/Fonts/AgencyFB_Bold.AgencyFB_Bold" size="16" color="ffff00">【范围】【近战】</><br/><font src="/Game/UMG/Fonts/AgencyFB_Bold.AgencyFB_Bold" size="16" color="ffffff">在身边召唤惊神阵</><br/><font src="/Game/UMG/Fonts/AgencyFB_Bold.AgencyFB_Bold" size="16" color="ffffff">每秒造成</><font src="/Game/UMG/Fonts/AgencyFB_Bold.AgencyFB_Bold" size="16" color="ffff00">9</><font src="/Game/UMG/Fonts/AgencyFB_Bold.AgencyFB_Bold" size="16" color="ffffff">范围伤害</><font></><font></><font></><font></><font></><font></>,2,BlueprintGeneratedClass'/RoguelikeX/Asset/Blueprint/RougeTreasureActor/Aura_9310001_SkillActor.Aura_9310001_SkillActor_C',"((""DMGZoneShowTime"", 5.000000),(""DMGZoneInterval"", 0.700000),(""DMGZoneBuffDotInterval"", 0.500000),(""DMGZoneBuffDuration"", 0.500000))",Scale,8310840,1.2
9310203,93102,2,惊神阵,5,12,1,0,"(X=350.000000,Y=350.000000,Z=350.000000)",,SpawnAura,BlueprintGeneratedClass'/RoguelikeX/Asset/Blueprint/Prefabs/Skills/NewRogueSkill/Test_NewRogueSkill.Test_NewRogueSkill_C',BlueprintGeneratedClass'/RoguelikeX/Asset/Blueprint/RougeTreasureActor/Aura_93100.Aura_93100_C',None,Texture2D'/RoguelikeX/Asset/Art/UI/RouglikeXUI/SkillIcon/Icon_601_Skill_FJ.Icon_601_Skill_FJ',<font src="/Game/UMG/Fonts/AgencyFB_Bold.AgencyFB_Bold" size="16" color="ffff00">【范围】【近战】</><br/><font src="/Game/UMG/Fonts/AgencyFB_Bold.AgencyFB_Bold" size="16" color="ffffff">在身边召唤惊神阵</><br/><font src="/Game/UMG/Fonts/AgencyFB_Bold.AgencyFB_Bold" size="16" color="ffffff">每秒造成</><font src="/Game/UMG/Fonts/AgencyFB_Bold.AgencyFB_Bold" size="16" color="ffff00">12</><font src="/Game/UMG/Fonts/AgencyFB_Bold.AgencyFB_Bold" size="16" color="ffffff">范围伤害</><font></><font></><font></><font></><font></><font></>,3,BlueprintGeneratedClass'/RoguelikeX/Asset/Blueprint/RougeTreasureActor/Aura_9310001_SkillActor.Aura_9310001_SkillActor_C',"((""DMGZoneShowTime"", 5.000000),(""DMGZoneInterval"", 0.700000),(""DMGZoneBuffDotInterval"", 0.500000),(""DMGZoneBuffDuration"", 0.500000))",Scale,8310841,1.4
9310204,93102,2,惊神阵,5,14,1,0,"(X=350.000000,Y=350.000000,Z=350.000000)",,SpawnAura,BlueprintGeneratedClass'/RoguelikeX/Asset/Blueprint/Prefabs/Skills/NewRogueSkill/Test_NewRogueSkill.Test_NewRogueSkill_C',BlueprintGeneratedClass'/RoguelikeX/Asset/Blueprint/RougeTreasureActor/Aura_93100.Aura_93100_C',None,Texture2D'/RoguelikeX/Asset/Art/UI/RouglikeXUI/SkillIcon/Icon_601_Skill_FJ.Icon_601_Skill_FJ',<font src="/Game/UMG/Fonts/AgencyFB_Bold.AgencyFB_Bold" size="16" color="ffff00">【范围】【近战】</><br/><font src="/Game/UMG/Fonts/AgencyFB_Bold.AgencyFB_Bold" size="16" color="ffffff">在身边召唤惊神阵</><br/><font src="/Game/UMG/Fonts/AgencyFB_Bold.AgencyFB_Bold" size="16" color="ffffff">每秒造成</><font src="/Game/UMG/Fonts/AgencyFB_Bold.AgencyFB_Bold" size="16" color="ffff00">14</><font src="/Game/UMG/Fonts/AgencyFB_Bold.AgencyFB_Bold" size="16" color="ffffff">范围伤害</><font></><font></><font></><font></><font></><font></>,4,BlueprintGeneratedClass'/RoguelikeX/Asset/Blueprint/RougeTreasureActor/Aura_9310001_SkillActor.Aura_9310001_SkillActor_C',"((""DMGZoneShowTime"", 5.000000),(""DMGZoneInterval"", 0.700000),(""DMGZoneBuffDotInterval"", 0.500000),(""DMGZoneBuffDuration"", 0.500000))",Scale,8310842,1.7
9310205,93102,2,惊神阵,5,16,1,0,"(X=350.000000,Y=350.000000,Z=350.000000)",,SpawnAura,BlueprintGeneratedClass'/RoguelikeX/Asset/Blueprint/Prefabs/Skills/NewRogueSkill/Test_NewRogueSkill.Test_NewRogueSkill_C',BlueprintGeneratedClass'/RoguelikeX/Asset/Blueprint/RougeTreasureActor/Aura_93100.Aura_93100_C',None,Texture2D'/RoguelikeX/Asset/Art/UI/RouglikeXUI/SkillIcon/Icon_601_Skill_FJ.Icon_601_Skill_FJ',<font src="/Game/UMG/Fonts/AgencyFB_Bold.AgencyFB_Bold" size="16" color="ffff00">【范围】【近战】</><br/><font src="/Game/UMG/Fonts/AgencyFB_Bold.AgencyFB_Bold" size="16" color="ffffff">在身边召唤惊神阵</><br/><font src="/Game/UMG/Fonts/AgencyFB_Bold.AgencyFB_Bold" size="16" color="ffffff">每秒造成</><font src="/Game/UMG/Fonts/AgencyFB_Bold.AgencyFB_Bold" size="16" color="ffff00">16</><font src="/Game/UMG/Fonts/AgencyFB_Bold.AgencyFB_Bold" size="16" color="ffffff">范围伤害</><font></><font></><font></><font></><font></><font></>,5,BlueprintGeneratedClass'/RoguelikeX/Asset/Blueprint/RougeTreasureActor/Aura_9310001_SkillActor.Aura_9310001_SkillActor_C',"((""DMGZoneShowTime"", 5.000000),(""DMGZoneInterval"", 0.700000),(""DMGZoneBuffDotInterval"", 0.500000),(""DMGZoneBuffDuration"", 0.500000))",Scale,8310843,2
9320301,93203,3,枯墟阵,5,13,1,0,"(X=350.000000,Y=350.000000,Z=350.000000)",,SpawnAura,BlueprintGeneratedClass'/RoguelikeX/Asset/Blueprint/Prefabs/Skills/NewRogueSkill/Test_NewRogueSkill.Test_NewRogueSkill_C',BlueprintGeneratedClass'/RoguelikeX/Asset/Blueprint/RougeTreasureActor/Aura_93200.Aura_93200_C',None,Texture2D'/RoguelikeX/Asset/Art/UI/RouglikeXUI/SkillIcon/Icon_601_Skill_FJ.Icon_601_Skill_FJ',<font src="/Game/UMG/Fonts/AgencyFB_Bold.AgencyFB_Bold" size="16" color="ffff00">【范围】【近战】</><br/><font src="/Game/UMG/Fonts/AgencyFB_Bold.AgencyFB_Bold" size="16" color="ffffff">在身边召唤枯墟阵</><br/><font src="/Game/UMG/Fonts/AgencyFB_Bold.AgencyFB_Bold" size="16" color="ffffff">每秒造成</><font src="/Game/UMG/Fonts/AgencyFB_Bold.AgencyFB_Bold" size="16" color="ffff00">13</><font src="/Game/UMG/Fonts/AgencyFB_Bold.AgencyFB_Bold" size="16" color="ffffff">范围伤害</><font></><font></><font></><font></><font></><font></>,1,BlueprintGeneratedClass'/RoguelikeX/Asset/Blueprint/RougeTreasureActor/Aura_9320001_SkillActor.Aura_9320001_SkillActor_C',"((""DMGZoneShowTime"", 5.000000),(""DMGZoneInterval"", 0.700000),(""DMGZoneBuffDotDamage"", 2.000000),(""DMGZoneBuffDotInterval"", 0.500000),(""DMGZoneBuffDuration"", 1.000000))",Scale,8310844,1
9320302,93203,3,枯墟阵,5,15,1,0,"(X=350.000000,Y=350.000000,Z=350.000000)",,SpawnAura,BlueprintGeneratedClass'/RoguelikeX/Asset/Blueprint/Prefabs/Skills/NewRogueSkill/Test_NewRogueSkill.Test_NewRogueSkill_C',BlueprintGeneratedClass'/RoguelikeX/Asset/Blueprint/RougeTreasureActor/Aura_93200.Aura_93200_C',None,Texture2D'/RoguelikeX/Asset/Art/UI/RouglikeXUI/SkillIcon/Icon_601_Skill_FJ.Icon_601_Skill_FJ',<font src="/Game/UMG/Fonts/AgencyFB_Bold.AgencyFB_Bold" size="16" color="ffff00">【范围】【近战】</><br/><font src="/Game/UMG/Fonts/AgencyFB_Bold.AgencyFB_Bold" size="16" color="ffffff">在身边召唤枯墟阵</><br/><font src="/Game/UMG/Fonts/AgencyFB_Bold.AgencyFB_Bold" size="16" color="ffffff">每秒造成</><font src="/Game/UMG/Fonts/AgencyFB_Bold.AgencyFB_Bold" size="16" color="ffff00">15</><font src="/Game/UMG/Fonts/AgencyFB_Bold.AgencyFB_Bold" size="16" color="ffffff">范围伤害</><font></><font></><font></><font></><font></><font></>,2,BlueprintGeneratedClass'/RoguelikeX/Asset/Blueprint/RougeTreasureActor/Aura_9320001_SkillActor.Aura_9320001_SkillActor_C',"((""DMGZoneShowTime"", 5.000000),(""DMGZoneInterval"", 0.700000),(""DMGZoneBuffDotDamage"", 2.000000),(""DMGZoneBuffDotInterval"", 0.500000),(""DMGZoneBuffDuration"", 1.000000))",Scale,8310845,1.2
9320303,93203,3,枯墟阵,5,18,1,0,"(X=350.000000,Y=350.000000,Z=350.000000)",,SpawnAura,BlueprintGeneratedClass'/RoguelikeX/Asset/Blueprint/Prefabs/Skills/NewRogueSkill/Test_NewRogueSkill.Test_NewRogueSkill_C',BlueprintGeneratedClass'/RoguelikeX/Asset/Blueprint/RougeTreasureActor/Aura_93200.Aura_93200_C',None,Texture2D'/RoguelikeX/Asset/Art/UI/RouglikeXUI/SkillIcon/Icon_601_Skill_FJ.Icon_601_Skill_FJ',<font src="/Game/UMG/Fonts/AgencyFB_Bold.AgencyFB_Bold" size="16" color="ffff00">【范围】【近战】</><br/><font src="/Game/UMG/Fonts/AgencyFB_Bold.AgencyFB_Bold" size="16" color="ffffff">在身边召唤枯墟阵</><br/><font src="/Game/UMG/Fonts/AgencyFB_Bold.AgencyFB_Bold" size="16" color="ffffff">每秒造成</><font src="/Game/UMG/Fonts/AgencyFB_Bold.AgencyFB_Bold" size="16" color="ffff00">18</><font src="/Game/UMG/Fonts/AgencyFB_Bold.AgencyFB_Bold" size="16" color="ffffff">范围伤害</><font></><font></><font></><font></><font></><font></>,3,BlueprintGeneratedClass'/RoguelikeX/Asset/Blueprint/RougeTreasureActor/Aura_9320001_SkillActor.Aura_9320001_SkillActor_C',"((""DMGZoneShowTime"", 5.000000),(""DMGZoneInterval"", 0.700000),(""DMGZoneBuffDotDamage"", 2.000000),(""DMGZoneBuffDotInterval"", 0.500000),(""DMGZoneBuffDuration"", 1.000000))",Scale,8310846,1.4
9320304,93203,3,枯墟阵,5,22,1,0,"(X=350.000000,Y=350.000000,Z=350.000000)",,SpawnAura,BlueprintGeneratedClass'/RoguelikeX/Asset/Blueprint/Prefabs/Skills/NewRogueSkill/Test_NewRogueSkill.Test_NewRogueSkill_C',BlueprintGeneratedClass'/RoguelikeX/Asset/Blueprint/RougeTreasureActor/Aura_93200.Aura_93200_C',None,Texture2D'/RoguelikeX/Asset/Art/UI/RouglikeXUI/SkillIcon/Icon_601_Skill_FJ.Icon_601_Skill_FJ',<font src="/Game/UMG/Fonts/AgencyFB_Bold.AgencyFB_Bold" size="16" color="ffff00">【范围】【近战】</><br/><font src="/Game/UMG/Fonts/AgencyFB_Bold.AgencyFB_Bold" size="16" color="ffffff">在身边召唤枯墟阵</><br/><font src="/Game/UMG/Fonts/AgencyFB_Bold.AgencyFB_Bold" size="16" color="ffffff">每秒造成</><font src="/Game/UMG/Fonts/AgencyFB_Bold.AgencyFB_Bold" size="16" color="ffff00">22</><font src="/Game/UMG/Fonts/AgencyFB_Bold.AgencyFB_Bold" size="16" color="ffffff">范围伤害</><font></><font></><font></><font></><font></><font></>,4,BlueprintGeneratedClass'/RoguelikeX/Asset/Blueprint/RougeTreasureActor/Aura_9320001_SkillActor.Aura_9320001_SkillActor_C',"((""DMGZoneShowTime"", 5.000000),(""DMGZoneInterval"", 0.700000),(""DMGZoneBuffDotDamage"", 2.000000),(""DMGZoneBuffDotInterval"", 0.500000),(""DMGZoneBuffDuration"", 1.000000))",Scale,8310847,1.7
9320305,93203,3,枯墟阵,5,25,1,0,"(X=350.000000,Y=350.000000,Z=350.000000)",,SpawnAura,BlueprintGeneratedClass'/RoguelikeX/Asset/Blueprint/Prefabs/Skills/NewRogueSkill/Test_NewRogueSkill.Test_NewRogueSkill_C',BlueprintGeneratedClass'/RoguelikeX/Asset/Blueprint/RougeTreasureActor/Aura_93200.Aura_93200_C',None,Texture2D'/RoguelikeX/Asset/Art/UI/RouglikeXUI/SkillIcon/Icon_601_Skill_FJ.Icon_601_Skill_FJ',<font src="/Game/UMG/Fonts/AgencyFB_Bold.AgencyFB_Bold" size="16" color="ffff00">【范围】【近战】</><br/><font src="/Game/UMG/Fonts/AgencyFB_Bold.AgencyFB_Bold" size="16" color="ffffff">在身边召唤枯墟阵</><br/><font src="/Game/UMG/Fonts/AgencyFB_Bold.AgencyFB_Bold" size="16" color="ffffff">每秒造成</><font src="/Game/UMG/Fonts/AgencyFB_Bold.AgencyFB_Bold" size="16" color="ffff00">25</><font src="/Game/UMG/Fonts/AgencyFB_Bold.AgencyFB_Bold" size="16" color="ffffff">范围伤害</><font></><font></><font></><font></><font></><font></>,5,BlueprintGeneratedClass'/RoguelikeX/Asset/Blueprint/RougeTreasureActor/Aura_9320001_SkillActor.Aura_9320001_SkillActor_C',"((""DMGZoneShowTime"", 5.000000),(""DMGZoneInterval"", 0.700000),(""DMGZoneBuffDotDamage"", 2.000000),(""DMGZoneBuffDotInterval"", 0.500000),(""DMGZoneBuffDuration"", 1.000000))",Scale,8310848,2
9140401,91404,4,离火阵,5,18,1,0,"(X=400.000000,Y=400.000000,Z=400.000000)",,SpawnAura,BlueprintGeneratedClass'/RoguelikeX/Asset/Blueprint/Prefabs/Skills/NewRogueSkill/Test_NewRogueSkill.Test_NewRogueSkill_C',BlueprintGeneratedClass'/RoguelikeX/Asset/Blueprint/RougeTreasureActor/Aura_91400.Aura_91400_C',None,Texture2D'/RoguelikeX/Asset/Art/UI/RouglikeXUI/SkillIcon/Icon_601_Skill_FJ.Icon_601_Skill_FJ',<font src="/Game/UMG/Fonts/AgencyFB_Bold.AgencyFB_Bold" size="16" color="ffff00">【范围】【近战】</><br/><font src="/Game/UMG/Fonts/AgencyFB_Bold.AgencyFB_Bold" size="16" color="ffffff">在身边召唤离火阵</><br/><font src="/Game/UMG/Fonts/AgencyFB_Bold.AgencyFB_Bold" size="16" color="ffffff">每秒造成</><font src="/Game/UMG/Fonts/AgencyFB_Bold.AgencyFB_Bold" size="16" color="ffff00">18</><font src="/Game/UMG/Fonts/AgencyFB_Bold.AgencyFB_Bold" size="16" color="ffffff">范围伤害</><font></><font></><font></><font></><font></><font></>,1,BlueprintGeneratedClass'/RoguelikeX/Asset/Blueprint/RougeTreasureActor/Aura_9140001_SkillActor.Aura_9140001_SkillActor_C',"((""DMGZoneShowTime"", 5.000000),(""DMGZoneInterval"", 0.700000),(""DMGZoneBuffDotInterval"", 0.500000),(""DMGZoneBuffDotDamage"", 3.000000),(""DMGZoneBuffDuration"", 1.000000))",Scale,8310869,1
9140402,91404,4,离火阵,5,20,1,0,"(X=400.000000,Y=400.000000,Z=400.000000)",,SpawnAura,BlueprintGeneratedClass'/RoguelikeX/Asset/Blueprint/Prefabs/Skills/NewRogueSkill/Test_NewRogueSkill.Test_NewRogueSkill_C',BlueprintGeneratedClass'/RoguelikeX/Asset/Blueprint/RougeTreasureActor/Aura_91400.Aura_91400_C',None,Texture2D'/RoguelikeX/Asset/Art/UI/RouglikeXUI/SkillIcon/Icon_601_Skill_FJ.Icon_601_Skill_FJ',<font src="/Game/UMG/Fonts/AgencyFB_Bold.AgencyFB_Bold" size="16" color="ffff00">【范围】【近战】</><br/><font src="/Game/UMG/Fonts/AgencyFB_Bold.AgencyFB_Bold" size="16" color="ffffff">在身边召唤离火阵</><br/><font src="/Game/UMG/Fonts/AgencyFB_Bold.AgencyFB_Bold" size="16" color="ffffff">每秒造成</><font src="/Game/UMG/Fonts/AgencyFB_Bold.AgencyFB_Bold" size="16" color="ffff00">20</><font src="/Game/UMG/Fonts/AgencyFB_Bold.AgencyFB_Bold" size="16" color="ffffff">范围伤害</><font></><font></><font></><font></><font></><font></>,2,BlueprintGeneratedClass'/RoguelikeX/Asset/Blueprint/RougeTreasureActor/Aura_9140001_SkillActor.Aura_9140001_SkillActor_C',"((""DMGZoneShowTime"", 5.000000),(""DMGZoneInterval"", 0.700000),(""DMGZoneBuffDotInterval"", 0.500000),(""DMGZoneBuffDotDamage"", 3.000000),(""DMGZoneBuffDuration"", 1.000000))",Scale,8310870,1.2
9140403,91404,4,离火阵,5,25,1,0,"(X=400.000000,Y=400.000000,Z=400.000000)",,SpawnAura,BlueprintGeneratedClass'/RoguelikeX/Asset/Blueprint/Prefabs/Skills/NewRogueSkill/Test_NewRogueSkill.Test_NewRogueSkill_C',BlueprintGeneratedClass'/RoguelikeX/Asset/Blueprint/RougeTreasureActor/Aura_91400.Aura_91400_C',None,Texture2D'/RoguelikeX/Asset/Art/UI/RouglikeXUI/SkillIcon/Icon_601_Skill_FJ.Icon_601_Skill_FJ',<font src="/Game/UMG/Fonts/AgencyFB_Bold.AgencyFB_Bold" size="16" color="ffff00">【范围】【近战】</><br/><font src="/Game/UMG/Fonts/AgencyFB_Bold.AgencyFB_Bold" size="16" color="ffffff">在身边召唤离火阵</><br/><font src="/Game/UMG/Fonts/AgencyFB_Bold.AgencyFB_Bold" size="16" color="ffffff">每秒造成</><font src="/Game/UMG/Fonts/AgencyFB_Bold.AgencyFB_Bold" size="16" color="ffff00">25</><font src="/Game/UMG/Fonts/AgencyFB_Bold.AgencyFB_Bold" size="16" color="ffffff">范围伤害</><font></><font></><font></><font></><font></><font></>,3,BlueprintGeneratedClass'/RoguelikeX/Asset/Blueprint/RougeTreasureActor/Aura_9140001_SkillActor.Aura_9140001_SkillActor_C',"((""DMGZoneShowTime"", 5.000000),(""DMGZoneInterval"", 0.700000),(""DMGZoneBuffDotInterval"", 0.500000),(""DMGZoneBuffDuration"", 1.000000))",Scale,8310871,1.4
9140404,91404,4,离火阵,5,30,1,0,"(X=400.000000,Y=400.000000,Z=400.000000)",,SpawnAura,BlueprintGeneratedClass'/RoguelikeX/Asset/Blueprint/Prefabs/Skills/NewRogueSkill/Test_NewRogueSkill.Test_NewRogueSkill_C',BlueprintGeneratedClass'/RoguelikeX/Asset/Blueprint/RougeTreasureActor/Aura_91400.Aura_91400_C',None,Texture2D'/RoguelikeX/Asset/Art/UI/RouglikeXUI/SkillIcon/Icon_601_Skill_FJ.Icon_601_Skill_FJ',<font src="/Game/UMG/Fonts/AgencyFB_Bold.AgencyFB_Bold" size="16" color="ffff00">【范围】【近战】</><br/><font src="/Game/UMG/Fonts/AgencyFB_Bold.AgencyFB_Bold" size="16" color="ffffff">在身边召唤离火阵</><br/><font src="/Game/UMG/Fonts/AgencyFB_Bold.AgencyFB_Bold" size="16" color="ffffff">每秒造成</><font src="/Game/UMG/Fonts/AgencyFB_Bold.AgencyFB_Bold" size="16" color="ffff00">30</><font src="/Game/UMG/Fonts/AgencyFB_Bold.AgencyFB_Bold" size="16" color="ffffff">范围伤害</><font></><font></><font></><font></><font></><font></>,4,BlueprintGeneratedClass'/RoguelikeX/Asset/Blueprint/RougeTreasureActor/Aura_9140001_SkillActor.Aura_9140001_SkillActor_C',"((""DMGZoneShowTime"", 5.000000),(""DMGZoneInterval"", 0.700000),(""DMGZoneBuffDotInterval"", 0.500000),(""DMGZoneBuffDotDamage"", 3.000000),(""DMGZoneBuffDuration"", 1.000000))",Scale,8310872,1.7
9140405,91404,4,离火阵,5,34,1,0,"(X=400.000000,Y=400.000000,Z=400.000000)",,SpawnAura,BlueprintGeneratedClass'/RoguelikeX/Asset/Blueprint/Prefabs/Skills/NewRogueSkill/Test_NewRogueSkill.Test_NewRogueSkill_C',BlueprintGeneratedClass'/RoguelikeX/Asset/Blueprint/RougeTreasureActor/Aura_91400.Aura_91400_C',None,Texture2D'/RoguelikeX/Asset/Art/UI/RouglikeXUI/SkillIcon/Icon_601_Skill_FJ.Icon_601_Skill_FJ',<font src="/Game/UMG/Fonts/AgencyFB_Bold.AgencyFB_Bold" size="16" color="ffff00">【范围】【近战】</><br/><font src="/Game/UMG/Fonts/AgencyFB_Bold.AgencyFB_Bold" size="16" color="ffffff">在身边召唤离火阵</><br/><font src="/Game/UMG/Fonts/AgencyFB_Bold.AgencyFB_Bold" size="16" color="ffffff">每秒造成</><font src="/Game/UMG/Fonts/AgencyFB_Bold.AgencyFB_Bold" size="16" color="ffff00">34</><font src="/Game/UMG/Fonts/AgencyFB_Bold.AgencyFB_Bold" size="16" color="ffffff">范围伤害</><font></><font></><font></><font></><font></><font></>,5,BlueprintGeneratedClass'/RoguelikeX/Asset/Blueprint/RougeTreasureActor/Aura_9140001_SkillActor.Aura_9140001_SkillActor_C',"((""DMGZoneShowTime"", 5.000000),(""DMGZoneInterval"", 0.700000),(""DMGZoneBuffDotInterval"", 0.500000),(""DMGZoneBuffDotDamage"", 3.000000),(""DMGZoneBuffDuration"", 1.000000))",Scale,8310873,2
9540401,95404,4,金钟罩,5,23,1,0,"(X=400.000000,Y=400.000000,Z=400.000000)",,SpawnAura,BlueprintGeneratedClass'/RoguelikeX/Asset/Blueprint/Prefabs/Skills/NewRogueSkill/Test_NewRogueSkill.Test_NewRogueSkill_C',BlueprintGeneratedClass'/RoguelikeX/Asset/Blueprint/RougeTreasureActor/Aura_95400.Aura_95400_C',None,Texture2D'/RoguelikeX/Asset/Art/UI/RouglikeXUI/SkillIcon/Icon_601_Skill_FJ.Icon_601_Skill_FJ',<font src="/Game/UMG/Fonts/AgencyFB_Bold.AgencyFB_Bold" size="16" color="ffff00">【范围】【近战】</><br/><font src="/Game/UMG/Fonts/AgencyFB_Bold.AgencyFB_Bold" size="16" color="ffffff">在身边召唤金钟罩</><br/><font src="/Game/UMG/Fonts/AgencyFB_Bold.AgencyFB_Bold" size="16" color="ffffff">每秒造成</><font src="/Game/UMG/Fonts/AgencyFB_Bold.AgencyFB_Bold" size="16" color="ffff00">23</><font src="/Game/UMG/Fonts/AgencyFB_Bold.AgencyFB_Bold" size="16" color="ffffff">范围伤害</><font></><font></><font></><font></><font></><font></>,1,BlueprintGeneratedClass'/RoguelikeX/Asset/Blueprint/RougeTreasureActor/Aura_9540001_SkillActor.Aura_9540001_SkillActor_C',"((""DMGZoneShowTime"", 5.000000),(""DMGZoneInterval"", 0.700000),(""DMGZoneBuffDotInterval"", 0.500000),(""DMGZoneBuffDuration"", 0.080000))",Scale,8310849,1
9540402,95404,4,金钟罩,5,26,1,0,"(X=400.000000,Y=400.000000,Z=400.000000)",,SpawnAura,BlueprintGeneratedClass'/RoguelikeX/Asset/Blueprint/Prefabs/Skills/NewRogueSkill/Test_NewRogueSkill.Test_NewRogueSkill_C',BlueprintGeneratedClass'/RoguelikeX/Asset/Blueprint/RougeTreasureActor/Aura_95400.Aura_95400_C',None,Texture2D'/RoguelikeX/Asset/Art/UI/RouglikeXUI/SkillIcon/Icon_601_Skill_FJ.Icon_601_Skill_FJ',<font src="/Game/UMG/Fonts/AgencyFB_Bold.AgencyFB_Bold" size="16" color="ffff00">【范围】【近战】</><br/><font src="/Game/UMG/Fonts/AgencyFB_Bold.AgencyFB_Bold" size="16" color="ffffff">在身边召唤金钟罩</><br/><font src="/Game/UMG/Fonts/AgencyFB_Bold.AgencyFB_Bold" size="16" color="ffffff">每秒造成</><font src="/Game/UMG/Fonts/AgencyFB_Bold.AgencyFB_Bold" size="16" color="ffff00">26</><font src="/Game/UMG/Fonts/AgencyFB_Bold.AgencyFB_Bold" size="16" color="ffffff">范围伤害</><font></><font></><font></><font></><font></><font></>,2,BlueprintGeneratedClass'/RoguelikeX/Asset/Blueprint/RougeTreasureActor/Aura_9540001_SkillActor.Aura_9540001_SkillActor_C',"((""DMGZoneShowTime"", 5.000000),(""DMGZoneInterval"", 0.700000),(""DMGZoneBuffDotInterval"", 0.500000),(""DMGZoneBuffDuration"", 0.080000))",Scale,8310850,1.3
9540403,95404,4,金钟罩,5,32,1,0,"(X=400.000000,Y=400.000000,Z=400.000000)",,SpawnAura,BlueprintGeneratedClass'/RoguelikeX/Asset/Blueprint/Prefabs/Skills/NewRogueSkill/Test_NewRogueSkill.Test_NewRogueSkill_C',BlueprintGeneratedClass'/RoguelikeX/Asset/Blueprint/RougeTreasureActor/Aura_95400.Aura_95400_C',None,Texture2D'/RoguelikeX/Asset/Art/UI/RouglikeXUI/SkillIcon/Icon_601_Skill_FJ.Icon_601_Skill_FJ',<font src="/Game/UMG/Fonts/AgencyFB_Bold.AgencyFB_Bold" size="16" color="ffff00">【范围】【近战】</><br/><font src="/Game/UMG/Fonts/AgencyFB_Bold.AgencyFB_Bold" size="16" color="ffffff">在身边召唤金钟罩</><br/><font src="/Game/UMG/Fonts/AgencyFB_Bold.AgencyFB_Bold" size="16" color="ffffff">每秒造成</><font src="/Game/UMG/Fonts/AgencyFB_Bold.AgencyFB_Bold" size="16" color="ffff00">32</><font src="/Game/UMG/Fonts/AgencyFB_Bold.AgencyFB_Bold" size="16" color="ffffff">范围伤害</><font></><font></><font></><font></><font></><font></>,3,BlueprintGeneratedClass'/RoguelikeX/Asset/Blueprint/RougeTreasureActor/Aura_9540001_SkillActor.Aura_9540001_SkillActor_C',"((""DMGZoneShowTime"", 5.000000),(""DMGZoneInterval"", 0.700000),(""DMGZoneBuffDotInterval"", 0.500000),(""DMGZoneBuffDuration"", 0.080000))",Scale,8310851,1.6
9540404,95404,4,金钟罩,5,39,1,0,"(X=400.000000,Y=400.000000,Z=400.000000)",,SpawnAura,BlueprintGeneratedClass'/RoguelikeX/Asset/Blueprint/Prefabs/Skills/NewRogueSkill/Test_NewRogueSkill.Test_NewRogueSkill_C',BlueprintGeneratedClass'/RoguelikeX/Asset/Blueprint/RougeTreasureActor/Aura_95400.Aura_95400_C',None,Texture2D'/RoguelikeX/Asset/Art/UI/RouglikeXUI/SkillIcon/Icon_601_Skill_FJ.Icon_601_Skill_FJ',<font src="/Game/UMG/Fonts/AgencyFB_Bold.AgencyFB_Bold" size="16" color="ffff00">【范围】【近战】</><br/><font src="/Game/UMG/Fonts/AgencyFB_Bold.AgencyFB_Bold" size="16" color="ffffff">在身边召唤金钟罩</><br/><font src="/Game/UMG/Fonts/AgencyFB_Bold.AgencyFB_Bold" size="16" color="ffffff">每秒造成</><font src="/Game/UMG/Fonts/AgencyFB_Bold.AgencyFB_Bold" size="16" color="ffff00">39</><font src="/Game/UMG/Fonts/AgencyFB_Bold.AgencyFB_Bold" size="16" color="ffffff">范围伤害</><font></><font></><font></><font></><font></><font></>,4,BlueprintGeneratedClass'/RoguelikeX/Asset/Blueprint/RougeTreasureActor/Aura_9540001_SkillActor.Aura_9540001_SkillActor_C',"((""DMGZoneShowTime"", 5.000000),(""DMGZoneInterval"", 0.700000),(""DMGZoneBuffDotInterval"", 0.500000),(""DMGZoneBuffDuration"", 0.080000))",Scale,8310852,2.05
9540405,95404,4,金钟罩,5,45,1,0,"(X=400.000000,Y=400.000000,Z=400.000000)",,SpawnAura,BlueprintGeneratedClass'/RoguelikeX/Asset/Blueprint/Prefabs/Skills/NewRogueSkill/Test_NewRogueSkill.Test_NewRogueSkill_C',BlueprintGeneratedClass'/RoguelikeX/Asset/Blueprint/RougeTreasureActor/Aura_95400.Aura_95400_C',None,Texture2D'/RoguelikeX/Asset/Art/UI/RouglikeXUI/SkillIcon/Icon_601_Skill_FJ.Icon_601_Skill_FJ',<font src="/Game/UMG/Fonts/AgencyFB_Bold.AgencyFB_Bold" size="16" color="ffff00">【范围】【近战】</><br/><font src="/Game/UMG/Fonts/AgencyFB_Bold.AgencyFB_Bold" size="16" color="ffffff">在身边召唤金钟罩</><br/><font src="/Game/UMG/Fonts/AgencyFB_Bold.AgencyFB_Bold" size="16" color="ffffff">每秒造成</><font src="/Game/UMG/Fonts/AgencyFB_Bold.AgencyFB_Bold" size="16" color="ffff00">45</><font src="/Game/UMG/Fonts/AgencyFB_Bold.AgencyFB_Bold" size="16" color="ffffff">范围伤害</><font></><font></><font></><font></><font></><font></>,5,BlueprintGeneratedClass'/RoguelikeX/Asset/Blueprint/RougeTreasureActor/Aura_9540001_SkillActor.Aura_9540001_SkillActor_C',"((""DMGZoneShowTime"", 5.000000),(""DMGZoneInterval"", 0.700000),(""DMGZoneBuffDotInterval"", 0.500000),(""DMGZoneBuffDuration"", 0.080000))",Scale,8310853,2.5
9550501,95505,5,冥府阵,5,24,1,0,"(X=450.000000,Y=450.000000,Z=450.000000)",,SpawnAura,BlueprintGeneratedClass'/RoguelikeX/Asset/Blueprint/Prefabs/Skills/NewRogueSkill/Test_NewRogueSkill.Test_NewRogueSkill_C',BlueprintGeneratedClass'/RoguelikeX/Asset/Blueprint/RougeTreasureActor/Aura_95500.Aura_95500_C',None,Texture2D'/RoguelikeX/Asset/Art/UI/RouglikeXUI/SkillIcon/Icon_601_Skill_FJ.Icon_601_Skill_FJ',<font src="/Game/UMG/Fonts/AgencyFB_Bold.AgencyFB_Bold" size="16" color="ffff00">【范围】【近战】</><br/><font src="/Game/UMG/Fonts/AgencyFB_Bold.AgencyFB_Bold" size="16" color="ffffff">在身边召唤冥府阵</><br/><font src="/Game/UMG/Fonts/AgencyFB_Bold.AgencyFB_Bold" size="16" color="ffffff">每秒造成</><font src="/Game/UMG/Fonts/AgencyFB_Bold.AgencyFB_Bold" size="16" color="ffff00">24</><font src="/Game/UMG/Fonts/AgencyFB_Bold.AgencyFB_Bold" size="16" color="ffffff">范围伤害</><font></><font></><font></><font></><font></><font></>,1,BlueprintGeneratedClass'/RoguelikeX/Asset/Blueprint/RougeTreasureActor/Aura_9550001_SkillActor.Aura_9550001_SkillActor_C',"((""DMGZoneShowTime"", 5.000000),(""DMGZoneInterval"", 0.800000),(""DMGZoneBuffDotDamage"", 4.000000),(""DMGZoneBuffDotInterval"", 0.500000),(""DMGZoneBuffDuration"", 1.000000))",Scale,8310854,1
9550502,95505,5,冥府阵,5,27,1,0,"(X=450.000000,Y=450.000000,Z=450.000000)",,SpawnAura,BlueprintGeneratedClass'/RoguelikeX/Asset/Blueprint/Prefabs/Skills/NewRogueSkill/Test_NewRogueSkill.Test_NewRogueSkill_C',BlueprintGeneratedClass'/RoguelikeX/Asset/Blueprint/RougeTreasureActor/Aura_95500.Aura_95500_C',None,Texture2D'/RoguelikeX/Asset/Art/UI/RouglikeXUI/SkillIcon/Icon_601_Skill_FJ.Icon_601_Skill_FJ',<font src="/Game/UMG/Fonts/AgencyFB_Bold.AgencyFB_Bold" size="16" color="ffff00">【范围】【近战】</><br/><font src="/Game/UMG/Fonts/AgencyFB_Bold.AgencyFB_Bold" size="16" color="ffffff">在身边召唤冥府阵</><br/><font src="/Game/UMG/Fonts/AgencyFB_Bold.AgencyFB_Bold" size="16" color="ffffff">每秒造成</><font src="/Game/UMG/Fonts/AgencyFB_Bold.AgencyFB_Bold" size="16" color="ffff00">27</><font src="/Game/UMG/Fonts/AgencyFB_Bold.AgencyFB_Bold" size="16" color="ffffff">范围伤害</><font></><font></><font></><font></><font></><font></>,2,BlueprintGeneratedClass'/RoguelikeX/Asset/Blueprint/RougeTreasureActor/Aura_9550001_SkillActor.Aura_9550001_SkillActor_C',"((""DMGZoneShowTime"", 5.000000),(""DMGZoneInterval"", 0.800000),(""DMGZoneBuffDotDamage"", 4.000000),(""DMGZoneBuffDotInterval"", 0.500000),(""DMGZoneBuffDuration"", 1.000000))",Scale,8310855,1.2
9550503,95505,5,冥府阵,5,33,1,0,"(X=450.000000,Y=450.000000,Z=450.000000)",,SpawnAura,BlueprintGeneratedClass'/RoguelikeX/Asset/Blueprint/Prefabs/Skills/NewRogueSkill/Test_NewRogueSkill.Test_NewRogueSkill_C',BlueprintGeneratedClass'/RoguelikeX/Asset/Blueprint/RougeTreasureActor/Aura_95500.Aura_95500_C',None,Texture2D'/RoguelikeX/Asset/Art/UI/RouglikeXUI/SkillIcon/Icon_601_Skill_FJ.Icon_601_Skill_FJ',<font src="/Game/UMG/Fonts/AgencyFB_Bold.AgencyFB_Bold" size="16" color="ffff00">【范围】【近战】</><br/><font src="/Game/UMG/Fonts/AgencyFB_Bold.AgencyFB_Bold" size="16" color="ffffff">在身边召唤冥府阵</><br/><font src="/Game/UMG/Fonts/AgencyFB_Bold.AgencyFB_Bold" size="16" color="ffffff">每秒造成</><font src="/Game/UMG/Fonts/AgencyFB_Bold.AgencyFB_Bold" size="16" color="ffff00">33</><font src="/Game/UMG/Fonts/AgencyFB_Bold.AgencyFB_Bold" size="16" color="ffffff">范围伤害</><font></><font></><font></><font></><font></><font></>,3,BlueprintGeneratedClass'/RoguelikeX/Asset/Blueprint/RougeTreasureActor/Aura_9550001_SkillActor.Aura_9550001_SkillActor_C',"((""DMGZoneShowTime"", 5.000000),(""DMGZoneInterval"", 0.800000),(""DMGZoneBuffDotDamage"", 4.000000),(""DMGZoneBuffDotInterval"", 0.500000),(""DMGZoneBuffDuration"", 1.000000))",Scale,8310856,1.4
9550504,95505,5,冥府阵,5,39,1,0,"(X=450.000000,Y=450.000000,Z=450.000000)",,SpawnAura,BlueprintGeneratedClass'/RoguelikeX/Asset/Blueprint/Prefabs/Skills/NewRogueSkill/Test_NewRogueSkill.Test_NewRogueSkill_C',BlueprintGeneratedClass'/RoguelikeX/Asset/Blueprint/RougeTreasureActor/Aura_95500.Aura_95500_C',None,Texture2D'/RoguelikeX/Asset/Art/UI/RouglikeXUI/SkillIcon/Icon_601_Skill_FJ.Icon_601_Skill_FJ',<font src="/Game/UMG/Fonts/AgencyFB_Bold.AgencyFB_Bold" size="16" color="ffff00">【范围】【近战】</><br/><font src="/Game/UMG/Fonts/AgencyFB_Bold.AgencyFB_Bold" size="16" color="ffffff">在身边召唤冥府阵</><br/><font src="/Game/UMG/Fonts/AgencyFB_Bold.AgencyFB_Bold" size="16" color="ffffff">每秒造成</><font src="/Game/UMG/Fonts/AgencyFB_Bold.AgencyFB_Bold" size="16" color="ffff00">39</><font src="/Game/UMG/Fonts/AgencyFB_Bold.AgencyFB_Bold" size="16" color="ffffff">范围伤害</><font></><font></><font></><font></><font></><font></>,4,BlueprintGeneratedClass'/RoguelikeX/Asset/Blueprint/RougeTreasureActor/Aura_9550001_SkillActor.Aura_9550001_SkillActor_C',"((""DMGZoneShowTime"", 5.000000),(""DMGZoneInterval"", 0.800000),(""DMGZoneBuffDotDamage"", 4.000000),(""DMGZoneBuffDotInterval"", 0.500000),(""DMGZoneBuffDuration"", 1.000000))",Scale,8310857,1.7
9550505,95505,5,冥府阵,5,45,1,0,"(X=450.000000,Y=450.000000,Z=450.000000)",,SpawnAura,BlueprintGeneratedClass'/RoguelikeX/Asset/Blueprint/Prefabs/Skills/NewRogueSkill/Test_NewRogueSkill.Test_NewRogueSkill_C',BlueprintGeneratedClass'/RoguelikeX/Asset/Blueprint/RougeTreasureActor/Aura_95500.Aura_95500_C',None,Texture2D'/RoguelikeX/Asset/Art/UI/RouglikeXUI/SkillIcon/Icon_601_Skill_FJ.Icon_601_Skill_FJ',<font src="/Game/UMG/Fonts/AgencyFB_Bold.AgencyFB_Bold" size="16" color="ffff00">【范围】【近战】</><br/><font src="/Game/UMG/Fonts/AgencyFB_Bold.AgencyFB_Bold" size="16" color="ffffff">在身边召唤冥府阵</><br/><font src="/Game/UMG/Fonts/AgencyFB_Bold.AgencyFB_Bold" size="16" color="ffffff">每秒造成</><font src="/Game/UMG/Fonts/AgencyFB_Bold.AgencyFB_Bold" size="16" color="ffff00">45</><font src="/Game/UMG/Fonts/AgencyFB_Bold.AgencyFB_Bold" size="16" color="ffffff">范围伤害</><font></><font></><font></><font></><font></><font></>,5,BlueprintGeneratedClass'/RoguelikeX/Asset/Blueprint/RougeTreasureActor/Aura_9550001_SkillActor.Aura_9550001_SkillActor_C',"((""DMGZoneShowTime"", 5.000000),(""DMGZoneInterval"", 0.800000),(""DMGZoneBuffDotDamage"", 4.000000),(""DMGZoneBuffDotInterval"", 0.500000),(""DMGZoneBuffDuration"", 1.000000))",Scale,8310858,2
9560501,95605,5,赤渊阵,5,31,1,0,"(X=500.000000,Y=500.000000,Z=500.000000)",,SpawnAura,BlueprintGeneratedClass'/RoguelikeX/Asset/Blueprint/Prefabs/Skills/NewRogueSkill/Test_NewRogueSkill.Test_NewRogueSkill_C',BlueprintGeneratedClass'/RoguelikeX/Asset/Blueprint/RougeTreasureActor/Aura_95600.Aura_95600_C',None,Texture2D'/RoguelikeX/Asset/Art/UI/RouglikeXUI/SkillIcon/Icon_601_Skill_FJ.Icon_601_Skill_FJ',<font src="/Game/UMG/Fonts/AgencyFB_Bold.AgencyFB_Bold" size="16" color="ffff00">【范围】【近战】</><br/><font src="/Game/UMG/Fonts/AgencyFB_Bold.AgencyFB_Bold" size="16" color="ffffff">在身边召唤赤渊阵</><br/><font src="/Game/UMG/Fonts/AgencyFB_Bold.AgencyFB_Bold" size="16" color="ffffff">每秒造成</><font src="/Game/UMG/Fonts/AgencyFB_Bold.AgencyFB_Bold" size="16" color="ffff00">31</><font src="/Game/UMG/Fonts/AgencyFB_Bold.AgencyFB_Bold" size="16" color="ffffff">范围伤害</><font></><font></><font></><font></><font></><font></>,1,BlueprintGeneratedClass'/RoguelikeX/Asset/Blueprint/RougeTreasureActor/Aura_9560001_SkillActor.Aura_9560001_SkillActor_C',"((""DMGZoneShowTime"", 5.000000),(""DMGZoneInterval"", 1.000000),(""DMGZoneBuffDotInterval"", 0.500000),(""DMGZoneBuffDuration"", 10.000000))",Scale,8310859,1
9560502,95605,5,赤渊阵,5,35,1,0,"(X=500.000000,Y=500.000000,Z=500.000000)",,SpawnAura,BlueprintGeneratedClass'/RoguelikeX/Asset/Blueprint/Prefabs/Skills/NewRogueSkill/Test_NewRogueSkill.Test_NewRogueSkill_C',BlueprintGeneratedClass'/RoguelikeX/Asset/Blueprint/RougeTreasureActor/Aura_95600.Aura_95600_C',None,Texture2D'/RoguelikeX/Asset/Art/UI/RouglikeXUI/SkillIcon/Icon_601_Skill_FJ.Icon_601_Skill_FJ',<font src="/Game/UMG/Fonts/AgencyFB_Bold.AgencyFB_Bold" size="16" color="ffff00">【范围】【近战】</><br/><font src="/Game/UMG/Fonts/AgencyFB_Bold.AgencyFB_Bold" size="16" color="ffffff">在身边召唤赤渊阵</><br/><font src="/Game/UMG/Fonts/AgencyFB_Bold.AgencyFB_Bold" size="16" color="ffffff">每秒造成</><font src="/Game/UMG/Fonts/AgencyFB_Bold.AgencyFB_Bold" size="16" color="ffff00">35</><font src="/Game/UMG/Fonts/AgencyFB_Bold.AgencyFB_Bold" size="16" color="ffffff">范围伤害</><font></><font></><font></><font></><font></><font></>,2,BlueprintGeneratedClass'/RoguelikeX/Asset/Blueprint/RougeTreasureActor/Aura_9560001_SkillActor.Aura_9560001_SkillActor_C',"((""DMGZoneShowTime"", 5.000000),(""DMGZoneInterval"", 1.000000),(""DMGZoneBuffDotInterval"", 0.500000),(""DMGZoneBuffDuration"", 10.000000))",Scale,8310860,1.3
9560503,95605,5,赤渊阵,5,42,1,0,"(X=500.000000,Y=500.000000,Z=500.000000)",,SpawnAura,BlueprintGeneratedClass'/RoguelikeX/Asset/Blueprint/Prefabs/Skills/NewRogueSkill/Test_NewRogueSkill.Test_NewRogueSkill_C',BlueprintGeneratedClass'/RoguelikeX/Asset/Blueprint/RougeTreasureActor/Aura_95600.Aura_95600_C',None,Texture2D'/RoguelikeX/Asset/Art/UI/RouglikeXUI/SkillIcon/Icon_601_Skill_FJ.Icon_601_Skill_FJ',<font src="/Game/UMG/Fonts/AgencyFB_Bold.AgencyFB_Bold" size="16" color="ffff00">【范围】【近战】</><br/><font src="/Game/UMG/Fonts/AgencyFB_Bold.AgencyFB_Bold" size="16" color="ffffff">在身边召唤赤渊阵</><br/><font src="/Game/UMG/Fonts/AgencyFB_Bold.AgencyFB_Bold" size="16" color="ffffff">每秒造成</><font src="/Game/UMG/Fonts/AgencyFB_Bold.AgencyFB_Bold" size="16" color="ffff00">42</><font src="/Game/UMG/Fonts/AgencyFB_Bold.AgencyFB_Bold" size="16" color="ffffff">范围伤害</><font></><font></><font></><font></><font></><font></>,3,BlueprintGeneratedClass'/RoguelikeX/Asset/Blueprint/RougeTreasureActor/Aura_9560001_SkillActor.Aura_9560001_SkillActor_C',"((""DMGZoneShowTime"", 5.000000),(""DMGZoneInterval"", 1.000000),(""DMGZoneBuffDotInterval"", 0.500000),(""DMGZoneBuffDuration"", 10.000000))",Scale,8310861,1.6
9560504,95605,5,赤渊阵,5,50,1,0,"(X=500.000000,Y=500.000000,Z=500.000000)",,SpawnAura,BlueprintGeneratedClass'/RoguelikeX/Asset/Blueprint/Prefabs/Skills/NewRogueSkill/Test_NewRogueSkill.Test_NewRogueSkill_C',BlueprintGeneratedClass'/RoguelikeX/Asset/Blueprint/RougeTreasureActor/Aura_95600.Aura_95600_C',None,Texture2D'/RoguelikeX/Asset/Art/UI/RouglikeXUI/SkillIcon/Icon_601_Skill_FJ.Icon_601_Skill_FJ',<font src="/Game/UMG/Fonts/AgencyFB_Bold.AgencyFB_Bold" size="16" color="ffff00">【范围】【近战】</><br/><font src="/Game/UMG/Fonts/AgencyFB_Bold.AgencyFB_Bold" size="16" color="ffffff">在身边召唤赤渊阵</><br/><font src="/Game/UMG/Fonts/AgencyFB_Bold.AgencyFB_Bold" size="16" color="ffffff">每秒造成</><font src="/Game/UMG/Fonts/AgencyFB_Bold.AgencyFB_Bold" size="16" color="ffff00">50</><font src="/Game/UMG/Fonts/AgencyFB_Bold.AgencyFB_Bold" size="16" color="ffffff">范围伤害</><font></><font></><font></><font></><font></><font></>,4,BlueprintGeneratedClass'/RoguelikeX/Asset/Blueprint/RougeTreasureActor/Aura_9560001_SkillActor.Aura_9560001_SkillActor_C',"((""DMGZoneShowTime"", 5.000000),(""DMGZoneInterval"", 1.000000),(""DMGZoneBuffDotInterval"", 0.500000),(""DMGZoneBuffDuration"", 10.000000))",Scale,8310862,2.05
9560505,95605,5,赤渊阵,5,58,1,0,"(X=500.000000,Y=500.000000,Z=500.000000)",,SpawnAura,BlueprintGeneratedClass'/RoguelikeX/Asset/Blueprint/Prefabs/Skills/NewRogueSkill/Test_NewRogueSkill.Test_NewRogueSkill_C',BlueprintGeneratedClass'/RoguelikeX/Asset/Blueprint/RougeTreasureActor/Aura_95600.Aura_95600_C',None,Texture2D'/RoguelikeX/Asset/Art/UI/RouglikeXUI/SkillIcon/Icon_601_Skill_FJ.Icon_601_Skill_FJ',<font src="/Game/UMG/Fonts/AgencyFB_Bold.AgencyFB_Bold" size="16" color="ffff00">【范围】【近战】</><br/><font src="/Game/UMG/Fonts/AgencyFB_Bold.AgencyFB_Bold" size="16" color="ffffff">在身边召唤赤渊阵</><br/><font src="/Game/UMG/Fonts/AgencyFB_Bold.AgencyFB_Bold" size="16" color="ffffff">每秒造成</><font src="/Game/UMG/Fonts/AgencyFB_Bold.AgencyFB_Bold" size="16" color="ffff00">58</><font src="/Game/UMG/Fonts/AgencyFB_Bold.AgencyFB_Bold" size="16" color="ffffff">范围伤害</><font></><font></><font></><font></><font></><font></>,5,BlueprintGeneratedClass'/RoguelikeX/Asset/Blueprint/RougeTreasureActor/Aura_9560001_SkillActor.Aura_9560001_SkillActor_C',"((""DMGZoneShowTime"", 5.000000),(""DMGZoneInterval"", 1.000000),(""DMGZoneBuffDotInterval"", 0.500000),(""DMGZoneBuffDuration"", 10.000000))",Scale,8310863,2.5
9570501,95705,5,万魂阵,5,52,1,0,"(X=300.000000,Y=300.000000,Z=300.000000)",,SpawnAura,BlueprintGeneratedClass'/RoguelikeX/Asset/Blueprint/Prefabs/Skills/NewRogueSkill/Test_NewRogueSkill.Test_NewRogueSkill_C',BlueprintGeneratedClass'/RoguelikeX/Asset/Blueprint/RougeTreasureActor/Aura_95700.Aura_95700_C',None,Texture2D'/RoguelikeX/Asset/Art/UI/RouglikeXUI/SkillIcon/Icon_601_Skill_FJ.Icon_601_Skill_FJ',<font src="/Game/UMG/Fonts/AgencyFB_Bold.AgencyFB_Bold" size="16" color="ffff00">【范围】【近战】</><br/><font src="/Game/UMG/Fonts/AgencyFB_Bold.AgencyFB_Bold" size="16" color="ffffff">在身边召唤万魂阵</><br/><font src="/Game/UMG/Fonts/AgencyFB_Bold.AgencyFB_Bold" size="16" color="ffffff">每秒造成</><font src="/Game/UMG/Fonts/AgencyFB_Bold.AgencyFB_Bold" size="16" color="ffff00">52</><font src="/Game/UMG/Fonts/AgencyFB_Bold.AgencyFB_Bold" size="16" color="ffffff">范围伤害</><font></><font></><font></><font></><font></><font></>,1,BlueprintGeneratedClass'/RoguelikeX/Asset/Blueprint/RougeTreasureActor/Aura_9570001_SkillActor.Aura_9570001_SkillActor_C',"((""DMGZoneShowTime"", 5.000000),(""DMGZoneInterval"", 0.450000),(""DMGZoneBuffDotInterval"", 0.500000),(""DMGZoneBuffDuration"", 0.100000))",Scale,8310864,1
9570502,95705,5,万魂阵,5,58,1,0,"(X=300.000000,Y=300.000000,Z=300.000000)",,SpawnAura,BlueprintGeneratedClass'/RoguelikeX/Asset/Blueprint/Prefabs/Skills/NewRogueSkill/Test_NewRogueSkill.Test_NewRogueSkill_C',BlueprintGeneratedClass'/RoguelikeX/Asset/Blueprint/RougeTreasureActor/Aura_95700.Aura_95700_C',None,Texture2D'/RoguelikeX/Asset/Art/UI/RouglikeXUI/SkillIcon/Icon_601_Skill_FJ.Icon_601_Skill_FJ',<font src="/Game/UMG/Fonts/AgencyFB_Bold.AgencyFB_Bold" size="16" color="ffff00">【范围】【近战】</><br/><font src="/Game/UMG/Fonts/AgencyFB_Bold.AgencyFB_Bold" size="16" color="ffffff">在身边召唤万魂阵</><br/><font src="/Game/UMG/Fonts/AgencyFB_Bold.AgencyFB_Bold" size="16" color="ffffff">每秒造成</><font src="/Game/UMG/Fonts/AgencyFB_Bold.AgencyFB_Bold" size="16" color="ffff00">58</><font src="/Game/UMG/Fonts/AgencyFB_Bold.AgencyFB_Bold" size="16" color="ffffff">范围伤害</><font></><font></><font></><font></><font></><font></>,2,BlueprintGeneratedClass'/RoguelikeX/Asset/Blueprint/RougeTreasureActor/Aura_9570001_SkillActor.Aura_9570001_SkillActor_C',"((""DMGZoneShowTime"", 5.000000),(""DMGZoneInterval"", 0.450000),(""DMGZoneBuffDotInterval"", 0.500000),(""DMGZoneBuffDuration"", 0.100000))",Scale,8310865,1.3
9570503,95705,5,万魂阵,5,71,1,0,"(X=300.000000,Y=300.000000,Z=300.000000)",,SpawnAura,BlueprintGeneratedClass'/RoguelikeX/Asset/Blueprint/Prefabs/Skills/NewRogueSkill/Test_NewRogueSkill.Test_NewRogueSkill_C',BlueprintGeneratedClass'/RoguelikeX/Asset/Blueprint/RougeTreasureActor/Aura_95700.Aura_95700_C',None,Texture2D'/RoguelikeX/Asset/Art/UI/RouglikeXUI/SkillIcon/Icon_601_Skill_FJ.Icon_601_Skill_FJ',<font src="/Game/UMG/Fonts/AgencyFB_Bold.AgencyFB_Bold" size="16" color="ffff00">【范围】【近战】</><br/><font src="/Game/UMG/Fonts/AgencyFB_Bold.AgencyFB_Bold" size="16" color="ffffff">在身边召唤万魂阵</><br/><font src="/Game/UMG/Fonts/AgencyFB_Bold.AgencyFB_Bold" size="16" color="ffffff">每秒造成</><font src="/Game/UMG/Fonts/AgencyFB_Bold.AgencyFB_Bold" size="16" color="ffff00">71</><font src="/Game/UMG/Fonts/AgencyFB_Bold.AgencyFB_Bold" size="16" color="ffffff">范围伤害</><font></><font></><font></><font></><font></><font></>,3,BlueprintGeneratedClass'/RoguelikeX/Asset/Blueprint/RougeTreasureActor/Aura_9570001_SkillActor.Aura_9570001_SkillActor_C',"((""DMGZoneShowTime"", 5.000000),(""DMGZoneInterval"", 0.450000),(""DMGZoneBuffDotInterval"", 0.500000),(""DMGZoneBuffDuration"", 0.100000))",Scale,8310866,1.6
9570504,95705,5,万魂阵,5,84,1,0,"(X=300.000000,Y=300.000000,Z=300.000000)",,SpawnAura,BlueprintGeneratedClass'/RoguelikeX/Asset/Blueprint/Prefabs/Skills/NewRogueSkill/Test_NewRogueSkill.Test_NewRogueSkill_C',BlueprintGeneratedClass'/RoguelikeX/Asset/Blueprint/RougeTreasureActor/Aura_95700.Aura_95700_C',None,Texture2D'/RoguelikeX/Asset/Art/UI/RouglikeXUI/SkillIcon/Icon_601_Skill_FJ.Icon_601_Skill_FJ',<font src="/Game/UMG/Fonts/AgencyFB_Bold.AgencyFB_Bold" size="16" color="ffff00">【范围】【近战】</><br/><font src="/Game/UMG/Fonts/AgencyFB_Bold.AgencyFB_Bold" size="16" color="ffffff">在身边召唤万魂阵</><br/><font src="/Game/UMG/Fonts/AgencyFB_Bold.AgencyFB_Bold" size="16" color="ffffff">每秒造成</><font src="/Game/UMG/Fonts/AgencyFB_Bold.AgencyFB_Bold" size="16" color="ffff00">84</><font src="/Game/UMG/Fonts/AgencyFB_Bold.AgencyFB_Bold" size="16" color="ffffff">范围伤害</><font></><font></><font></><font></><font></><font></>,4,BlueprintGeneratedClass'/RoguelikeX/Asset/Blueprint/RougeTreasureActor/Aura_9570001_SkillActor.Aura_9570001_SkillActor_C',"((""DMGZoneShowTime"", 5.000000),(""DMGZoneInterval"", 0.450000),(""DMGZoneBuffDotInterval"", 0.500000),(""DMGZoneBuffDuration"", 0.100000))",Scale,8310867,2.05
9570505,95705,5,万魂阵,5,97,1,0,"(X=300.000000,Y=300.000000,Z=300.000000)",,SpawnAura,BlueprintGeneratedClass'/RoguelikeX/Asset/Blueprint/Prefabs/Skills/NewRogueSkill/Test_NewRogueSkill.Test_NewRogueSkill_C',BlueprintGeneratedClass'/RoguelikeX/Asset/Blueprint/RougeTreasureActor/Aura_95700.Aura_95700_C',None,Texture2D'/RoguelikeX/Asset/Art/UI/RouglikeXUI/SkillIcon/Icon_601_Skill_FJ.Icon_601_Skill_FJ',<font src="/Game/UMG/Fonts/AgencyFB_Bold.AgencyFB_Bold" size="16" color="ffff00">【范围】【近战】</><br/><font src="/Game/UMG/Fonts/AgencyFB_Bold.AgencyFB_Bold" size="16" color="ffffff">在身边召唤万魂阵</><br/><font src="/Game/UMG/Fonts/AgencyFB_Bold.AgencyFB_Bold" size="16" color="ffffff">每秒造成</><font src="/Game/UMG/Fonts/AgencyFB_Bold.AgencyFB_Bold" size="16" color="ffff00">97</><font src="/Game/UMG/Fonts/AgencyFB_Bold.AgencyFB_Bold" size="16" color="ffffff">范围伤害</><font></><font></><font></><font></><font></><font></>,5,BlueprintGeneratedClass'/RoguelikeX/Asset/Blueprint/RougeTreasureActor/Aura_9570001_SkillActor.Aura_9570001_SkillActor_C',"((""DMGZoneShowTime"", 5.000000),(""DMGZoneInterval"", 0.450000),(""DMGZoneBuffDotInterval"", 0.500000),(""DMGZoneBuffDuration"", 0.100000))",Scale,8310868,2.5
9030301,90303,3,火龙符,2,11,1,1,"(X=200.000000,Y=200.000000,Z=200.000000)",,SpawnProjectile_Parabolic,BlueprintGeneratedClass'/RoguelikeX/Asset/Blueprint/Prefabs/Skills/NewRogueSkill/Test_NewRogueSkill.Test_NewRogueSkill_C',BlueprintGeneratedClass'/RoguelikeX/Asset/Blueprint/RougeTreasureActor/Bomb_9030001.Bomb_9030001_C',BlueprintGeneratedClass'/RoguelikeX/Asset/Blueprint/Prefabs/Projectiles/RougeProj/Bomb_Proj_9030001.Bomb_Proj_9030001_C',Texture2D'/RoguelikeX/Asset/Art/UI/RouglikeXUI/SkillIcon/Icon_601_Skill_FJ.Icon_601_Skill_FJ',<font src="/Game/UMG/Fonts/AgencyFB_Bold.AgencyFB_Bold" size="16" color="ffff00">【范围】【弹幕】</><br/><font src="/Game/UMG/Fonts/AgencyFB_Bold.AgencyFB_Bold" size="16" color="ffffff">发射</><font src="/Game/UMG/Fonts/AgencyFB_Bold.AgencyFB_Bold" size="16" color="ffff00">1</><font src="/Game/UMG/Fonts/AgencyFB_Bold.AgencyFB_Bold" size="16" color="ffffff">发火龙符，冷却时间</><font src="/Game/UMG/Fonts/AgencyFB_Bold.AgencyFB_Bold" size="16" color="ffff00">2</><font src="/Game/UMG/Fonts/AgencyFB_Bold.AgencyFB_Bold" size="16" color="ffffff">秒</><br/><font src="/Game/UMG/Fonts/AgencyFB_Bold.AgencyFB_Bold" size="16" color="ffffff">每发造成</><font src="/Game/UMG/Fonts/AgencyFB_Bold.AgencyFB_Bold" size="16" color="ffff00">11</><font src="/Game/UMG/Fonts/AgencyFB_Bold.AgencyFB_Bold" size="16" color="ffffff">范围伤害</><font></><font></>,1,None,(),Barrage,8310073,1
9030302,90303,3,火龙符,2,12,1,1,"(X=200.000000,Y=200.000000,Z=200.000000)",,SpawnProjectile_Parabolic,BlueprintGeneratedClass'/RoguelikeX/Asset/Blueprint/Prefabs/Skills/NewRogueSkill/Test_NewRogueSkill.Test_NewRogueSkill_C',BlueprintGeneratedClass'/RoguelikeX/Asset/Blueprint/RougeTreasureActor/Bomb_9030001.Bomb_9030001_C',BlueprintGeneratedClass'/RoguelikeX/Asset/Blueprint/Prefabs/Projectiles/RougeProj/Bomb_Proj_9030001.Bomb_Proj_9030001_C',Texture2D'/RoguelikeX/Asset/Art/UI/RouglikeXUI/SkillIcon/Icon_601_Skill_FJ.Icon_601_Skill_FJ',<font src="/Game/UMG/Fonts/AgencyFB_Bold.AgencyFB_Bold" size="16" color="ffff00">【范围】【弹幕】</><br/><font src="/Game/UMG/Fonts/AgencyFB_Bold.AgencyFB_Bold" size="16" color="ffffff">发射</><font src="/Game/UMG/Fonts/AgencyFB_Bold.AgencyFB_Bold" size="16" color="ffff00">1</><font src="/Game/UMG/Fonts/AgencyFB_Bold.AgencyFB_Bold" size="16" color="ffffff">发火龙符，冷却时间</><font src="/Game/UMG/Fonts/AgencyFB_Bold.AgencyFB_Bold" size="16" color="ffff00">2</><font src="/Game/UMG/Fonts/AgencyFB_Bold.AgencyFB_Bold" size="16" color="ffffff">秒</><br/><font src="/Game/UMG/Fonts/AgencyFB_Bold.AgencyFB_Bold" size="16" color="ffffff">每发造成</><font src="/Game/UMG/Fonts/AgencyFB_Bold.AgencyFB_Bold" size="16" color="ffff00">12</><font src="/Game/UMG/Fonts/AgencyFB_Bold.AgencyFB_Bold" size="16" color="ffffff">范围伤害</><font></><font></>,2,None,(),Barrage,8310094,1.3
9030303,90303,3,火龙符,2,15,2,1,"(X=200.000000,Y=200.000000,Z=200.000000)",,SpawnProjectile_Parabolic,BlueprintGeneratedClass'/RoguelikeX/Asset/Blueprint/Prefabs/Skills/NewRogueSkill/Test_NewRogueSkill.Test_NewRogueSkill_C',BlueprintGeneratedClass'/RoguelikeX/Asset/Blueprint/RougeTreasureActor/Bomb_9030001.Bomb_9030001_C',BlueprintGeneratedClass'/RoguelikeX/Asset/Blueprint/Prefabs/Projectiles/RougeProj/Bomb_Proj_9030001.Bomb_Proj_9030001_C',Texture2D'/RoguelikeX/Asset/Art/UI/RouglikeXUI/SkillIcon/Icon_601_Skill_FJ.Icon_601_Skill_FJ',<font src="/Game/UMG/Fonts/AgencyFB_Bold.AgencyFB_Bold" size="16" color="ffff00">【范围】【弹幕】</><br/><font src="/Game/UMG/Fonts/AgencyFB_Bold.AgencyFB_Bold" size="16" color="ffffff">发射</><font src="/Game/UMG/Fonts/AgencyFB_Bold.AgencyFB_Bold" size="16" color="ffff00">2</><font src="/Game/UMG/Fonts/AgencyFB_Bold.AgencyFB_Bold" size="16" color="ffffff">发火龙符，冷却时间</><font src="/Game/UMG/Fonts/AgencyFB_Bold.AgencyFB_Bold" size="16" color="ffff00">2</><font src="/Game/UMG/Fonts/AgencyFB_Bold.AgencyFB_Bold" size="16" color="ffffff">秒</><br/><font src="/Game/UMG/Fonts/AgencyFB_Bold.AgencyFB_Bold" size="16" color="ffffff">每发造成</><font src="/Game/UMG/Fonts/AgencyFB_Bold.AgencyFB_Bold" size="16" color="ffff00">15</><font src="/Game/UMG/Fonts/AgencyFB_Bold.AgencyFB_Bold" size="16" color="ffffff">范围伤害</><font></><font></>,3,None,(),Barrage,8310075,1.3
9030304,90303,3,火龙符,2,18,2,1,"(X=200.000000,Y=200.000000,Z=200.000000)",,SpawnProjectile_Parabolic,BlueprintGeneratedClass'/RoguelikeX/Asset/Blueprint/Prefabs/Skills/NewRogueSkill/Test_NewRogueSkill.Test_NewRogueSkill_C',BlueprintGeneratedClass'/RoguelikeX/Asset/Blueprint/RougeTreasureActor/Bomb_9030001.Bomb_9030001_C',BlueprintGeneratedClass'/RoguelikeX/Asset/Blueprint/Prefabs/Projectiles/RougeProj/Bomb_Proj_9030001.Bomb_Proj_9030001_C',Texture2D'/RoguelikeX/Asset/Art/UI/RouglikeXUI/SkillIcon/Icon_601_Skill_FJ.Icon_601_Skill_FJ',<font src="/Game/UMG/Fonts/AgencyFB_Bold.AgencyFB_Bold" size="16" color="ffff00">【范围】【弹幕】</><br/><font src="/Game/UMG/Fonts/AgencyFB_Bold.AgencyFB_Bold" size="16" color="ffffff">发射</><font src="/Game/UMG/Fonts/AgencyFB_Bold.AgencyFB_Bold" size="16" color="ffff00">2</><font src="/Game/UMG/Fonts/AgencyFB_Bold.AgencyFB_Bold" size="16" color="ffffff">发火龙符，冷却时间</><font src="/Game/UMG/Fonts/AgencyFB_Bold.AgencyFB_Bold" size="16" color="ffff00">2</><font src="/Game/UMG/Fonts/AgencyFB_Bold.AgencyFB_Bold" size="16" color="ffffff">秒</><br/><font src="/Game/UMG/Fonts/AgencyFB_Bold.AgencyFB_Bold" size="16" color="ffffff">每发造成</><font src="/Game/UMG/Fonts/AgencyFB_Bold.AgencyFB_Bold" size="16" color="ffff00">18</><font src="/Game/UMG/Fonts/AgencyFB_Bold.AgencyFB_Bold" size="16" color="ffffff">范围伤害</><font></><font></>,4,None,(),Barrage,8310076,1.6
9030305,90303,3,火龙符,2,21,3,1,"(X=200.000000,Y=200.000000,Z=200.000000)",,SpawnProjectile_Parabolic,BlueprintGeneratedClass'/RoguelikeX/Asset/Blueprint/Prefabs/Skills/NewRogueSkill/Test_NewRogueSkill.Test_NewRogueSkill_C',BlueprintGeneratedClass'/RoguelikeX/Asset/Blueprint/RougeTreasureActor/Bomb_9030001.Bomb_9030001_C',BlueprintGeneratedClass'/RoguelikeX/Asset/Blueprint/Prefabs/Projectiles/RougeProj/Bomb_Proj_9030001.Bomb_Proj_9030001_C',Texture2D'/RoguelikeX/Asset/Art/UI/RouglikeXUI/SkillIcon/Icon_601_Skill_FJ.Icon_601_Skill_FJ',<font src="/Game/UMG/Fonts/AgencyFB_Bold.AgencyFB_Bold" size="16" color="ffff00">【范围】【弹幕】</><br/><font src="/Game/UMG/Fonts/AgencyFB_Bold.AgencyFB_Bold" size="16" color="ffffff">发射</><font src="/Game/UMG/Fonts/AgencyFB_Bold.AgencyFB_Bold" size="16" color="ffff00">3</><font src="/Game/UMG/Fonts/AgencyFB_Bold.AgencyFB_Bold" size="16" color="ffffff">发火龙符，冷却时间</><font src="/Game/UMG/Fonts/AgencyFB_Bold.AgencyFB_Bold" size="16" color="ffff00">2</><font src="/Game/UMG/Fonts/AgencyFB_Bold.AgencyFB_Bold" size="16" color="ffffff">秒</><br/><font src="/Game/UMG/Fonts/AgencyFB_Bold.AgencyFB_Bold" size="16" color="ffffff">每发造成</><font src="/Game/UMG/Fonts/AgencyFB_Bold.AgencyFB_Bold" size="16" color="ffff00">21</><font src="/Game/UMG/Fonts/AgencyFB_Bold.AgencyFB_Bold" size="16" color="ffffff">范围伤害</><font></><font></>,5,None,(),Barrage,8310077,1.6
9580401,95804,4,RPG,2,15,1,1,"(X=200.000000,Y=200.000000,Z=200.000000)",,SpawnProjectile_Parabolic,BlueprintGeneratedClass'/RoguelikeX/Asset/Blueprint/Prefabs/Skills/NewRogueSkill/Test_NewRogueSkill.Test_NewRogueSkill_C',BlueprintGeneratedClass'/RoguelikeX/Asset/Blueprint/RougeTreasureActor/RPG_9580001.RPG_9580001_C',BlueprintGeneratedClass'/RoguelikeX/Asset/Blueprint/Prefabs/Projectiles/RougeProj/RPG_Proj_9580001.RPG_Proj_9580001_C',Texture2D'/RoguelikeX/Asset/Art/UI/RouglikeXUI/SkillIcon/Icon_601_Skill_FJ.Icon_601_Skill_FJ',<font src="/Game/UMG/Fonts/AgencyFB_Bold.AgencyFB_Bold" size="16" color="ffff00">【范围】【弹幕】</><br/><font src="/Game/UMG/Fonts/AgencyFB_Bold.AgencyFB_Bold" size="16" color="ffffff">发射</><font src="/Game/UMG/Fonts/AgencyFB_Bold.AgencyFB_Bold" size="16" color="ffff00">1</><font src="/Game/UMG/Fonts/AgencyFB_Bold.AgencyFB_Bold" size="16" color="ffffff">发RPG，冷却时间</><font src="/Game/UMG/Fonts/AgencyFB_Bold.AgencyFB_Bold" size="16" color="ffff00">2</><font src="/Game/UMG/Fonts/AgencyFB_Bold.AgencyFB_Bold" size="16" color="ffffff">秒</><br/><font src="/Game/UMG/Fonts/AgencyFB_Bold.AgencyFB_Bold" size="16" color="ffffff">每发造成</><font src="/Game/UMG/Fonts/AgencyFB_Bold.AgencyFB_Bold" size="16" color="ffff00">15</><font src="/Game/UMG/Fonts/AgencyFB_Bold.AgencyFB_Bold" size="16" color="ffffff">范围伤害</><font></><font></>,1,None,(),Barrage,8310168,1
9580402,95804,4,RPG,2,17,1,1,"(X=200.000000,Y=200.000000,Z=200.000000)",,SpawnProjectile_Parabolic,BlueprintGeneratedClass'/RoguelikeX/Asset/Blueprint/Prefabs/Skills/NewRogueSkill/Test_NewRogueSkill.Test_NewRogueSkill_C',BlueprintGeneratedClass'/RoguelikeX/Asset/Blueprint/RougeTreasureActor/RPG_9580001.RPG_9580001_C',BlueprintGeneratedClass'/RoguelikeX/Asset/Blueprint/Prefabs/Projectiles/RougeProj/RPG_Proj_9580001.RPG_Proj_9580001_C',Texture2D'/RoguelikeX/Asset/Art/UI/RouglikeXUI/SkillIcon/Icon_601_Skill_FJ.Icon_601_Skill_FJ',<font src="/Game/UMG/Fonts/AgencyFB_Bold.AgencyFB_Bold" size="16" color="ffff00">【范围】【弹幕】</><br/><font src="/Game/UMG/Fonts/AgencyFB_Bold.AgencyFB_Bold" size="16" color="ffffff">发射</><font src="/Game/UMG/Fonts/AgencyFB_Bold.AgencyFB_Bold" size="16" color="ffff00">1</><font src="/Game/UMG/Fonts/AgencyFB_Bold.AgencyFB_Bold" size="16" color="ffffff">发RPG，冷却时间</><font src="/Game/UMG/Fonts/AgencyFB_Bold.AgencyFB_Bold" size="16" color="ffff00">2</><font src="/Game/UMG/Fonts/AgencyFB_Bold.AgencyFB_Bold" size="16" color="ffffff">秒</><br/><font src="/Game/UMG/Fonts/AgencyFB_Bold.AgencyFB_Bold" size="16" color="ffffff">每发造成</><font src="/Game/UMG/Fonts/AgencyFB_Bold.AgencyFB_Bold" size="16" color="ffff00">17</><font src="/Game/UMG/Fonts/AgencyFB_Bold.AgencyFB_Bold" size="16" color="ffffff">范围伤害</><font></><font></>,2,None,(),Barrage,8310978,1.3
9580403,95804,4,RPG,2,21,2,1,"(X=200.000000,Y=200.000000,Z=200.000000)",,SpawnProjectile_Parabolic,BlueprintGeneratedClass'/RoguelikeX/Asset/Blueprint/Prefabs/Skills/NewRogueSkill/Test_NewRogueSkill.Test_NewRogueSkill_C',BlueprintGeneratedClass'/RoguelikeX/Asset/Blueprint/RougeTreasureActor/RPG_9580001.RPG_9580001_C',BlueprintGeneratedClass'/RoguelikeX/Asset/Blueprint/Prefabs/Projectiles/RougeProj/RPG_Proj_9580001.RPG_Proj_9580001_C',Texture2D'/RoguelikeX/Asset/Art/UI/RouglikeXUI/SkillIcon/Icon_601_Skill_FJ.Icon_601_Skill_FJ',<font src="/Game/UMG/Fonts/AgencyFB_Bold.AgencyFB_Bold" size="16" color="ffff00">【范围】【弹幕】</><br/><font src="/Game/UMG/Fonts/AgencyFB_Bold.AgencyFB_Bold" size="16" color="ffffff">发射</><font src="/Game/UMG/Fonts/AgencyFB_Bold.AgencyFB_Bold" size="16" color="ffff00">2</><font src="/Game/UMG/Fonts/AgencyFB_Bold.AgencyFB_Bold" size="16" color="ffffff">发RPG，冷却时间</><font src="/Game/UMG/Fonts/AgencyFB_Bold.AgencyFB_Bold" size="16" color="ffff00">2</><font src="/Game/UMG/Fonts/AgencyFB_Bold.AgencyFB_Bold" size="16" color="ffffff">秒</><br/><font src="/Game/UMG/Fonts/AgencyFB_Bold.AgencyFB_Bold" size="16" color="ffffff">每发造成</><font src="/Game/UMG/Fonts/AgencyFB_Bold.AgencyFB_Bold" size="16" color="ffff00">21</><font src="/Game/UMG/Fonts/AgencyFB_Bold.AgencyFB_Bold" size="16" color="ffffff">范围伤害</><font></><font></>,3,None,(),Barrage,8310979,1.3
9580404,95804,4,RPG,2,25,2,1,"(X=200.000000,Y=200.000000,Z=200.000000)",,SpawnProjectile_Parabolic,BlueprintGeneratedClass'/RoguelikeX/Asset/Blueprint/Prefabs/Skills/NewRogueSkill/Test_NewRogueSkill.Test_NewRogueSkill_C',BlueprintGeneratedClass'/RoguelikeX/Asset/Blueprint/RougeTreasureActor/RPG_9580001.RPG_9580001_C',BlueprintGeneratedClass'/RoguelikeX/Asset/Blueprint/Prefabs/Projectiles/RougeProj/RPG_Proj_9580001.RPG_Proj_9580001_C',Texture2D'/RoguelikeX/Asset/Art/UI/RouglikeXUI/SkillIcon/Icon_601_Skill_FJ.Icon_601_Skill_FJ',<font src="/Game/UMG/Fonts/AgencyFB_Bold.AgencyFB_Bold" size="16" color="ffff00">【范围】【弹幕】</><br/><font src="/Game/UMG/Fonts/AgencyFB_Bold.AgencyFB_Bold" size="16" color="ffffff">发射</><font src="/Game/UMG/Fonts/AgencyFB_Bold.AgencyFB_Bold" size="16" color="ffff00">2</><font src="/Game/UMG/Fonts/AgencyFB_Bold.AgencyFB_Bold" size="16" color="ffffff">发RPG，冷却时间</><font src="/Game/UMG/Fonts/AgencyFB_Bold.AgencyFB_Bold" size="16" color="ffff00">2</><font src="/Game/UMG/Fonts/AgencyFB_Bold.AgencyFB_Bold" size="16" color="ffffff">秒</><br/><font src="/Game/UMG/Fonts/AgencyFB_Bold.AgencyFB_Bold" size="16" color="ffffff">每发造成</><font src="/Game/UMG/Fonts/AgencyFB_Bold.AgencyFB_Bold" size="16" color="ffff00">25</><font src="/Game/UMG/Fonts/AgencyFB_Bold.AgencyFB_Bold" size="16" color="ffffff">范围伤害</><font></><font></>,4,None,(),Barrage,8310980,1.6
9580405,95804,4,RPG,2,29,3,1,"(X=200.000000,Y=200.000000,Z=200.000000)",,SpawnProjectile_Parabolic,BlueprintGeneratedClass'/RoguelikeX/Asset/Blueprint/Prefabs/Skills/NewRogueSkill/Test_NewRogueSkill.Test_NewRogueSkill_C',BlueprintGeneratedClass'/RoguelikeX/Asset/Blueprint/RougeTreasureActor/RPG_9580001.RPG_9580001_C',BlueprintGeneratedClass'/RoguelikeX/Asset/Blueprint/Prefabs/Projectiles/RougeProj/RPG_Proj_9580001.RPG_Proj_9580001_C',Texture2D'/RoguelikeX/Asset/Art/UI/RouglikeXUI/SkillIcon/Icon_601_Skill_FJ.Icon_601_Skill_FJ',<font src="/Game/UMG/Fonts/AgencyFB_Bold.AgencyFB_Bold" size="16" color="ffff00">【范围】【弹幕】</><br/><font src="/Game/UMG/Fonts/AgencyFB_Bold.AgencyFB_Bold" size="16" color="ffffff">发射</><font src="/Game/UMG/Fonts/AgencyFB_Bold.AgencyFB_Bold" size="16" color="ffff00">3</><font src="/Game/UMG/Fonts/AgencyFB_Bold.AgencyFB_Bold" size="16" color="ffffff">发RPG，冷却时间</><font src="/Game/UMG/Fonts/AgencyFB_Bold.AgencyFB_Bold" size="16" color="ffff00">2</><font src="/Game/UMG/Fonts/AgencyFB_Bold.AgencyFB_Bold" size="16" color="ffffff">秒</><br/><font src="/Game/UMG/Fonts/AgencyFB_Bold.AgencyFB_Bold" size="16" color="ffffff">每发造成</><font src="/Game/UMG/Fonts/AgencyFB_Bold.AgencyFB_Bold" size="16" color="ffff00">29</><font src="/Game/UMG/Fonts/AgencyFB_Bold.AgencyFB_Bold" size="16" color="ffffff">范围伤害</><font></><font></>,5,None,(),Barrage,8310981,1.6
9590401,95904,4,AT4火箭筒,2,19,1,1,"(X=200.000000,Y=200.000000,Z=200.000000)",,SpawnProjectile_Parabolic,BlueprintGeneratedClass'/RoguelikeX/Asset/Blueprint/Prefabs/Skills/NewRogueSkill/Test_NewRogueSkill.Test_NewRogueSkill_C',BlueprintGeneratedClass'/RoguelikeX/Asset/Blueprint/RougeTreasureActor/AT4_9580002.AT4_9580002_C',BlueprintGeneratedClass'/RoguelikeX/Asset/Blueprint/Prefabs/Projectiles/RougeProj/Bomb_Proj_9590001.Bomb_Proj_9590001_C',Texture2D'/RoguelikeX/Asset/Art/UI/RouglikeXUI/SkillIcon/Icon_601_Skill_FJ.Icon_601_Skill_FJ',<font src="/Game/UMG/Fonts/AgencyFB_Bold.AgencyFB_Bold" size="16" color="ffff00">【范围】【弹幕】</><br/><font src="/Game/UMG/Fonts/AgencyFB_Bold.AgencyFB_Bold" size="16" color="ffffff">发射</><font src="/Game/UMG/Fonts/AgencyFB_Bold.AgencyFB_Bold" size="16" color="ffff00">1</><font src="/Game/UMG/Fonts/AgencyFB_Bold.AgencyFB_Bold" size="16" color="ffffff">发火箭，冷却时间</><font src="/Game/UMG/Fonts/AgencyFB_Bold.AgencyFB_Bold" size="16" color="ffff00">2</><font src="/Game/UMG/Fonts/AgencyFB_Bold.AgencyFB_Bold" size="16" color="ffffff">秒</><br/><font src="/Game/UMG/Fonts/AgencyFB_Bold.AgencyFB_Bold" size="16" color="ffffff">每发造成</><font src="/Game/UMG/Fonts/AgencyFB_Bold.AgencyFB_Bold" size="16" color="ffff00">19</><font src="/Game/UMG/Fonts/AgencyFB_Bold.AgencyFB_Bold" size="16" color="ffffff">范围伤害</><font></><font></>,1,None,(),Barrage,8310740,1
9590402,95904,4,AT4火箭筒,2,22,1,1,"(X=200.000000,Y=200.000000,Z=200.000000)",,SpawnProjectile_Parabolic,BlueprintGeneratedClass'/RoguelikeX/Asset/Blueprint/Prefabs/Skills/NewRogueSkill/Test_NewRogueSkill.Test_NewRogueSkill_C',BlueprintGeneratedClass'/RoguelikeX/Asset/Blueprint/RougeTreasureActor/AT4_9580002.AT4_9580002_C',BlueprintGeneratedClass'/RoguelikeX/Asset/Blueprint/Prefabs/Projectiles/RougeProj/Bomb_Proj_9590001.Bomb_Proj_9590001_C',Texture2D'/RoguelikeX/Asset/Art/UI/RouglikeXUI/SkillIcon/Icon_601_Skill_FJ.Icon_601_Skill_FJ',<font src="/Game/UMG/Fonts/AgencyFB_Bold.AgencyFB_Bold" size="16" color="ffff00">【范围】【弹幕】</><br/><font src="/Game/UMG/Fonts/AgencyFB_Bold.AgencyFB_Bold" size="16" color="ffffff">发射</><font src="/Game/UMG/Fonts/AgencyFB_Bold.AgencyFB_Bold" size="16" color="ffff00">1</><font src="/Game/UMG/Fonts/AgencyFB_Bold.AgencyFB_Bold" size="16" color="ffffff">发火箭，冷却时间</><font src="/Game/UMG/Fonts/AgencyFB_Bold.AgencyFB_Bold" size="16" color="ffff00">2</><font src="/Game/UMG/Fonts/AgencyFB_Bold.AgencyFB_Bold" size="16" color="ffffff">秒</><br/><font src="/Game/UMG/Fonts/AgencyFB_Bold.AgencyFB_Bold" size="16" color="ffffff">每发造成</><font src="/Game/UMG/Fonts/AgencyFB_Bold.AgencyFB_Bold" size="16" color="ffff00">22</><font src="/Game/UMG/Fonts/AgencyFB_Bold.AgencyFB_Bold" size="16" color="ffffff">范围伤害</><font></><font></>,2,None,(),Barrage,8310902,1.45
9590403,95904,4,AT4火箭筒,2,27,2,1,"(X=200.000000,Y=200.000000,Z=200.000000)",,SpawnProjectile_Parabolic,BlueprintGeneratedClass'/RoguelikeX/Asset/Blueprint/Prefabs/Skills/NewRogueSkill/Test_NewRogueSkill.Test_NewRogueSkill_C',BlueprintGeneratedClass'/RoguelikeX/Asset/Blueprint/RougeTreasureActor/AT4_9580002.AT4_9580002_C',BlueprintGeneratedClass'/RoguelikeX/Asset/Blueprint/Prefabs/Projectiles/RougeProj/Bomb_Proj_9590001.Bomb_Proj_9590001_C',Texture2D'/RoguelikeX/Asset/Art/UI/RouglikeXUI/SkillIcon/Icon_601_Skill_FJ.Icon_601_Skill_FJ',<font src="/Game/UMG/Fonts/AgencyFB_Bold.AgencyFB_Bold" size="16" color="ffff00">【范围】【弹幕】</><br/><font src="/Game/UMG/Fonts/AgencyFB_Bold.AgencyFB_Bold" size="16" color="ffffff">发射</><font src="/Game/UMG/Fonts/AgencyFB_Bold.AgencyFB_Bold" size="16" color="ffff00">2</><font src="/Game/UMG/Fonts/AgencyFB_Bold.AgencyFB_Bold" size="16" color="ffffff">发火箭，冷却时间</><font src="/Game/UMG/Fonts/AgencyFB_Bold.AgencyFB_Bold" size="16" color="ffff00">2</><font src="/Game/UMG/Fonts/AgencyFB_Bold.AgencyFB_Bold" size="16" color="ffffff">秒</><br/><font src="/Game/UMG/Fonts/AgencyFB_Bold.AgencyFB_Bold" size="16" color="ffffff">每发造成</><font src="/Game/UMG/Fonts/AgencyFB_Bold.AgencyFB_Bold" size="16" color="ffff00">27</><font src="/Game/UMG/Fonts/AgencyFB_Bold.AgencyFB_Bold" size="16" color="ffffff">范围伤害</><font></><font></>,3,None,(),Barrage,8310903,1.45
9590404,95904,4,AT4火箭筒,2,32,2,1,"(X=200.000000,Y=200.000000,Z=200.000000)",,SpawnProjectile_Parabolic,BlueprintGeneratedClass'/RoguelikeX/Asset/Blueprint/Prefabs/Skills/NewRogueSkill/Test_NewRogueSkill.Test_NewRogueSkill_C',BlueprintGeneratedClass'/RoguelikeX/Asset/Blueprint/RougeTreasureActor/AT4_9580002.AT4_9580002_C',BlueprintGeneratedClass'/RoguelikeX/Asset/Blueprint/Prefabs/Projectiles/RougeProj/Bomb_Proj_9590001.Bomb_Proj_9590001_C',Texture2D'/RoguelikeX/Asset/Art/UI/RouglikeXUI/SkillIcon/Icon_601_Skill_FJ.Icon_601_Skill_FJ',<font src="/Game/UMG/Fonts/AgencyFB_Bold.AgencyFB_Bold" size="16" color="ffff00">【范围】【弹幕】</><br/><font src="/Game/UMG/Fonts/AgencyFB_Bold.AgencyFB_Bold" size="16" color="ffffff">发射</><font src="/Game/UMG/Fonts/AgencyFB_Bold.AgencyFB_Bold" size="16" color="ffff00">2</><font src="/Game/UMG/Fonts/AgencyFB_Bold.AgencyFB_Bold" size="16" color="ffffff">发火箭，冷却时间</><font src="/Game/UMG/Fonts/AgencyFB_Bold.AgencyFB_Bold" size="16" color="ffff00">2</><font src="/Game/UMG/Fonts/AgencyFB_Bold.AgencyFB_Bold" size="16" color="ffffff">秒</><br/><font src="/Game/UMG/Fonts/AgencyFB_Bold.AgencyFB_Bold" size="16" color="ffffff">每发造成</><font src="/Game/UMG/Fonts/AgencyFB_Bold.AgencyFB_Bold" size="16" color="ffff00">32</><font src="/Game/UMG/Fonts/AgencyFB_Bold.AgencyFB_Bold" size="16" color="ffffff">范围伤害</><font></><font></>,4,None,(),Barrage,8310904,1.9
9590405,95904,4,AT4火箭筒,2,37,3,1,"(X=200.000000,Y=200.000000,Z=200.000000)",,SpawnProjectile_Parabolic,BlueprintGeneratedClass'/RoguelikeX/Asset/Blueprint/Prefabs/Skills/NewRogueSkill/Test_NewRogueSkill.Test_NewRogueSkill_C',BlueprintGeneratedClass'/RoguelikeX/Asset/Blueprint/RougeTreasureActor/AT4_9580002.AT4_9580002_C',BlueprintGeneratedClass'/RoguelikeX/Asset/Blueprint/Prefabs/Projectiles/RougeProj/Bomb_Proj_9590001.Bomb_Proj_9590001_C',Texture2D'/RoguelikeX/Asset/Art/UI/RouglikeXUI/SkillIcon/Icon_601_Skill_FJ.Icon_601_Skill_FJ',<font src="/Game/UMG/Fonts/AgencyFB_Bold.AgencyFB_Bold" size="16" color="ffff00">【范围】【弹幕】</><br/><font src="/Game/UMG/Fonts/AgencyFB_Bold.AgencyFB_Bold" size="16" color="ffffff">发射</><font src="/Game/UMG/Fonts/AgencyFB_Bold.AgencyFB_Bold" size="16" color="ffff00">3</><font src="/Game/UMG/Fonts/AgencyFB_Bold.AgencyFB_Bold" size="16" color="ffffff">发火箭，冷却时间</><font src="/Game/UMG/Fonts/AgencyFB_Bold.AgencyFB_Bold" size="16" color="ffff00">2</><font src="/Game/UMG/Fonts/AgencyFB_Bold.AgencyFB_Bold" size="16" color="ffffff">秒</><br/><font src="/Game/UMG/Fonts/AgencyFB_Bold.AgencyFB_Bold" size="16" color="ffffff">每发造成</><font src="/Game/UMG/Fonts/AgencyFB_Bold.AgencyFB_Bold" size="16" color="ffff00">37</><font src="/Game/UMG/Fonts/AgencyFB_Bold.AgencyFB_Bold" size="16" color="ffffff">范围伤害</><font></><font></>,5,None,(),Barrage,8310905,1.9
9600501,96005,5,紫霄真雷,2,20,1,1,"(X=200.000000,Y=200.000000,Z=200.000000)",,SpawnProjectile_Parabolic,BlueprintGeneratedClass'/RoguelikeX/Asset/Blueprint/Prefabs/Skills/NewRogueSkill/Test_NewRogueSkill.Test_NewRogueSkill_C',BlueprintGeneratedClass'/RoguelikeX/Asset/Blueprint/RougeTreasureActor/Bomb_9600001.Bomb_9600001_C',BlueprintGeneratedClass'/RoguelikeX/Asset/Blueprint/Prefabs/Projectiles/RougeProj/Bomb_Proj_9600001.Bomb_Proj_9600001_C',Texture2D'/RoguelikeX/Asset/Art/UI/RouglikeXUI/SkillIcon/Icon_601_Skill_FJ.Icon_601_Skill_FJ',<font src="/Game/UMG/Fonts/AgencyFB_Bold.AgencyFB_Bold" size="16" color="ffff00">【范围】【弹幕】</><br/><font src="/Game/UMG/Fonts/AgencyFB_Bold.AgencyFB_Bold" size="16" color="ffffff">发射</><font src="/Game/UMG/Fonts/AgencyFB_Bold.AgencyFB_Bold" size="16" color="ffff00">1</><font src="/Game/UMG/Fonts/AgencyFB_Bold.AgencyFB_Bold" size="16" color="ffffff">发紫霄真雷，冷却时间</><font src="/Game/UMG/Fonts/AgencyFB_Bold.AgencyFB_Bold" size="16" color="ffff00">2</><font src="/Game/UMG/Fonts/AgencyFB_Bold.AgencyFB_Bold" size="16" color="ffffff">秒</><br/><font src="/Game/UMG/Fonts/AgencyFB_Bold.AgencyFB_Bold" size="16" color="ffffff">每发造成</><font src="/Game/UMG/Fonts/AgencyFB_Bold.AgencyFB_Bold" size="16" color="ffff00">20</><font src="/Game/UMG/Fonts/AgencyFB_Bold.AgencyFB_Bold" size="16" color="ffffff">范围伤害</><font></><font></>,1,None,(),Barrage,8310779,1
9600502,96005,5,紫霄真雷,2,22,1,1,"(X=200.000000,Y=200.000000,Z=200.000000)",,SpawnProjectile_Parabolic,BlueprintGeneratedClass'/RoguelikeX/Asset/Blueprint/Prefabs/Skills/NewRogueSkill/Test_NewRogueSkill.Test_NewRogueSkill_C',BlueprintGeneratedClass'/RoguelikeX/Asset/Blueprint/RougeTreasureActor/Bomb_9600001.Bomb_9600001_C',BlueprintGeneratedClass'/RoguelikeX/Asset/Blueprint/Prefabs/Projectiles/RougeProj/Bomb_Proj_9600001.Bomb_Proj_9600001_C',Texture2D'/RoguelikeX/Asset/Art/UI/RouglikeXUI/SkillIcon/Icon_601_Skill_FJ.Icon_601_Skill_FJ',<font src="/Game/UMG/Fonts/AgencyFB_Bold.AgencyFB_Bold" size="16" color="ffff00">【范围】【弹幕】</><br/><font src="/Game/UMG/Fonts/AgencyFB_Bold.AgencyFB_Bold" size="16" color="ffffff">发射</><font src="/Game/UMG/Fonts/AgencyFB_Bold.AgencyFB_Bold" size="16" color="ffff00">1</><font src="/Game/UMG/Fonts/AgencyFB_Bold.AgencyFB_Bold" size="16" color="ffffff">发紫霄真雷，冷却时间</><font src="/Game/UMG/Fonts/AgencyFB_Bold.AgencyFB_Bold" size="16" color="ffff00">2</><font src="/Game/UMG/Fonts/AgencyFB_Bold.AgencyFB_Bold" size="16" color="ffffff">秒</><br/><font src="/Game/UMG/Fonts/AgencyFB_Bold.AgencyFB_Bold" size="16" color="ffffff">每发造成</><font src="/Game/UMG/Fonts/AgencyFB_Bold.AgencyFB_Bold" size="16" color="ffff00">22</><font src="/Game/UMG/Fonts/AgencyFB_Bold.AgencyFB_Bold" size="16" color="ffffff">范围伤害</><font></><font></>,2,None,(),Barrage,8310780,1.3
9600503,96005,5,紫霄真雷,2,27,2,1,"(X=200.000000,Y=200.000000,Z=200.000000)",,SpawnProjectile_Parabolic,BlueprintGeneratedClass'/RoguelikeX/Asset/Blueprint/Prefabs/Skills/NewRogueSkill/Test_NewRogueSkill.Test_NewRogueSkill_C',BlueprintGeneratedClass'/RoguelikeX/Asset/Blueprint/RougeTreasureActor/Bomb_9600001.Bomb_9600001_C',BlueprintGeneratedClass'/RoguelikeX/Asset/Blueprint/Prefabs/Projectiles/RougeProj/Bomb_Proj_9600001.Bomb_Proj_9600001_C',Texture2D'/RoguelikeX/Asset/Art/UI/RouglikeXUI/SkillIcon/Icon_601_Skill_FJ.Icon_601_Skill_FJ',<font src="/Game/UMG/Fonts/AgencyFB_Bold.AgencyFB_Bold" size="16" color="ffff00">【范围】【弹幕】</><br/><font src="/Game/UMG/Fonts/AgencyFB_Bold.AgencyFB_Bold" size="16" color="ffffff">发射</><font src="/Game/UMG/Fonts/AgencyFB_Bold.AgencyFB_Bold" size="16" color="ffff00">2</><font src="/Game/UMG/Fonts/AgencyFB_Bold.AgencyFB_Bold" size="16" color="ffffff">发紫霄真雷，冷却时间</><font src="/Game/UMG/Fonts/AgencyFB_Bold.AgencyFB_Bold" size="16" color="ffff00">2</><font src="/Game/UMG/Fonts/AgencyFB_Bold.AgencyFB_Bold" size="16" color="ffffff">秒</><br/><font src="/Game/UMG/Fonts/AgencyFB_Bold.AgencyFB_Bold" size="16" color="ffffff">每发造成</><font src="/Game/UMG/Fonts/AgencyFB_Bold.AgencyFB_Bold" size="16" color="ffff00">27</><font src="/Game/UMG/Fonts/AgencyFB_Bold.AgencyFB_Bold" size="16" color="ffffff">范围伤害</><font></><font></>,3,None,(),Barrage,8310781,1.3
9600504,96005,5,紫霄真雷,2,32,2,1,"(X=200.000000,Y=200.000000,Z=200.000000)",,SpawnProjectile_Parabolic,BlueprintGeneratedClass'/RoguelikeX/Asset/Blueprint/Prefabs/Skills/NewRogueSkill/Test_NewRogueSkill.Test_NewRogueSkill_C',BlueprintGeneratedClass'/RoguelikeX/Asset/Blueprint/RougeTreasureActor/Bomb_9600001.Bomb_9600001_C',BlueprintGeneratedClass'/RoguelikeX/Asset/Blueprint/Prefabs/Projectiles/RougeProj/Bomb_Proj_9600001.Bomb_Proj_9600001_C',Texture2D'/RoguelikeX/Asset/Art/UI/RouglikeXUI/SkillIcon/Icon_601_Skill_FJ.Icon_601_Skill_FJ',<font src="/Game/UMG/Fonts/AgencyFB_Bold.AgencyFB_Bold" size="16" color="ffff00">【范围】【弹幕】</><br/><font src="/Game/UMG/Fonts/AgencyFB_Bold.AgencyFB_Bold" size="16" color="ffffff">发射</><font src="/Game/UMG/Fonts/AgencyFB_Bold.AgencyFB_Bold" size="16" color="ffff00">2</><font src="/Game/UMG/Fonts/AgencyFB_Bold.AgencyFB_Bold" size="16" color="ffffff">发紫霄真雷，冷却时间</><font src="/Game/UMG/Fonts/AgencyFB_Bold.AgencyFB_Bold" size="16" color="ffff00">2</><font src="/Game/UMG/Fonts/AgencyFB_Bold.AgencyFB_Bold" size="16" color="ffffff">秒</><br/><font src="/Game/UMG/Fonts/AgencyFB_Bold.AgencyFB_Bold" size="16" color="ffffff">每发造成</><font src="/Game/UMG/Fonts/AgencyFB_Bold.AgencyFB_Bold" size="16" color="ffff00">32</><font src="/Game/UMG/Fonts/AgencyFB_Bold.AgencyFB_Bold" size="16" color="ffffff">范围伤害</><font></><font></>,4,None,(),Barrage,8310782,1.6
9600505,96005,5,紫霄真雷,2,37,3,1,"(X=200.000000,Y=200.000000,Z=200.000000)",,SpawnProjectile_Parabolic,BlueprintGeneratedClass'/RoguelikeX/Asset/Blueprint/Prefabs/Skills/NewRogueSkill/Test_NewRogueSkill.Test_NewRogueSkill_C',BlueprintGeneratedClass'/RoguelikeX/Asset/Blueprint/RougeTreasureActor/Bomb_9600001.Bomb_9600001_C',BlueprintGeneratedClass'/RoguelikeX/Asset/Blueprint/Prefabs/Projectiles/RougeProj/Bomb_Proj_9600001.Bomb_Proj_9600001_C',Texture2D'/RoguelikeX/Asset/Art/UI/RouglikeXUI/SkillIcon/Icon_601_Skill_FJ.Icon_601_Skill_FJ',<font src="/Game/UMG/Fonts/AgencyFB_Bold.AgencyFB_Bold" size="16" color="ffff00">【范围】【弹幕】</><br/><font src="/Game/UMG/Fonts/AgencyFB_Bold.AgencyFB_Bold" size="16" color="ffffff">发射</><font src="/Game/UMG/Fonts/AgencyFB_Bold.AgencyFB_Bold" size="16" color="ffff00">3</><font src="/Game/UMG/Fonts/AgencyFB_Bold.AgencyFB_Bold" size="16" color="ffffff">发紫霄真雷，冷却时间</><font src="/Game/UMG/Fonts/AgencyFB_Bold.AgencyFB_Bold" size="16" color="ffff00">2</><font src="/Game/UMG/Fonts/AgencyFB_Bold.AgencyFB_Bold" size="16" color="ffffff">秒</><br/><font src="/Game/UMG/Fonts/AgencyFB_Bold.AgencyFB_Bold" size="16" color="ffffff">每发造成</><font src="/Game/UMG/Fonts/AgencyFB_Bold.AgencyFB_Bold" size="16" color="ffff00">37</><font src="/Game/UMG/Fonts/AgencyFB_Bold.AgencyFB_Bold" size="16" color="ffffff">范围伤害</><font></><font></>,5,None,(),Barrage,8310783,1.6
9610501,96105,5,开山符,2,26,1,1,"(X=200.000000,Y=200.000000,Z=200.000000)",,SpawnProjectile_Parabolic,BlueprintGeneratedClass'/RoguelikeX/Asset/Blueprint/Prefabs/Skills/NewRogueSkill/Test_NewRogueSkill.Test_NewRogueSkill_C',BlueprintGeneratedClass'/RoguelikeX/Asset/Blueprint/RougeTreasureActor/Bomb_9610001.Bomb_9610001_C',BlueprintGeneratedClass'/RoguelikeX/Asset/Blueprint/Prefabs/Projectiles/RougeProj/Bomb_Proj_9610001.Bomb_Proj_9610001_C',Texture2D'/RoguelikeX/Asset/Art/UI/RouglikeXUI/SkillIcon/Icon_601_Skill_FJ.Icon_601_Skill_FJ',<font src="/Game/UMG/Fonts/AgencyFB_Bold.AgencyFB_Bold" size="16" color="ffff00">【范围】【弹幕】</><br/><font src="/Game/UMG/Fonts/AgencyFB_Bold.AgencyFB_Bold" size="16" color="ffffff">发射</><font src="/Game/UMG/Fonts/AgencyFB_Bold.AgencyFB_Bold" size="16" color="ffff00">1</><font src="/Game/UMG/Fonts/AgencyFB_Bold.AgencyFB_Bold" size="16" color="ffffff">发开山符，冷却时间</><font src="/Game/UMG/Fonts/AgencyFB_Bold.AgencyFB_Bold" size="16" color="ffff00">2</><font src="/Game/UMG/Fonts/AgencyFB_Bold.AgencyFB_Bold" size="16" color="ffffff">秒</><br/><font src="/Game/UMG/Fonts/AgencyFB_Bold.AgencyFB_Bold" size="16" color="ffffff">每发造成</><font src="/Game/UMG/Fonts/AgencyFB_Bold.AgencyFB_Bold" size="16" color="ffff00">26</><font src="/Game/UMG/Fonts/AgencyFB_Bold.AgencyFB_Bold" size="16" color="ffffff">范围伤害</><font></><font></>,1,None,(),Barrage,8310784,1
9610502,96105,5,开山符,2,29,1,1,"(X=200.000000,Y=200.000000,Z=200.000000)",,SpawnProjectile_Parabolic,BlueprintGeneratedClass'/RoguelikeX/Asset/Blueprint/Prefabs/Skills/NewRogueSkill/Test_NewRogueSkill.Test_NewRogueSkill_C',BlueprintGeneratedClass'/RoguelikeX/Asset/Blueprint/RougeTreasureActor/Bomb_9610001.Bomb_9610001_C',BlueprintGeneratedClass'/RoguelikeX/Asset/Blueprint/Prefabs/Projectiles/RougeProj/Bomb_Proj_9610001.Bomb_Proj_9610001_C',Texture2D'/RoguelikeX/Asset/Art/UI/RouglikeXUI/SkillIcon/Icon_601_Skill_FJ.Icon_601_Skill_FJ',<font src="/Game/UMG/Fonts/AgencyFB_Bold.AgencyFB_Bold" size="16" color="ffff00">【范围】【弹幕】</><br/><font src="/Game/UMG/Fonts/AgencyFB_Bold.AgencyFB_Bold" size="16" color="ffffff">发射</><font src="/Game/UMG/Fonts/AgencyFB_Bold.AgencyFB_Bold" size="16" color="ffff00">1</><font src="/Game/UMG/Fonts/AgencyFB_Bold.AgencyFB_Bold" size="16" color="ffffff">发开山符，冷却时间</><font src="/Game/UMG/Fonts/AgencyFB_Bold.AgencyFB_Bold" size="16" color="ffff00">2</><font src="/Game/UMG/Fonts/AgencyFB_Bold.AgencyFB_Bold" size="16" color="ffffff">秒</><br/><font src="/Game/UMG/Fonts/AgencyFB_Bold.AgencyFB_Bold" size="16" color="ffffff">每发造成</><font src="/Game/UMG/Fonts/AgencyFB_Bold.AgencyFB_Bold" size="16" color="ffff00">29</><font src="/Game/UMG/Fonts/AgencyFB_Bold.AgencyFB_Bold" size="16" color="ffffff">范围伤害</><font></><font></>,2,None,(),Barrage,8310785,1.45
9610503,96105,5,开山符,2,35,2,1,"(X=200.000000,Y=200.000000,Z=200.000000)",,SpawnProjectile_Parabolic,BlueprintGeneratedClass'/RoguelikeX/Asset/Blueprint/Prefabs/Skills/NewRogueSkill/Test_NewRogueSkill.Test_NewRogueSkill_C',BlueprintGeneratedClass'/RoguelikeX/Asset/Blueprint/RougeTreasureActor/Bomb_9610001.Bomb_9610001_C',BlueprintGeneratedClass'/RoguelikeX/Asset/Blueprint/Prefabs/Projectiles/RougeProj/Bomb_Proj_9610001.Bomb_Proj_9610001_C',Texture2D'/RoguelikeX/Asset/Art/UI/RouglikeXUI/SkillIcon/Icon_601_Skill_FJ.Icon_601_Skill_FJ',<font src="/Game/UMG/Fonts/AgencyFB_Bold.AgencyFB_Bold" size="16" color="ffff00">【范围】【弹幕】</><br/><font src="/Game/UMG/Fonts/AgencyFB_Bold.AgencyFB_Bold" size="16" color="ffffff">发射</><font src="/Game/UMG/Fonts/AgencyFB_Bold.AgencyFB_Bold" size="16" color="ffff00">2</><font src="/Game/UMG/Fonts/AgencyFB_Bold.AgencyFB_Bold" size="16" color="ffffff">发开山符，冷却时间</><font src="/Game/UMG/Fonts/AgencyFB_Bold.AgencyFB_Bold" size="16" color="ffff00">2</><font src="/Game/UMG/Fonts/AgencyFB_Bold.AgencyFB_Bold" size="16" color="ffffff">秒</><br/><font src="/Game/UMG/Fonts/AgencyFB_Bold.AgencyFB_Bold" size="16" color="ffffff">每发造成</><font src="/Game/UMG/Fonts/AgencyFB_Bold.AgencyFB_Bold" size="16" color="ffff00">35</><font src="/Game/UMG/Fonts/AgencyFB_Bold.AgencyFB_Bold" size="16" color="ffffff">范围伤害</><font></><font></>,3,None,(),Barrage,8310786,1.45
9610504,96105,5,开山符,2,42,2,1,"(X=200.000000,Y=200.000000,Z=200.000000)",,SpawnProjectile_Parabolic,BlueprintGeneratedClass'/RoguelikeX/Asset/Blueprint/Prefabs/Skills/NewRogueSkill/Test_NewRogueSkill.Test_NewRogueSkill_C',BlueprintGeneratedClass'/RoguelikeX/Asset/Blueprint/RougeTreasureActor/Bomb_9610001.Bomb_9610001_C',BlueprintGeneratedClass'/RoguelikeX/Asset/Blueprint/Prefabs/Projectiles/RougeProj/Bomb_Proj_9610001.Bomb_Proj_9610001_C',Texture2D'/RoguelikeX/Asset/Art/UI/RouglikeXUI/SkillIcon/Icon_601_Skill_FJ.Icon_601_Skill_FJ',<font src="/Game/UMG/Fonts/AgencyFB_Bold.AgencyFB_Bold" size="16" color="ffff00">【范围】【弹幕】</><br/><font src="/Game/UMG/Fonts/AgencyFB_Bold.AgencyFB_Bold" size="16" color="ffffff">发射</><font src="/Game/UMG/Fonts/AgencyFB_Bold.AgencyFB_Bold" size="16" color="ffff00">2</><font src="/Game/UMG/Fonts/AgencyFB_Bold.AgencyFB_Bold" size="16" color="ffffff">发开山符，冷却时间</><font src="/Game/UMG/Fonts/AgencyFB_Bold.AgencyFB_Bold" size="16" color="ffff00">2</><font src="/Game/UMG/Fonts/AgencyFB_Bold.AgencyFB_Bold" size="16" color="ffffff">秒</><br/><font src="/Game/UMG/Fonts/AgencyFB_Bold.AgencyFB_Bold" size="16" color="ffffff">每发造成</><font src="/Game/UMG/Fonts/AgencyFB_Bold.AgencyFB_Bold" size="16" color="ffff00">42</><font src="/Game/UMG/Fonts/AgencyFB_Bold.AgencyFB_Bold" size="16" color="ffffff">范围伤害</><font></><font></>,4,None,(),Barrage,8310787,1.9
9610505,96105,5,开山符,2,48,3,1,"(X=200.000000,Y=200.000000,Z=200.000000)",,SpawnProjectile_Parabolic,BlueprintGeneratedClass'/RoguelikeX/Asset/Blueprint/Prefabs/Skills/NewRogueSkill/Test_NewRogueSkill.Test_NewRogueSkill_C',BlueprintGeneratedClass'/RoguelikeX/Asset/Blueprint/RougeTreasureActor/Bomb_9610001.Bomb_9610001_C',BlueprintGeneratedClass'/RoguelikeX/Asset/Blueprint/Prefabs/Projectiles/RougeProj/Bomb_Proj_9610001.Bomb_Proj_9610001_C',Texture2D'/RoguelikeX/Asset/Art/UI/RouglikeXUI/SkillIcon/Icon_601_Skill_FJ.Icon_601_Skill_FJ',<font src="/Game/UMG/Fonts/AgencyFB_Bold.AgencyFB_Bold" size="16" color="ffff00">【范围】【弹幕】</><br/><font src="/Game/UMG/Fonts/AgencyFB_Bold.AgencyFB_Bold" size="16" color="ffffff">发射</><font src="/Game/UMG/Fonts/AgencyFB_Bold.AgencyFB_Bold" size="16" color="ffff00">3</><font src="/Game/UMG/Fonts/AgencyFB_Bold.AgencyFB_Bold" size="16" color="ffffff">发开山符，冷却时间</><font src="/Game/UMG/Fonts/AgencyFB_Bold.AgencyFB_Bold" size="16" color="ffff00">2</><font src="/Game/UMG/Fonts/AgencyFB_Bold.AgencyFB_Bold" size="16" color="ffffff">秒</><br/><font src="/Game/UMG/Fonts/AgencyFB_Bold.AgencyFB_Bold" size="16" color="ffffff">每发造成</><font src="/Game/UMG/Fonts/AgencyFB_Bold.AgencyFB_Bold" size="16" color="ffff00">48</><font src="/Game/UMG/Fonts/AgencyFB_Bold.AgencyFB_Bold" size="16" color="ffffff">范围伤害</><font></><font></>,5,None,(),Barrage,8310788,1.9
9620501,96205,5,爆破投射器,2,26,1,1,"(X=200.000000,Y=200.000000,Z=200.000000)",,SpawnProjectile_Parabolic,BlueprintGeneratedClass'/RoguelikeX/Asset/Blueprint/Prefabs/Skills/NewRogueSkill/Test_NewRogueSkill.Test_NewRogueSkill_C',BlueprintGeneratedClass'/RoguelikeX/Asset/Blueprint/RougeTreasureActor/Bomb_9620001.Bomb_9620001_C',BlueprintGeneratedClass'/RoguelikeX/Asset/Blueprint/Prefabs/Projectiles/RougeProj/Bomb_Proj_9620001.Bomb_Proj_9620001_C',Texture2D'/RoguelikeX/Asset/Art/UI/RouglikeXUI/SkillIcon/Icon_601_Skill_FJ.Icon_601_Skill_FJ',<font src="/Game/UMG/Fonts/AgencyFB_Bold.AgencyFB_Bold" size="16" color="ffff00">【范围】【弹幕】</><br/><font src="/Game/UMG/Fonts/AgencyFB_Bold.AgencyFB_Bold" size="16" color="ffffff">发射</><font src="/Game/UMG/Fonts/AgencyFB_Bold.AgencyFB_Bold" size="16" color="ffff00">1</><font src="/Game/UMG/Fonts/AgencyFB_Bold.AgencyFB_Bold" size="16" color="ffffff">发榴弹，冷却时间</><font src="/Game/UMG/Fonts/AgencyFB_Bold.AgencyFB_Bold" size="16" color="ffff00">2</><font src="/Game/UMG/Fonts/AgencyFB_Bold.AgencyFB_Bold" size="16" color="ffffff">秒</><br/><font src="/Game/UMG/Fonts/AgencyFB_Bold.AgencyFB_Bold" size="16" color="ffffff">每发造成</><font src="/Game/UMG/Fonts/AgencyFB_Bold.AgencyFB_Bold" size="16" color="ffff00">26</><font src="/Game/UMG/Fonts/AgencyFB_Bold.AgencyFB_Bold" size="16" color="ffffff">范围伤害</><font></><font></>,1,None,(),Barrage,8310790,1
9620502,96205,5,爆破投射器,2,29,1,1,"(X=200.000000,Y=200.000000,Z=200.000000)",,SpawnProjectile_Parabolic,BlueprintGeneratedClass'/RoguelikeX/Asset/Blueprint/Prefabs/Skills/NewRogueSkill/Test_NewRogueSkill.Test_NewRogueSkill_C',BlueprintGeneratedClass'/RoguelikeX/Asset/Blueprint/RougeTreasureActor/Bomb_9620001.Bomb_9620001_C',BlueprintGeneratedClass'/RoguelikeX/Asset/Blueprint/Prefabs/Projectiles/RougeProj/Bomb_Proj_9620001.Bomb_Proj_9620001_C',Texture2D'/RoguelikeX/Asset/Art/UI/RouglikeXUI/SkillIcon/Icon_601_Skill_FJ.Icon_601_Skill_FJ',<font src="/Game/UMG/Fonts/AgencyFB_Bold.AgencyFB_Bold" size="16" color="ffff00">【范围】【弹幕】</><br/><font src="/Game/UMG/Fonts/AgencyFB_Bold.AgencyFB_Bold" size="16" color="ffffff">发射</><font src="/Game/UMG/Fonts/AgencyFB_Bold.AgencyFB_Bold" size="16" color="ffff00">1</><font src="/Game/UMG/Fonts/AgencyFB_Bold.AgencyFB_Bold" size="16" color="ffffff">发榴弹，冷却时间</><font src="/Game/UMG/Fonts/AgencyFB_Bold.AgencyFB_Bold" size="16" color="ffff00">2</><font src="/Game/UMG/Fonts/AgencyFB_Bold.AgencyFB_Bold" size="16" color="ffffff">秒</><br/><font src="/Game/UMG/Fonts/AgencyFB_Bold.AgencyFB_Bold" size="16" color="ffffff">每发造成</><font src="/Game/UMG/Fonts/AgencyFB_Bold.AgencyFB_Bold" size="16" color="ffff00">29</><font src="/Game/UMG/Fonts/AgencyFB_Bold.AgencyFB_Bold" size="16" color="ffffff">范围伤害</><font></><font></>,2,None,(),Barrage,8310791,1.45
9620503,96205,5,爆破投射器,2,35,2,1,"(X=200.000000,Y=200.000000,Z=200.000000)",,SpawnProjectile_Parabolic,BlueprintGeneratedClass'/RoguelikeX/Asset/Blueprint/Prefabs/Skills/NewRogueSkill/Test_NewRogueSkill.Test_NewRogueSkill_C',BlueprintGeneratedClass'/RoguelikeX/Asset/Blueprint/RougeTreasureActor/Bomb_9620001.Bomb_9620001_C',BlueprintGeneratedClass'/RoguelikeX/Asset/Blueprint/Prefabs/Projectiles/RougeProj/Bomb_Proj_9620001.Bomb_Proj_9620001_C',Texture2D'/RoguelikeX/Asset/Art/UI/RouglikeXUI/SkillIcon/Icon_601_Skill_FJ.Icon_601_Skill_FJ',<font src="/Game/UMG/Fonts/AgencyFB_Bold.AgencyFB_Bold" size="16" color="ffff00">【范围】【弹幕】</><br/><font src="/Game/UMG/Fonts/AgencyFB_Bold.AgencyFB_Bold" size="16" color="ffffff">发射</><font src="/Game/UMG/Fonts/AgencyFB_Bold.AgencyFB_Bold" size="16" color="ffff00">2</><font src="/Game/UMG/Fonts/AgencyFB_Bold.AgencyFB_Bold" size="16" color="ffffff">发榴弹，冷却时间</><font src="/Game/UMG/Fonts/AgencyFB_Bold.AgencyFB_Bold" size="16" color="ffff00">2</><font src="/Game/UMG/Fonts/AgencyFB_Bold.AgencyFB_Bold" size="16" color="ffffff">秒</><br/><font src="/Game/UMG/Fonts/AgencyFB_Bold.AgencyFB_Bold" size="16" color="ffffff">每发造成</><font src="/Game/UMG/Fonts/AgencyFB_Bold.AgencyFB_Bold" size="16" color="ffff00">35</><font src="/Game/UMG/Fonts/AgencyFB_Bold.AgencyFB_Bold" size="16" color="ffffff">范围伤害</><font></><font></>,3,None,(),Barrage,8310792,1.45
9620504,96205,5,爆破投射器,2,42,2,1,"(X=200.000000,Y=200.000000,Z=200.000000)",,SpawnProjectile_Parabolic,BlueprintGeneratedClass'/RoguelikeX/Asset/Blueprint/Prefabs/Skills/NewRogueSkill/Test_NewRogueSkill.Test_NewRogueSkill_C',BlueprintGeneratedClass'/RoguelikeX/Asset/Blueprint/RougeTreasureActor/Bomb_9620001.Bomb_9620001_C',BlueprintGeneratedClass'/RoguelikeX/Asset/Blueprint/Prefabs/Projectiles/RougeProj/Bomb_Proj_9620001.Bomb_Proj_9620001_C',Texture2D'/RoguelikeX/Asset/Art/UI/RouglikeXUI/SkillIcon/Icon_601_Skill_FJ.Icon_601_Skill_FJ',<font src="/Game/UMG/Fonts/AgencyFB_Bold.AgencyFB_Bold" size="16" color="ffff00">【范围】【弹幕】</><br/><font src="/Game/UMG/Fonts/AgencyFB_Bold.AgencyFB_Bold" size="16" color="ffffff">发射</><font src="/Game/UMG/Fonts/AgencyFB_Bold.AgencyFB_Bold" size="16" color="ffff00">2</><font src="/Game/UMG/Fonts/AgencyFB_Bold.AgencyFB_Bold" size="16" color="ffffff">发榴弹，冷却时间</><font src="/Game/UMG/Fonts/AgencyFB_Bold.AgencyFB_Bold" size="16" color="ffff00">2</><font src="/Game/UMG/Fonts/AgencyFB_Bold.AgencyFB_Bold" size="16" color="ffffff">秒</><br/><font src="/Game/UMG/Fonts/AgencyFB_Bold.AgencyFB_Bold" size="16" color="ffffff">每发造成</><font src="/Game/UMG/Fonts/AgencyFB_Bold.AgencyFB_Bold" size="16" color="ffff00">42</><font src="/Game/UMG/Fonts/AgencyFB_Bold.AgencyFB_Bold" size="16" color="ffffff">范围伤害</><font></><font></>,4,None,(),Barrage,8310793,1.9
9620505,96205,5,爆破投射器,2,48,3,1,"(X=200.000000,Y=200.000000,Z=200.000000)",,SpawnProjectile_Parabolic,BlueprintGeneratedClass'/RoguelikeX/Asset/Blueprint/Prefabs/Skills/NewRogueSkill/Test_NewRogueSkill.Test_NewRogueSkill_C',BlueprintGeneratedClass'/RoguelikeX/Asset/Blueprint/RougeTreasureActor/Bomb_9620001.Bomb_9620001_C',BlueprintGeneratedClass'/RoguelikeX/Asset/Blueprint/Prefabs/Projectiles/RougeProj/Bomb_Proj_9620001.Bomb_Proj_9620001_C',Texture2D'/RoguelikeX/Asset/Art/UI/RouglikeXUI/SkillIcon/Icon_601_Skill_FJ.Icon_601_Skill_FJ',<font src="/Game/UMG/Fonts/AgencyFB_Bold.AgencyFB_Bold" size="16" color="ffff00">【范围】【弹幕】</><br/><font src="/Game/UMG/Fonts/AgencyFB_Bold.AgencyFB_Bold" size="16" color="ffffff">发射</><font src="/Game/UMG/Fonts/AgencyFB_Bold.AgencyFB_Bold" size="16" color="ffff00">3</><font src="/Game/UMG/Fonts/AgencyFB_Bold.AgencyFB_Bold" size="16" color="ffffff">发榴弹，冷却时间</><font src="/Game/UMG/Fonts/AgencyFB_Bold.AgencyFB_Bold" size="16" color="ffff00">2</><font src="/Game/UMG/Fonts/AgencyFB_Bold.AgencyFB_Bold" size="16" color="ffffff">秒</><br/><font src="/Game/UMG/Fonts/AgencyFB_Bold.AgencyFB_Bold" size="16" color="ffffff">每发造成</><font src="/Game/UMG/Fonts/AgencyFB_Bold.AgencyFB_Bold" size="16" color="ffff00">48</><font src="/Game/UMG/Fonts/AgencyFB_Bold.AgencyFB_Bold" size="16" color="ffffff">范围伤害</><font></><font></>,5,None,(),Barrage,8310794,1.9
9630301,96303,3,护体冰剑,5,15,4,0,"(X=60.000000,Y=60.000000,Z=60.000000)",,SpawnOrbital,BlueprintGeneratedClass'/RoguelikeX/Asset/Blueprint/Prefabs/Skills/NewRogueSkill/Test_NewRogueSkill.Test_NewRogueSkill_C',BlueprintGeneratedClass'/RoguelikeX/Asset/Blueprint/RougeTreasureActor/Rotate_96300.Rotate_96300_C',None,Texture2D'/RoguelikeX/Asset/Art/UI/RouglikeXUI/SkillIcon/Icon_601_Skill_FJ.Icon_601_Skill_FJ',<font src="/Game/UMG/Fonts/AgencyFB_Bold.AgencyFB_Bold" size="16" color="ffff00">【近战】【环绕】</><br/><font src="/Game/UMG/Fonts/AgencyFB_Bold.AgencyFB_Bold" size="16" color="ffffff">召唤</><font src="/Game/UMG/Fonts/AgencyFB_Bold.AgencyFB_Bold" size="16" color="ffff00">4</><font src="/Game/UMG/Fonts/AgencyFB_Bold.AgencyFB_Bold" size="16" color="ffffff">把护体冰剑环绕，冷却时间</><font src="/Game/UMG/Fonts/AgencyFB_Bold.AgencyFB_Bold" size="16" color="ffff00">5</><font src="/Game/UMG/Fonts/AgencyFB_Bold.AgencyFB_Bold" size="16" color="ffffff">秒</><br/><font src="/Game/UMG/Fonts/AgencyFB_Bold.AgencyFB_Bold" size="16" color="ffffff">每发造成</><font src="/Game/UMG/Fonts/AgencyFB_Bold.AgencyFB_Bold" size="16" color="ffff00">15</><font src="/Game/UMG/Fonts/AgencyFB_Bold.AgencyFB_Bold" size="16" color="ffffff">伤害，持续</><font src="/Game/UMG/Fonts/AgencyFB_Bold.AgencyFB_Bold" size="16" color="ffff00">3</><font src="/Game/UMG/Fonts/AgencyFB_Bold.AgencyFB_Bold" size="16" color="ffffff">秒</>,1,BlueprintGeneratedClass'/RoguelikeX/Asset/Blueprint/RougeTreasureActor/Rotate_9630001_SkillActor.Rotate_9630001_SkillActor_C',"((""OrbitalRadius"", 200.000000),(""OrbitalSpeed"", 180.000000),(""OrbitalShowTime"", 3.000000),(""OrbitalExpandSpeed"", 50.000000))",Scale,8310795,1
9630302,96303,3,护体冰剑,5,17,4,0,"(X=60.000000,Y=60.000000,Z=60.000000)",,SpawnOrbital,BlueprintGeneratedClass'/RoguelikeX/Asset/Blueprint/Prefabs/Skills/NewRogueSkill/Test_NewRogueSkill.Test_NewRogueSkill_C',BlueprintGeneratedClass'/RoguelikeX/Asset/Blueprint/RougeTreasureActor/Rotate_96300.Rotate_96300_C',None,Texture2D'/RoguelikeX/Asset/Art/UI/RouglikeXUI/SkillIcon/Icon_601_Skill_FJ.Icon_601_Skill_FJ',<font src="/Game/UMG/Fonts/AgencyFB_Bold.AgencyFB_Bold" size="16" color="ffff00">【近战】【环绕】</><br/><font src="/Game/UMG/Fonts/AgencyFB_Bold.AgencyFB_Bold" size="16" color="ffffff">召唤</><font src="/Game/UMG/Fonts/AgencyFB_Bold.AgencyFB_Bold" size="16" color="ffff00">4</><font src="/Game/UMG/Fonts/AgencyFB_Bold.AgencyFB_Bold" size="16" color="ffffff">把护体冰剑环绕，冷却时间</><font src="/Game/UMG/Fonts/AgencyFB_Bold.AgencyFB_Bold" size="16" color="ffff00">5</><font src="/Game/UMG/Fonts/AgencyFB_Bold.AgencyFB_Bold" size="16" color="ffffff">秒</><br/><font src="/Game/UMG/Fonts/AgencyFB_Bold.AgencyFB_Bold" size="16" color="ffffff">每发造成</><font src="/Game/UMG/Fonts/AgencyFB_Bold.AgencyFB_Bold" size="16" color="ffff00">17</><font src="/Game/UMG/Fonts/AgencyFB_Bold.AgencyFB_Bold" size="16" color="ffffff">伤害，持续</><font src="/Game/UMG/Fonts/AgencyFB_Bold.AgencyFB_Bold" size="16" color="ffff00">3</><font src="/Game/UMG/Fonts/AgencyFB_Bold.AgencyFB_Bold" size="16" color="ffffff">秒</>,2,BlueprintGeneratedClass'/RoguelikeX/Asset/Blueprint/RougeTreasureActor/Rotate_9630001_SkillActor.Rotate_9630001_SkillActor_C',"((""OrbitalRadius"", 200.000000),(""OrbitalSpeed"", 180.000000),(""OrbitalShowTime"", 3.000000),(""OrbitalExpandSpeed"", 50.000000))",Scale,8310796,1
9630303,96303,3,护体冰剑,5,21,4,0,"(X=60.000000,Y=60.000000,Z=60.000000)",,SpawnOrbital,BlueprintGeneratedClass'/RoguelikeX/Asset/Blueprint/Prefabs/Skills/NewRogueSkill/Test_NewRogueSkill.Test_NewRogueSkill_C',BlueprintGeneratedClass'/RoguelikeX/Asset/Blueprint/RougeTreasureActor/Rotate_96300.Rotate_96300_C',None,Texture2D'/RoguelikeX/Asset/Art/UI/RouglikeXUI/SkillIcon/Icon_601_Skill_FJ.Icon_601_Skill_FJ',<font src="/Game/UMG/Fonts/AgencyFB_Bold.AgencyFB_Bold" size="16" color="ffff00">【近战】【环绕】</><br/><font src="/Game/UMG/Fonts/AgencyFB_Bold.AgencyFB_Bold" size="16" color="ffffff">召唤</><font src="/Game/UMG/Fonts/AgencyFB_Bold.AgencyFB_Bold" size="16" color="ffff00">4</><font src="/Game/UMG/Fonts/AgencyFB_Bold.AgencyFB_Bold" size="16" color="ffffff">把护体冰剑环绕，冷却时间</><font src="/Game/UMG/Fonts/AgencyFB_Bold.AgencyFB_Bold" size="16" color="ffff00">5</><font src="/Game/UMG/Fonts/AgencyFB_Bold.AgencyFB_Bold" size="16" color="ffffff">秒</><br/><font src="/Game/UMG/Fonts/AgencyFB_Bold.AgencyFB_Bold" size="16" color="ffffff">每发造成</><font src="/Game/UMG/Fonts/AgencyFB_Bold.AgencyFB_Bold" size="16" color="ffff00">21</><font src="/Game/UMG/Fonts/AgencyFB_Bold.AgencyFB_Bold" size="16" color="ffffff">伤害，持续</><font src="/Game/UMG/Fonts/AgencyFB_Bold.AgencyFB_Bold" size="16" color="ffff00">3</><font src="/Game/UMG/Fonts/AgencyFB_Bold.AgencyFB_Bold" size="16" color="ffffff">秒</>,3,BlueprintGeneratedClass'/RoguelikeX/Asset/Blueprint/RougeTreasureActor/Rotate_9630001_SkillActor.Rotate_9630001_SkillActor_C',"((""OrbitalRadius"", 200.000000),(""OrbitalSpeed"", 180.000000),(""OrbitalShowTime"", 3.000000),(""OrbitalExpandSpeed"", 50.000000))",Scale,8310797,1
9630304,96303,3,护体冰剑,5,25,4,0,"(X=60.000000,Y=60.000000,Z=60.000000)",,SpawnOrbital,BlueprintGeneratedClass'/RoguelikeX/Asset/Blueprint/Prefabs/Skills/NewRogueSkill/Test_NewRogueSkill.Test_NewRogueSkill_C',BlueprintGeneratedClass'/RoguelikeX/Asset/Blueprint/RougeTreasureActor/Rotate_96300.Rotate_96300_C',None,Texture2D'/RoguelikeX/Asset/Art/UI/RouglikeXUI/SkillIcon/Icon_601_Skill_FJ.Icon_601_Skill_FJ',<font src="/Game/UMG/Fonts/AgencyFB_Bold.AgencyFB_Bold" size="16" color="ffff00">【近战】【环绕】</><br/><font src="/Game/UMG/Fonts/AgencyFB_Bold.AgencyFB_Bold" size="16" color="ffffff">召唤</><font src="/Game/UMG/Fonts/AgencyFB_Bold.AgencyFB_Bold" size="16" color="ffff00">4</><font src="/Game/UMG/Fonts/AgencyFB_Bold.AgencyFB_Bold" size="16" color="ffffff">把护体冰剑环绕，冷却时间</><font src="/Game/UMG/Fonts/AgencyFB_Bold.AgencyFB_Bold" size="16" color="ffff00">5</><font src="/Game/UMG/Fonts/AgencyFB_Bold.AgencyFB_Bold" size="16" color="ffffff">秒</><br/><font src="/Game/UMG/Fonts/AgencyFB_Bold.AgencyFB_Bold" size="16" color="ffffff">每发造成</><font src="/Game/UMG/Fonts/AgencyFB_Bold.AgencyFB_Bold" size="16" color="ffff00">25</><font src="/Game/UMG/Fonts/AgencyFB_Bold.AgencyFB_Bold" size="16" color="ffffff">伤害，持续</><font src="/Game/UMG/Fonts/AgencyFB_Bold.AgencyFB_Bold" size="16" color="ffff00">3</><font src="/Game/UMG/Fonts/AgencyFB_Bold.AgencyFB_Bold" size="16" color="ffffff">秒</>,4,BlueprintGeneratedClass'/RoguelikeX/Asset/Blueprint/RougeTreasureActor/Rotate_9630001_SkillActor.Rotate_9630001_SkillActor_C',"((""OrbitalRadius"", 200.000000),(""OrbitalSpeed"", 180.000000),(""OrbitalShowTime"", 3.000000),(""OrbitalExpandSpeed"", 50.000000))",Scale,8310798,1
9630305,96303,3,护体冰剑,5,30,4,0,"(X=60.000000,Y=60.000000,Z=60.000000)",,SpawnOrbital,BlueprintGeneratedClass'/RoguelikeX/Asset/Blueprint/Prefabs/Skills/NewRogueSkill/Test_NewRogueSkill.Test_NewRogueSkill_C',BlueprintGeneratedClass'/RoguelikeX/Asset/Blueprint/RougeTreasureActor/Rotate_96300.Rotate_96300_C',None,Texture2D'/RoguelikeX/Asset/Art/UI/RouglikeXUI/SkillIcon/Icon_601_Skill_FJ.Icon_601_Skill_FJ',<font src="/Game/UMG/Fonts/AgencyFB_Bold.AgencyFB_Bold" size="16" color="ffff00">【近战】【环绕】</><br/><font src="/Game/UMG/Fonts/AgencyFB_Bold.AgencyFB_Bold" size="16" color="ffffff">召唤</><font src="/Game/UMG/Fonts/AgencyFB_Bold.AgencyFB_Bold" size="16" color="ffff00">4</><font src="/Game/UMG/Fonts/AgencyFB_Bold.AgencyFB_Bold" size="16" color="ffffff">把护体冰剑环绕，冷却时间</><font src="/Game/UMG/Fonts/AgencyFB_Bold.AgencyFB_Bold" size="16" color="ffff00">5</><font src="/Game/UMG/Fonts/AgencyFB_Bold.AgencyFB_Bold" size="16" color="ffffff">秒</><br/><font src="/Game/UMG/Fonts/AgencyFB_Bold.AgencyFB_Bold" size="16" color="ffffff">每发造成</><font src="/Game/UMG/Fonts/AgencyFB_Bold.AgencyFB_Bold" size="16" color="ffff00">30</><font src="/Game/UMG/Fonts/AgencyFB_Bold.AgencyFB_Bold" size="16" color="ffffff">伤害，持续</><font src="/Game/UMG/Fonts/AgencyFB_Bold.AgencyFB_Bold" size="16" color="ffff00">3</><font src="/Game/UMG/Fonts/AgencyFB_Bold.AgencyFB_Bold" size="16" color="ffffff">秒</>,5,BlueprintGeneratedClass'/RoguelikeX/Asset/Blueprint/RougeTreasureActor/Rotate_9630001_SkillActor.Rotate_9630001_SkillActor_C',"((""OrbitalRadius"", 200.000000),(""OrbitalSpeed"", 180.000000),(""OrbitalShowTime"", 3.000000),(""OrbitalExpandSpeed"", 50.000000))",Scale,8310799,1
9200401,92004,4,饕餮盾,5,30,3,0,"(X=70.000000,Y=70.000000,Z=70.000000)",,SpawnOrbital,BlueprintGeneratedClass'/RoguelikeX/Asset/Blueprint/Prefabs/Skills/NewRogueSkill/Shield_RogueSkill1.Shield_RogueSkill1_C',BlueprintGeneratedClass'/RoguelikeX/Asset/Blueprint/RougeTreasureActor/Shield_92000.Shield_92000_C',None,Texture2D'/RoguelikeX/Asset/Art/UI/RouglikeXUI/SkillIcon/Icon_601_Skill_FJ.Icon_601_Skill_FJ',<font src="/Game/UMG/Fonts/AgencyFB_Bold.AgencyFB_Bold" size="16" color="ffff00">【近战】【环绕】</><br/><font src="/Game/UMG/Fonts/AgencyFB_Bold.AgencyFB_Bold" size="16" color="ffffff">召唤</><font src="/Game/UMG/Fonts/AgencyFB_Bold.AgencyFB_Bold" size="16" color="ffff00">3</><font src="/Game/UMG/Fonts/AgencyFB_Bold.AgencyFB_Bold" size="16" color="ffffff">面饕餮盾环绕，冷却时间</><font src="/Game/UMG/Fonts/AgencyFB_Bold.AgencyFB_Bold" size="16" color="ffff00">5</><font src="/Game/UMG/Fonts/AgencyFB_Bold.AgencyFB_Bold" size="16" color="ffffff">秒</><br/><font src="/Game/UMG/Fonts/AgencyFB_Bold.AgencyFB_Bold" size="16" color="ffffff">每发造成</><font src="/Game/UMG/Fonts/AgencyFB_Bold.AgencyFB_Bold" size="16" color="ffff00">30</><font src="/Game/UMG/Fonts/AgencyFB_Bold.AgencyFB_Bold" size="16" color="ffffff">伤害，持续</><font src="/Game/UMG/Fonts/AgencyFB_Bold.AgencyFB_Bold" size="16" color="ffff00">3</><font src="/Game/UMG/Fonts/AgencyFB_Bold.AgencyFB_Bold" size="16" color="ffffff">秒</>,1,BlueprintGeneratedClass'/RoguelikeX/Asset/Blueprint/RougeTreasureActor/Shield_92000_SkillActor1.Shield_92000_SkillActor1_C',"((""OrbitalRadius"", 100.000000),(""OrbitalSpeed"", 180.000000),(""OrbitalShowTime"", 3.000000),(""OrbitalExpandSpeed"", 50.000000))",Scale,8310738,1
9200402,92004,4,饕餮盾,5,34,3,0,"(X=70.000000,Y=70.000000,Z=70.000000)",,SpawnOrbital,BlueprintGeneratedClass'/RoguelikeX/Asset/Blueprint/Prefabs/Skills/NewRogueSkill/Shield_RogueSkill1.Shield_RogueSkill1_C',BlueprintGeneratedClass'/RoguelikeX/Asset/Blueprint/RougeTreasureActor/Shield_92000.Shield_92000_C',None,Texture2D'/RoguelikeX/Asset/Art/UI/RouglikeXUI/SkillIcon/Icon_601_Skill_FJ.Icon_601_Skill_FJ',<font src="/Game/UMG/Fonts/AgencyFB_Bold.AgencyFB_Bold" size="16" color="ffff00">【近战】【环绕】</><br/><font src="/Game/UMG/Fonts/AgencyFB_Bold.AgencyFB_Bold" size="16" color="ffffff">召唤</><font src="/Game/UMG/Fonts/AgencyFB_Bold.AgencyFB_Bold" size="16" color="ffff00">3</><font src="/Game/UMG/Fonts/AgencyFB_Bold.AgencyFB_Bold" size="16" color="ffffff">面饕餮盾环绕，冷却时间</><font src="/Game/UMG/Fonts/AgencyFB_Bold.AgencyFB_Bold" size="16" color="ffff00">5</><font src="/Game/UMG/Fonts/AgencyFB_Bold.AgencyFB_Bold" size="16" color="ffffff">秒</><br/><font src="/Game/UMG/Fonts/AgencyFB_Bold.AgencyFB_Bold" size="16" color="ffffff">每发造成</><font src="/Game/UMG/Fonts/AgencyFB_Bold.AgencyFB_Bold" size="16" color="ffff00">34</><font src="/Game/UMG/Fonts/AgencyFB_Bold.AgencyFB_Bold" size="16" color="ffffff">伤害，持续</><font src="/Game/UMG/Fonts/AgencyFB_Bold.AgencyFB_Bold" size="16" color="ffff00">3</><font src="/Game/UMG/Fonts/AgencyFB_Bold.AgencyFB_Bold" size="16" color="ffffff">秒</>,2,BlueprintGeneratedClass'/RoguelikeX/Asset/Blueprint/RougeTreasureActor/Shield_92000_SkillActor1.Shield_92000_SkillActor1_C',"((""OrbitalRadius"", 100.000000),(""OrbitalSpeed"", 180.000000),(""OrbitalShowTime"", 3.000000),(""OrbitalExpandSpeed"", 50.000000))",Scale,8310986,1
9200403,92004,4,饕餮盾,5,42,3,0,"(X=70.000000,Y=70.000000,Z=70.000000)",,SpawnOrbital,BlueprintGeneratedClass'/RoguelikeX/Asset/Blueprint/Prefabs/Skills/NewRogueSkill/Shield_RogueSkill1.Shield_RogueSkill1_C',BlueprintGeneratedClass'/RoguelikeX/Asset/Blueprint/RougeTreasureActor/Shield_92000.Shield_92000_C',None,Texture2D'/RoguelikeX/Asset/Art/UI/RouglikeXUI/SkillIcon/Icon_601_Skill_FJ.Icon_601_Skill_FJ',<font src="/Game/UMG/Fonts/AgencyFB_Bold.AgencyFB_Bold" size="16" color="ffff00">【近战】【环绕】</><br/><font src="/Game/UMG/Fonts/AgencyFB_Bold.AgencyFB_Bold" size="16" color="ffffff">召唤</><font src="/Game/UMG/Fonts/AgencyFB_Bold.AgencyFB_Bold" size="16" color="ffff00">3</><font src="/Game/UMG/Fonts/AgencyFB_Bold.AgencyFB_Bold" size="16" color="ffffff">面饕餮盾环绕，冷却时间</><font src="/Game/UMG/Fonts/AgencyFB_Bold.AgencyFB_Bold" size="16" color="ffff00">5</><font src="/Game/UMG/Fonts/AgencyFB_Bold.AgencyFB_Bold" size="16" color="ffffff">秒</><br/><font src="/Game/UMG/Fonts/AgencyFB_Bold.AgencyFB_Bold" size="16" color="ffffff">每发造成</><font src="/Game/UMG/Fonts/AgencyFB_Bold.AgencyFB_Bold" size="16" color="ffff00">42</><font src="/Game/UMG/Fonts/AgencyFB_Bold.AgencyFB_Bold" size="16" color="ffffff">伤害，持续</><font src="/Game/UMG/Fonts/AgencyFB_Bold.AgencyFB_Bold" size="16" color="ffff00">3</><font src="/Game/UMG/Fonts/AgencyFB_Bold.AgencyFB_Bold" size="16" color="ffffff">秒</>,3,BlueprintGeneratedClass'/RoguelikeX/Asset/Blueprint/RougeTreasureActor/Shield_92000_SkillActor1.Shield_92000_SkillActor1_C',"((""OrbitalRadius"", 100.000000),(""OrbitalSpeed"", 180.000000),(""OrbitalShowTime"", 3.000000),(""OrbitalExpandSpeed"", 50.000000))",Scale,8310987,1
9200404,92004,4,饕餮盾,5,50,3,0,"(X=70.000000,Y=70.000000,Z=70.000000)",,SpawnOrbital,BlueprintGeneratedClass'/RoguelikeX/Asset/Blueprint/Prefabs/Skills/NewRogueSkill/Shield_RogueSkill1.Shield_RogueSkill1_C',BlueprintGeneratedClass'/RoguelikeX/Asset/Blueprint/RougeTreasureActor/Shield_92000.Shield_92000_C',None,Texture2D'/RoguelikeX/Asset/Art/UI/RouglikeXUI/SkillIcon/Icon_601_Skill_FJ.Icon_601_Skill_FJ',<font src="/Game/UMG/Fonts/AgencyFB_Bold.AgencyFB_Bold" size="16" color="ffff00">【近战】【环绕】</><br/><font src="/Game/UMG/Fonts/AgencyFB_Bold.AgencyFB_Bold" size="16" color="ffffff">召唤</><font src="/Game/UMG/Fonts/AgencyFB_Bold.AgencyFB_Bold" size="16" color="ffff00">3</><font src="/Game/UMG/Fonts/AgencyFB_Bold.AgencyFB_Bold" size="16" color="ffffff">面饕餮盾环绕，冷却时间</><font src="/Game/UMG/Fonts/AgencyFB_Bold.AgencyFB_Bold" size="16" color="ffff00">5</><font src="/Game/UMG/Fonts/AgencyFB_Bold.AgencyFB_Bold" size="16" color="ffffff">秒</><br/><font src="/Game/UMG/Fonts/AgencyFB_Bold.AgencyFB_Bold" size="16" color="ffffff">每发造成</><font src="/Game/UMG/Fonts/AgencyFB_Bold.AgencyFB_Bold" size="16" color="ffff00">50</><font src="/Game/UMG/Fonts/AgencyFB_Bold.AgencyFB_Bold" size="16" color="ffffff">伤害，持续</><font src="/Game/UMG/Fonts/AgencyFB_Bold.AgencyFB_Bold" size="16" color="ffff00">3</><font src="/Game/UMG/Fonts/AgencyFB_Bold.AgencyFB_Bold" size="16" color="ffffff">秒</>,4,BlueprintGeneratedClass'/RoguelikeX/Asset/Blueprint/RougeTreasureActor/Shield_92000_SkillActor1.Shield_92000_SkillActor1_C',"((""OrbitalRadius"", 100.000000),(""OrbitalSpeed"", 180.000000),(""OrbitalShowTime"", 3.000000),(""OrbitalExpandSpeed"", 50.000000))",Scale,8310988,1
9200405,92004,4,饕餮盾,5,58,3,0,"(X=70.000000,Y=70.000000,Z=70.000000)",,SpawnOrbital,BlueprintGeneratedClass'/RoguelikeX/Asset/Blueprint/Prefabs/Skills/NewRogueSkill/Shield_RogueSkill1.Shield_RogueSkill1_C',BlueprintGeneratedClass'/RoguelikeX/Asset/Blueprint/RougeTreasureActor/Shield_92000.Shield_92000_C',None,Texture2D'/RoguelikeX/Asset/Art/UI/RouglikeXUI/SkillIcon/Icon_601_Skill_FJ.Icon_601_Skill_FJ',<font src="/Game/UMG/Fonts/AgencyFB_Bold.AgencyFB_Bold" size="16" color="ffff00">【近战】【环绕】</><br/><font src="/Game/UMG/Fonts/AgencyFB_Bold.AgencyFB_Bold" size="16" color="ffffff">召唤</><font src="/Game/UMG/Fonts/AgencyFB_Bold.AgencyFB_Bold" size="16" color="ffff00">3</><font src="/Game/UMG/Fonts/AgencyFB_Bold.AgencyFB_Bold" size="16" color="ffffff">面饕餮盾环绕，冷却时间</><font src="/Game/UMG/Fonts/AgencyFB_Bold.AgencyFB_Bold" size="16" color="ffff00">5</><font src="/Game/UMG/Fonts/AgencyFB_Bold.AgencyFB_Bold" size="16" color="ffffff">秒</><br/><font src="/Game/UMG/Fonts/AgencyFB_Bold.AgencyFB_Bold" size="16" color="ffffff">每发造成</><font src="/Game/UMG/Fonts/AgencyFB_Bold.AgencyFB_Bold" size="16" color="ffff00">58</><font src="/Game/UMG/Fonts/AgencyFB_Bold.AgencyFB_Bold" size="16" color="ffffff">伤害，持续</><font src="/Game/UMG/Fonts/AgencyFB_Bold.AgencyFB_Bold" size="16" color="ffff00">3</><font src="/Game/UMG/Fonts/AgencyFB_Bold.AgencyFB_Bold" size="16" color="ffffff">秒</>,5,BlueprintGeneratedClass'/RoguelikeX/Asset/Blueprint/RougeTreasureActor/Shield_92000_SkillActor1.Shield_92000_SkillActor1_C',"((""OrbitalRadius"", 100.000000),(""OrbitalSpeed"", 180.000000),(""OrbitalShowTime"", 3.000000),(""OrbitalExpandSpeed"", 50.000000))",Scale,8310989,1
9210401,92104,4,玄铁盾,5,39,3,0,"(X=70.000000,Y=70.000000,Z=70.000000)",,SpawnOrbital,BlueprintGeneratedClass'/RoguelikeX/Asset/Blueprint/Prefabs/Skills/NewRogueSkill/Shield_RogueSkill1.Shield_RogueSkill1_C',BlueprintGeneratedClass'/RoguelikeX/Asset/Blueprint/RougeTreasureActor/Shield_92100.Shield_92100_C',None,Texture2D'/RoguelikeX/Asset/Art/UI/RouglikeXUI/SkillIcon/Icon_601_Skill_FJ.Icon_601_Skill_FJ',<font src="/Game/UMG/Fonts/AgencyFB_Bold.AgencyFB_Bold" size="16" color="ffff00">【近战】【环绕】</><br/><font src="/Game/UMG/Fonts/AgencyFB_Bold.AgencyFB_Bold" size="16" color="ffffff">召唤</><font src="/Game/UMG/Fonts/AgencyFB_Bold.AgencyFB_Bold" size="16" color="ffff00">3</><font src="/Game/UMG/Fonts/AgencyFB_Bold.AgencyFB_Bold" size="16" color="ffffff">面玄铁盾环绕，冷却时间</><font src="/Game/UMG/Fonts/AgencyFB_Bold.AgencyFB_Bold" size="16" color="ffff00">5</><font src="/Game/UMG/Fonts/AgencyFB_Bold.AgencyFB_Bold" size="16" color="ffffff">秒</><br/><font src="/Game/UMG/Fonts/AgencyFB_Bold.AgencyFB_Bold" size="16" color="ffffff">每发造成</><font src="/Game/UMG/Fonts/AgencyFB_Bold.AgencyFB_Bold" size="16" color="ffff00">39</><font src="/Game/UMG/Fonts/AgencyFB_Bold.AgencyFB_Bold" size="16" color="ffffff">伤害，持续</><font src="/Game/UMG/Fonts/AgencyFB_Bold.AgencyFB_Bold" size="16" color="ffff00">3</><font src="/Game/UMG/Fonts/AgencyFB_Bold.AgencyFB_Bold" size="16" color="ffffff">秒</>,1,BlueprintGeneratedClass'/RoguelikeX/Asset/Blueprint/RougeTreasureActor/Shield_92100_SkillActor.Shield_92100_SkillActor_C',"((""OrbitalRadius"", 150.000000),(""OrbitalSpeed"", 180.000000),(""OrbitalShowTime"", 3.000000),(""OrbitalExpandSpeed"", 50.000000))",Scale,8310739,1
9210402,92104,4,玄铁盾,5,44,3,0,"(X=70.000000,Y=70.000000,Z=70.000000)",,SpawnOrbital,BlueprintGeneratedClass'/RoguelikeX/Asset/Blueprint/Prefabs/Skills/NewRogueSkill/Shield_RogueSkill1.Shield_RogueSkill1_C',BlueprintGeneratedClass'/RoguelikeX/Asset/Blueprint/RougeTreasureActor/Shield_92100.Shield_92100_C',None,Texture2D'/RoguelikeX/Asset/Art/UI/RouglikeXUI/SkillIcon/Icon_601_Skill_FJ.Icon_601_Skill_FJ',<font src="/Game/UMG/Fonts/AgencyFB_Bold.AgencyFB_Bold" size="16" color="ffff00">【近战】【环绕】</><br/><font src="/Game/UMG/Fonts/AgencyFB_Bold.AgencyFB_Bold" size="16" color="ffffff">召唤</><font src="/Game/UMG/Fonts/AgencyFB_Bold.AgencyFB_Bold" size="16" color="ffff00">3</><font src="/Game/UMG/Fonts/AgencyFB_Bold.AgencyFB_Bold" size="16" color="ffffff">面玄铁盾环绕，冷却时间</><font src="/Game/UMG/Fonts/AgencyFB_Bold.AgencyFB_Bold" size="16" color="ffff00">5</><font src="/Game/UMG/Fonts/AgencyFB_Bold.AgencyFB_Bold" size="16" color="ffffff">秒</><br/><font src="/Game/UMG/Fonts/AgencyFB_Bold.AgencyFB_Bold" size="16" color="ffffff">每发造成</><font src="/Game/UMG/Fonts/AgencyFB_Bold.AgencyFB_Bold" size="16" color="ffff00">44</><font src="/Game/UMG/Fonts/AgencyFB_Bold.AgencyFB_Bold" size="16" color="ffffff">伤害，持续</><font src="/Game/UMG/Fonts/AgencyFB_Bold.AgencyFB_Bold" size="16" color="ffff00">3</><font src="/Game/UMG/Fonts/AgencyFB_Bold.AgencyFB_Bold" size="16" color="ffffff">秒</>,2,BlueprintGeneratedClass'/RoguelikeX/Asset/Blueprint/RougeTreasureActor/Shield_92100_SkillActor.Shield_92100_SkillActor_C',"((""OrbitalRadius"", 150.000000),(""OrbitalSpeed"", 180.000000),(""OrbitalShowTime"", 3.000000),(""OrbitalExpandSpeed"", 50.000000))",Scale,8310998,1
9210403,92104,4,玄铁盾,5,54,3,0,"(X=70.000000,Y=70.000000,Z=70.000000)",,SpawnOrbital,BlueprintGeneratedClass'/RoguelikeX/Asset/Blueprint/Prefabs/Skills/NewRogueSkill/Shield_RogueSkill1.Shield_RogueSkill1_C',BlueprintGeneratedClass'/RoguelikeX/Asset/Blueprint/RougeTreasureActor/Shield_92100.Shield_92100_C',None,Texture2D'/RoguelikeX/Asset/Art/UI/RouglikeXUI/SkillIcon/Icon_601_Skill_FJ.Icon_601_Skill_FJ',<font src="/Game/UMG/Fonts/AgencyFB_Bold.AgencyFB_Bold" size="16" color="ffff00">【近战】【环绕】</><br/><font src="/Game/UMG/Fonts/AgencyFB_Bold.AgencyFB_Bold" size="16" color="ffffff">召唤</><font src="/Game/UMG/Fonts/AgencyFB_Bold.AgencyFB_Bold" size="16" color="ffff00">3</><font src="/Game/UMG/Fonts/AgencyFB_Bold.AgencyFB_Bold" size="16" color="ffffff">面玄铁盾环绕，冷却时间</><font src="/Game/UMG/Fonts/AgencyFB_Bold.AgencyFB_Bold" size="16" color="ffff00">5</><font src="/Game/UMG/Fonts/AgencyFB_Bold.AgencyFB_Bold" size="16" color="ffffff">秒</><br/><font src="/Game/UMG/Fonts/AgencyFB_Bold.AgencyFB_Bold" size="16" color="ffffff">每发造成</><font src="/Game/UMG/Fonts/AgencyFB_Bold.AgencyFB_Bold" size="16" color="ffff00">54</><font src="/Game/UMG/Fonts/AgencyFB_Bold.AgencyFB_Bold" size="16" color="ffffff">伤害，持续</><font src="/Game/UMG/Fonts/AgencyFB_Bold.AgencyFB_Bold" size="16" color="ffff00">3</><font src="/Game/UMG/Fonts/AgencyFB_Bold.AgencyFB_Bold" size="16" color="ffffff">秒</>,3,BlueprintGeneratedClass'/RoguelikeX/Asset/Blueprint/RougeTreasureActor/Shield_92100_SkillActor.Shield_92100_SkillActor_C',"((""OrbitalRadius"", 150.000000),(""OrbitalSpeed"", 180.000000),(""OrbitalShowTime"", 3.000000),(""OrbitalExpandSpeed"", 50.000000))",Scale,8310999,1
9210404,92104,4,玄铁盾,5,65,3,0,"(X=70.000000,Y=70.000000,Z=70.000000)",,SpawnOrbital,BlueprintGeneratedClass'/RoguelikeX/Asset/Blueprint/Prefabs/Skills/NewRogueSkill/Shield_RogueSkill1.Shield_RogueSkill1_C',BlueprintGeneratedClass'/RoguelikeX/Asset/Blueprint/RougeTreasureActor/Shield_92100.Shield_92100_C',None,Texture2D'/RoguelikeX/Asset/Art/UI/RouglikeXUI/SkillIcon/Icon_601_Skill_FJ.Icon_601_Skill_FJ',<font src="/Game/UMG/Fonts/AgencyFB_Bold.AgencyFB_Bold" size="16" color="ffff00">【近战】【环绕】</><br/><font src="/Game/UMG/Fonts/AgencyFB_Bold.AgencyFB_Bold" size="16" color="ffffff">召唤</><font src="/Game/UMG/Fonts/AgencyFB_Bold.AgencyFB_Bold" size="16" color="ffff00">3</><font src="/Game/UMG/Fonts/AgencyFB_Bold.AgencyFB_Bold" size="16" color="ffffff">面玄铁盾环绕，冷却时间</><font src="/Game/UMG/Fonts/AgencyFB_Bold.AgencyFB_Bold" size="16" color="ffff00">5</><font src="/Game/UMG/Fonts/AgencyFB_Bold.AgencyFB_Bold" size="16" color="ffffff">秒</><br/><font src="/Game/UMG/Fonts/AgencyFB_Bold.AgencyFB_Bold" size="16" color="ffffff">每发造成</><font src="/Game/UMG/Fonts/AgencyFB_Bold.AgencyFB_Bold" size="16" color="ffff00">65</><font src="/Game/UMG/Fonts/AgencyFB_Bold.AgencyFB_Bold" size="16" color="ffffff">伤害，持续</><font src="/Game/UMG/Fonts/AgencyFB_Bold.AgencyFB_Bold" size="16" color="ffff00">3</><font src="/Game/UMG/Fonts/AgencyFB_Bold.AgencyFB_Bold" size="16" color="ffffff">秒</>,4,BlueprintGeneratedClass'/RoguelikeX/Asset/Blueprint/RougeTreasureActor/Shield_92100_SkillActor.Shield_92100_SkillActor_C',"((""OrbitalRadius"", 150.000000),(""OrbitalSpeed"", 180.000000),(""OrbitalShowTime"", 3.000000),(""OrbitalExpandSpeed"", 50.000000))",Scale,8310152,1
9210405,92104,4,玄铁盾,5,75,3,0,"(X=70.000000,Y=70.000000,Z=70.000000)",,SpawnOrbital,BlueprintGeneratedClass'/RoguelikeX/Asset/Blueprint/Prefabs/Skills/NewRogueSkill/Shield_RogueSkill1.Shield_RogueSkill1_C',BlueprintGeneratedClass'/RoguelikeX/Asset/Blueprint/RougeTreasureActor/Shield_92100.Shield_92100_C',None,Texture2D'/RoguelikeX/Asset/Art/UI/RouglikeXUI/SkillIcon/Icon_601_Skill_FJ.Icon_601_Skill_FJ',<font src="/Game/UMG/Fonts/AgencyFB_Bold.AgencyFB_Bold" size="16" color="ffff00">【近战】【环绕】</><br/><font src="/Game/UMG/Fonts/AgencyFB_Bold.AgencyFB_Bold" size="16" color="ffffff">召唤</><font src="/Game/UMG/Fonts/AgencyFB_Bold.AgencyFB_Bold" size="16" color="ffff00">3</><font src="/Game/UMG/Fonts/AgencyFB_Bold.AgencyFB_Bold" size="16" color="ffffff">面玄铁盾环绕，冷却时间</><font src="/Game/UMG/Fonts/AgencyFB_Bold.AgencyFB_Bold" size="16" color="ffff00">5</><font src="/Game/UMG/Fonts/AgencyFB_Bold.AgencyFB_Bold" size="16" color="ffffff">秒</><br/><font src="/Game/UMG/Fonts/AgencyFB_Bold.AgencyFB_Bold" size="16" color="ffffff">每发造成</><font src="/Game/UMG/Fonts/AgencyFB_Bold.AgencyFB_Bold" size="16" color="ffff00">75</><font src="/Game/UMG/Fonts/AgencyFB_Bold.AgencyFB_Bold" size="16" color="ffffff">伤害，持续</><font src="/Game/UMG/Fonts/AgencyFB_Bold.AgencyFB_Bold" size="16" color="ffff00">3</><font src="/Game/UMG/Fonts/AgencyFB_Bold.AgencyFB_Bold" size="16" color="ffffff">秒</>,5,BlueprintGeneratedClass'/RoguelikeX/Asset/Blueprint/RougeTreasureActor/Shield_92100_SkillActor.Shield_92100_SkillActor_C',"((""OrbitalRadius"", 150.000000),(""OrbitalSpeed"", 180.000000),(""OrbitalShowTime"", 3.000000),(""OrbitalExpandSpeed"", 50.000000))",Scale,8310154,1
9220501,92205,5,清一盾,5,40,3,0,"(X=70.000000,Y=70.000000,Z=70.000000)",,SpawnOrbital,BlueprintGeneratedClass'/RoguelikeX/Asset/Blueprint/Prefabs/Skills/NewRogueSkill/Shield_RogueSkill1.Shield_RogueSkill1_C',BlueprintGeneratedClass'/RoguelikeX/Asset/Blueprint/RougeTreasureActor/Shield_92200.Shield_92200_C',None,Texture2D'/RoguelikeX/Asset/Art/UI/RouglikeXUI/SkillIcon/Icon_601_Skill_FJ.Icon_601_Skill_FJ',<font src="/Game/UMG/Fonts/AgencyFB_Bold.AgencyFB_Bold" size="16" color="ffff00">【近战】【环绕】</><br/><font src="/Game/UMG/Fonts/AgencyFB_Bold.AgencyFB_Bold" size="16" color="ffffff">召唤</><font src="/Game/UMG/Fonts/AgencyFB_Bold.AgencyFB_Bold" size="16" color="ffff00">3</><font src="/Game/UMG/Fonts/AgencyFB_Bold.AgencyFB_Bold" size="16" color="ffffff">面清一盾环绕，冷却时间</><font src="/Game/UMG/Fonts/AgencyFB_Bold.AgencyFB_Bold" size="16" color="ffff00">5</><font src="/Game/UMG/Fonts/AgencyFB_Bold.AgencyFB_Bold" size="16" color="ffffff">秒</><br/><font src="/Game/UMG/Fonts/AgencyFB_Bold.AgencyFB_Bold" size="16" color="ffffff">每发造成</><font src="/Game/UMG/Fonts/AgencyFB_Bold.AgencyFB_Bold" size="16" color="ffff00">40</><font src="/Game/UMG/Fonts/AgencyFB_Bold.AgencyFB_Bold" size="16" color="ffffff">伤害，持续</><font src="/Game/UMG/Fonts/AgencyFB_Bold.AgencyFB_Bold" size="16" color="ffff00">3</><font src="/Game/UMG/Fonts/AgencyFB_Bold.AgencyFB_Bold" size="16" color="ffffff">秒</>,1,BlueprintGeneratedClass'/RoguelikeX/Asset/Blueprint/RougeTreasureActor/Shield_92200_SkillActor.Shield_92200_SkillActor_C',"((""OrbitalRadius"", 200.000000),(""OrbitalSpeed"", 180.000000),(""OrbitalShowTime"", 3.000000),(""OrbitalExpandSpeed"", 50.000000))",Scale,8310745,1
9220502,92205,5,清一盾,5,45,3,0,"(X=70.000000,Y=70.000000,Z=70.000000)",,SpawnOrbital,BlueprintGeneratedClass'/RoguelikeX/Asset/Blueprint/Prefabs/Skills/NewRogueSkill/Shield_RogueSkill1.Shield_RogueSkill1_C',BlueprintGeneratedClass'/RoguelikeX/Asset/Blueprint/RougeTreasureActor/Shield_92200.Shield_92200_C',None,Texture2D'/RoguelikeX/Asset/Art/UI/RouglikeXUI/SkillIcon/Icon_601_Skill_FJ.Icon_601_Skill_FJ',<font src="/Game/UMG/Fonts/AgencyFB_Bold.AgencyFB_Bold" size="16" color="ffff00">【近战】【环绕】</><br/><font src="/Game/UMG/Fonts/AgencyFB_Bold.AgencyFB_Bold" size="16" color="ffffff">召唤</><font src="/Game/UMG/Fonts/AgencyFB_Bold.AgencyFB_Bold" size="16" color="ffff00">3</><font src="/Game/UMG/Fonts/AgencyFB_Bold.AgencyFB_Bold" size="16" color="ffffff">面清一盾环绕，冷却时间</><font src="/Game/UMG/Fonts/AgencyFB_Bold.AgencyFB_Bold" size="16" color="ffff00">5</><font src="/Game/UMG/Fonts/AgencyFB_Bold.AgencyFB_Bold" size="16" color="ffffff">秒</><br/><font src="/Game/UMG/Fonts/AgencyFB_Bold.AgencyFB_Bold" size="16" color="ffffff">每发造成</><font src="/Game/UMG/Fonts/AgencyFB_Bold.AgencyFB_Bold" size="16" color="ffff00">45</><font src="/Game/UMG/Fonts/AgencyFB_Bold.AgencyFB_Bold" size="16" color="ffffff">伤害，持续</><font src="/Game/UMG/Fonts/AgencyFB_Bold.AgencyFB_Bold" size="16" color="ffff00">3</><font src="/Game/UMG/Fonts/AgencyFB_Bold.AgencyFB_Bold" size="16" color="ffffff">秒</>,2,BlueprintGeneratedClass'/RoguelikeX/Asset/Blueprint/RougeTreasureActor/Shield_92200_SkillActor.Shield_92200_SkillActor_C',"((""OrbitalRadius"", 200.000000),(""OrbitalSpeed"", 180.000000),(""OrbitalShowTime"", 3.000000),(""OrbitalExpandSpeed"", 50.000000))",Scale,8310971,1
9220503,92205,5,清一盾,5,55,3,0,"(X=70.000000,Y=70.000000,Z=70.000000)",,SpawnOrbital,BlueprintGeneratedClass'/RoguelikeX/Asset/Blueprint/Prefabs/Skills/NewRogueSkill/Shield_RogueSkill1.Shield_RogueSkill1_C',BlueprintGeneratedClass'/RoguelikeX/Asset/Blueprint/RougeTreasureActor/Shield_92200.Shield_92200_C',None,Texture2D'/RoguelikeX/Asset/Art/UI/RouglikeXUI/SkillIcon/Icon_601_Skill_FJ.Icon_601_Skill_FJ',<font src="/Game/UMG/Fonts/AgencyFB_Bold.AgencyFB_Bold" size="16" color="ffff00">【近战】【环绕】</><br/><font src="/Game/UMG/Fonts/AgencyFB_Bold.AgencyFB_Bold" size="16" color="ffffff">召唤</><font src="/Game/UMG/Fonts/AgencyFB_Bold.AgencyFB_Bold" size="16" color="ffff00">3</><font src="/Game/UMG/Fonts/AgencyFB_Bold.AgencyFB_Bold" size="16" color="ffffff">面清一盾环绕，冷却时间</><font src="/Game/UMG/Fonts/AgencyFB_Bold.AgencyFB_Bold" size="16" color="ffff00">5</><font src="/Game/UMG/Fonts/AgencyFB_Bold.AgencyFB_Bold" size="16" color="ffffff">秒</><br/><font src="/Game/UMG/Fonts/AgencyFB_Bold.AgencyFB_Bold" size="16" color="ffffff">每发造成</><font src="/Game/UMG/Fonts/AgencyFB_Bold.AgencyFB_Bold" size="16" color="ffff00">55</><font src="/Game/UMG/Fonts/AgencyFB_Bold.AgencyFB_Bold" size="16" color="ffffff">伤害，持续</><font src="/Game/UMG/Fonts/AgencyFB_Bold.AgencyFB_Bold" size="16" color="ffff00">3</><font src="/Game/UMG/Fonts/AgencyFB_Bold.AgencyFB_Bold" size="16" color="ffffff">秒</>,3,BlueprintGeneratedClass'/RoguelikeX/Asset/Blueprint/RougeTreasureActor/Shield_92200_SkillActor.Shield_92200_SkillActor_C',"((""OrbitalRadius"", 200.000000),(""OrbitalSpeed"", 180.000000),(""OrbitalShowTime"", 3.000000),(""OrbitalExpandSpeed"", 50.000000))",Scale,8310972,1
9220504,92205,5,清一盾,5,65,3,0,"(X=70.000000,Y=70.000000,Z=70.000000)",,SpawnOrbital,BlueprintGeneratedClass'/RoguelikeX/Asset/Blueprint/Prefabs/Skills/NewRogueSkill/Shield_RogueSkill1.Shield_RogueSkill1_C',BlueprintGeneratedClass'/RoguelikeX/Asset/Blueprint/RougeTreasureActor/Shield_92200.Shield_92200_C',None,Texture2D'/RoguelikeX/Asset/Art/UI/RouglikeXUI/SkillIcon/Icon_601_Skill_FJ.Icon_601_Skill_FJ',<font src="/Game/UMG/Fonts/AgencyFB_Bold.AgencyFB_Bold" size="16" color="ffff00">【近战】【环绕】</><br/><font src="/Game/UMG/Fonts/AgencyFB_Bold.AgencyFB_Bold" size="16" color="ffffff">召唤</><font src="/Game/UMG/Fonts/AgencyFB_Bold.AgencyFB_Bold" size="16" color="ffff00">3</><font src="/Game/UMG/Fonts/AgencyFB_Bold.AgencyFB_Bold" size="16" color="ffffff">面清一盾环绕，冷却时间</><font src="/Game/UMG/Fonts/AgencyFB_Bold.AgencyFB_Bold" size="16" color="ffff00">5</><font src="/Game/UMG/Fonts/AgencyFB_Bold.AgencyFB_Bold" size="16" color="ffffff">秒</><br/><font src="/Game/UMG/Fonts/AgencyFB_Bold.AgencyFB_Bold" size="16" color="ffffff">每发造成</><font src="/Game/UMG/Fonts/AgencyFB_Bold.AgencyFB_Bold" size="16" color="ffff00">65</><font src="/Game/UMG/Fonts/AgencyFB_Bold.AgencyFB_Bold" size="16" color="ffffff">伤害，持续</><font src="/Game/UMG/Fonts/AgencyFB_Bold.AgencyFB_Bold" size="16" color="ffff00">3</><font src="/Game/UMG/Fonts/AgencyFB_Bold.AgencyFB_Bold" size="16" color="ffffff">秒</>,4,BlueprintGeneratedClass'/RoguelikeX/Asset/Blueprint/RougeTreasureActor/Shield_92200_SkillActor.Shield_92200_SkillActor_C',"((""OrbitalRadius"", 200.000000),(""OrbitalSpeed"", 180.000000),(""OrbitalShowTime"", 3.000000),(""OrbitalExpandSpeed"", 50.000000))",Scale,8310973,1
9220505,92205,5,清一盾,5,75,3,0,"(X=70.000000,Y=70.000000,Z=70.000000)",,SpawnOrbital,BlueprintGeneratedClass'/RoguelikeX/Asset/Blueprint/Prefabs/Skills/NewRogueSkill/Shield_RogueSkill1.Shield_RogueSkill1_C',BlueprintGeneratedClass'/RoguelikeX/Asset/Blueprint/RougeTreasureActor/Shield_92200.Shield_92200_C',None,Texture2D'/RoguelikeX/Asset/Art/UI/RouglikeXUI/SkillIcon/Icon_601_Skill_FJ.Icon_601_Skill_FJ',<font src="/Game/UMG/Fonts/AgencyFB_Bold.AgencyFB_Bold" size="16" color="ffff00">【近战】【环绕】</><br/><font src="/Game/UMG/Fonts/AgencyFB_Bold.AgencyFB_Bold" size="16" color="ffffff">召唤</><font src="/Game/UMG/Fonts/AgencyFB_Bold.AgencyFB_Bold" size="16" color="ffff00">3</><font src="/Game/UMG/Fonts/AgencyFB_Bold.AgencyFB_Bold" size="16" color="ffffff">面清一盾环绕，冷却时间</><font src="/Game/UMG/Fonts/AgencyFB_Bold.AgencyFB_Bold" size="16" color="ffff00">5</><font src="/Game/UMG/Fonts/AgencyFB_Bold.AgencyFB_Bold" size="16" color="ffffff">秒</><br/><font src="/Game/UMG/Fonts/AgencyFB_Bold.AgencyFB_Bold" size="16" color="ffffff">每发造成</><font src="/Game/UMG/Fonts/AgencyFB_Bold.AgencyFB_Bold" size="16" color="ffff00">75</><font src="/Game/UMG/Fonts/AgencyFB_Bold.AgencyFB_Bold" size="16" color="ffffff">伤害，持续</><font src="/Game/UMG/Fonts/AgencyFB_Bold.AgencyFB_Bold" size="16" color="ffff00">3</><font src="/Game/UMG/Fonts/AgencyFB_Bold.AgencyFB_Bold" size="16" color="ffffff">秒</>,5,BlueprintGeneratedClass'/RoguelikeX/Asset/Blueprint/RougeTreasureActor/Shield_92200_SkillActor.Shield_92200_SkillActor_C',"((""OrbitalRadius"", 200.000000),(""OrbitalSpeed"", 180.000000),(""OrbitalShowTime"", 3.000000),(""OrbitalExpandSpeed"", 50.000000))",Scale,8310974,1
9130501,91305,5,金魔刃,5,36,4,0,"(X=60.000000,Y=60.000000,Z=60.000000)",,SpawnOrbital,BlueprintGeneratedClass'/RoguelikeX/Asset/Blueprint/Prefabs/Skills/NewRogueSkill/Test_NewRogueSkill.Test_NewRogueSkill_C',BlueprintGeneratedClass'/RoguelikeX/Asset/Blueprint/RougeTreasureActor/GoldBlade_91300.GoldBlade_91300_C',None,Texture2D'/RoguelikeX/Asset/Art/UI/RouglikeXUI/SkillIcon/Icon_601_Skill_FJ.Icon_601_Skill_FJ',<font src="/Game/UMG/Fonts/AgencyFB_Bold.AgencyFB_Bold" size="16" color="ffff00">【近战】【环绕】</><br/><font src="/Game/UMG/Fonts/AgencyFB_Bold.AgencyFB_Bold" size="16" color="ffffff">召唤</><font src="/Game/UMG/Fonts/AgencyFB_Bold.AgencyFB_Bold" size="16" color="ffff00">4</><font src="/Game/UMG/Fonts/AgencyFB_Bold.AgencyFB_Bold" size="16" color="ffffff">把金魔刃环绕，冷却时间</><font src="/Game/UMG/Fonts/AgencyFB_Bold.AgencyFB_Bold" size="16" color="ffff00">5</><font src="/Game/UMG/Fonts/AgencyFB_Bold.AgencyFB_Bold" size="16" color="ffffff">秒</><br/><font src="/Game/UMG/Fonts/AgencyFB_Bold.AgencyFB_Bold" size="16" color="ffffff">每发造成</><font src="/Game/UMG/Fonts/AgencyFB_Bold.AgencyFB_Bold" size="16" color="ffff00">36</><font src="/Game/UMG/Fonts/AgencyFB_Bold.AgencyFB_Bold" size="16" color="ffffff">伤害，持续</><font src="/Game/UMG/Fonts/AgencyFB_Bold.AgencyFB_Bold" size="16" color="ffff00">3</><font src="/Game/UMG/Fonts/AgencyFB_Bold.AgencyFB_Bold" size="16" color="ffffff">秒</>,1,BlueprintGeneratedClass'/RoguelikeX/Asset/Blueprint/RougeTreasureActor/Ball_9130001_SkillActor.Ball_9130001_SkillActor_C',"((""OrbitalRadius"", 200.000000),(""OrbitalSpeed"", 180.000000),(""OrbitalShowTime"", 3.000000),(""OrbitalExpandSpeed"", 50.000000))",Scale,8310737,1
9130502,91305,5,金魔刃,5,40,4,0,"(X=60.000000,Y=60.000000,Z=60.000000)",,SpawnOrbital,BlueprintGeneratedClass'/RoguelikeX/Asset/Blueprint/Prefabs/Skills/NewRogueSkill/Test_NewRogueSkill.Test_NewRogueSkill_C',BlueprintGeneratedClass'/RoguelikeX/Asset/Blueprint/RougeTreasureActor/GoldBlade_91300.GoldBlade_91300_C',None,Texture2D'/RoguelikeX/Asset/Art/UI/RouglikeXUI/SkillIcon/Icon_601_Skill_FJ.Icon_601_Skill_FJ',<font src="/Game/UMG/Fonts/AgencyFB_Bold.AgencyFB_Bold" size="16" color="ffff00">【近战】【环绕】</><br/><font src="/Game/UMG/Fonts/AgencyFB_Bold.AgencyFB_Bold" size="16" color="ffffff">召唤</><font src="/Game/UMG/Fonts/AgencyFB_Bold.AgencyFB_Bold" size="16" color="ffff00">4</><font src="/Game/UMG/Fonts/AgencyFB_Bold.AgencyFB_Bold" size="16" color="ffffff">把金魔刃环绕，冷却时间</><font src="/Game/UMG/Fonts/AgencyFB_Bold.AgencyFB_Bold" size="16" color="ffff00">5</><font src="/Game/UMG/Fonts/AgencyFB_Bold.AgencyFB_Bold" size="16" color="ffffff">秒</><br/><font src="/Game/UMG/Fonts/AgencyFB_Bold.AgencyFB_Bold" size="16" color="ffffff">每发造成</><font src="/Game/UMG/Fonts/AgencyFB_Bold.AgencyFB_Bold" size="16" color="ffff00">40</><font src="/Game/UMG/Fonts/AgencyFB_Bold.AgencyFB_Bold" size="16" color="ffffff">伤害，持续</><font src="/Game/UMG/Fonts/AgencyFB_Bold.AgencyFB_Bold" size="16" color="ffff00">3</><font src="/Game/UMG/Fonts/AgencyFB_Bold.AgencyFB_Bold" size="16" color="ffffff">秒</>,2,BlueprintGeneratedClass'/RoguelikeX/Asset/Blueprint/RougeTreasureActor/Ball_9130001_SkillActor.Ball_9130001_SkillActor_C',"((""OrbitalRadius"", 200.000000),(""OrbitalSpeed"", 180.000000),(""OrbitalShowTime"", 3.000000),(""OrbitalExpandSpeed"", 50.000000))",Scale,8310930,1
9130503,91305,5,金魔刃,5,50,4,0,"(X=60.000000,Y=60.000000,Z=60.000000)",,SpawnOrbital,BlueprintGeneratedClass'/RoguelikeX/Asset/Blueprint/Prefabs/Skills/NewRogueSkill/Test_NewRogueSkill.Test_NewRogueSkill_C',BlueprintGeneratedClass'/RoguelikeX/Asset/Blueprint/RougeTreasureActor/GoldBlade_91300.GoldBlade_91300_C',None,Texture2D'/RoguelikeX/Asset/Art/UI/RouglikeXUI/SkillIcon/Icon_601_Skill_FJ.Icon_601_Skill_FJ',<font src="/Game/UMG/Fonts/AgencyFB_Bold.AgencyFB_Bold" size="16" color="ffff00">【近战】【环绕】</><br/><font src="/Game/UMG/Fonts/AgencyFB_Bold.AgencyFB_Bold" size="16" color="ffffff">召唤</><font src="/Game/UMG/Fonts/AgencyFB_Bold.AgencyFB_Bold" size="16" color="ffff00">4</><font src="/Game/UMG/Fonts/AgencyFB_Bold.AgencyFB_Bold" size="16" color="ffffff">把金魔刃环绕，冷却时间</><font src="/Game/UMG/Fonts/AgencyFB_Bold.AgencyFB_Bold" size="16" color="ffff00">5</><font src="/Game/UMG/Fonts/AgencyFB_Bold.AgencyFB_Bold" size="16" color="ffffff">秒</><br/><font src="/Game/UMG/Fonts/AgencyFB_Bold.AgencyFB_Bold" size="16" color="ffffff">每发造成</><font src="/Game/UMG/Fonts/AgencyFB_Bold.AgencyFB_Bold" size="16" color="ffff00">50</><font src="/Game/UMG/Fonts/AgencyFB_Bold.AgencyFB_Bold" size="16" color="ffffff">伤害，持续</><font src="/Game/UMG/Fonts/AgencyFB_Bold.AgencyFB_Bold" size="16" color="ffff00">3</><font src="/Game/UMG/Fonts/AgencyFB_Bold.AgencyFB_Bold" size="16" color="ffffff">秒</>,3,BlueprintGeneratedClass'/RoguelikeX/Asset/Blueprint/RougeTreasureActor/Ball_9130001_SkillActor.Ball_9130001_SkillActor_C',"((""OrbitalRadius"", 200.000000),(""OrbitalSpeed"", 180.000000),(""OrbitalShowTime"", 3.000000),(""OrbitalExpandSpeed"", 50.000000))",Scale,8310931,1
9130504,91305,5,金魔刃,5,59,4,0,"(X=60.000000,Y=60.000000,Z=60.000000)",,SpawnOrbital,BlueprintGeneratedClass'/RoguelikeX/Asset/Blueprint/Prefabs/Skills/NewRogueSkill/Test_NewRogueSkill.Test_NewRogueSkill_C',BlueprintGeneratedClass'/RoguelikeX/Asset/Blueprint/RougeTreasureActor/GoldBlade_91300.GoldBlade_91300_C',None,Texture2D'/RoguelikeX/Asset/Art/UI/RouglikeXUI/SkillIcon/Icon_601_Skill_FJ.Icon_601_Skill_FJ',<font src="/Game/UMG/Fonts/AgencyFB_Bold.AgencyFB_Bold" size="16" color="ffff00">【近战】【环绕】</><br/><font src="/Game/UMG/Fonts/AgencyFB_Bold.AgencyFB_Bold" size="16" color="ffffff">召唤</><font src="/Game/UMG/Fonts/AgencyFB_Bold.AgencyFB_Bold" size="16" color="ffff00">4</><font src="/Game/UMG/Fonts/AgencyFB_Bold.AgencyFB_Bold" size="16" color="ffffff">把金魔刃环绕，冷却时间</><font src="/Game/UMG/Fonts/AgencyFB_Bold.AgencyFB_Bold" size="16" color="ffff00">5</><font src="/Game/UMG/Fonts/AgencyFB_Bold.AgencyFB_Bold" size="16" color="ffffff">秒</><br/><font src="/Game/UMG/Fonts/AgencyFB_Bold.AgencyFB_Bold" size="16" color="ffffff">每发造成</><font src="/Game/UMG/Fonts/AgencyFB_Bold.AgencyFB_Bold" size="16" color="ffff00">59</><font src="/Game/UMG/Fonts/AgencyFB_Bold.AgencyFB_Bold" size="16" color="ffffff">伤害，持续</><font src="/Game/UMG/Fonts/AgencyFB_Bold.AgencyFB_Bold" size="16" color="ffff00">3</><font src="/Game/UMG/Fonts/AgencyFB_Bold.AgencyFB_Bold" size="16" color="ffffff">秒</>,4,BlueprintGeneratedClass'/RoguelikeX/Asset/Blueprint/RougeTreasureActor/Ball_9130001_SkillActor.Ball_9130001_SkillActor_C',"((""OrbitalRadius"", 200.000000),(""OrbitalSpeed"", 180.000000),(""OrbitalShowTime"", 3.000000),(""OrbitalExpandSpeed"", 50.000000))",Scale,8310932,1
9130505,91305,5,金魔刃,5,68,4,0,"(X=60.000000,Y=60.000000,Z=60.000000)",,SpawnOrbital,BlueprintGeneratedClass'/RoguelikeX/Asset/Blueprint/Prefabs/Skills/NewRogueSkill/Test_NewRogueSkill.Test_NewRogueSkill_C',BlueprintGeneratedClass'/RoguelikeX/Asset/Blueprint/RougeTreasureActor/GoldBlade_91300.GoldBlade_91300_C',None,Texture2D'/RoguelikeX/Asset/Art/UI/RouglikeXUI/SkillIcon/Icon_601_Skill_FJ.Icon_601_Skill_FJ',<font src="/Game/UMG/Fonts/AgencyFB_Bold.AgencyFB_Bold" size="16" color="ffff00">【近战】【环绕】</><br/><font src="/Game/UMG/Fonts/AgencyFB_Bold.AgencyFB_Bold" size="16" color="ffffff">召唤</><font src="/Game/UMG/Fonts/AgencyFB_Bold.AgencyFB_Bold" size="16" color="ffff00">4</><font src="/Game/UMG/Fonts/AgencyFB_Bold.AgencyFB_Bold" size="16" color="ffffff">把金魔刃环绕，冷却时间</><font src="/Game/UMG/Fonts/AgencyFB_Bold.AgencyFB_Bold" size="16" color="ffff00">5</><font src="/Game/UMG/Fonts/AgencyFB_Bold.AgencyFB_Bold" size="16" color="ffffff">秒</><br/><font src="/Game/UMG/Fonts/AgencyFB_Bold.AgencyFB_Bold" size="16" color="ffffff">每发造成</><font src="/Game/UMG/Fonts/AgencyFB_Bold.AgencyFB_Bold" size="16" color="ffff00">68</><font src="/Game/UMG/Fonts/AgencyFB_Bold.AgencyFB_Bold" size="16" color="ffffff">伤害，持续</><font src="/Game/UMG/Fonts/AgencyFB_Bold.AgencyFB_Bold" size="16" color="ffff00">3</><font src="/Game/UMG/Fonts/AgencyFB_Bold.AgencyFB_Bold" size="16" color="ffffff">秒</>,5,BlueprintGeneratedClass'/RoguelikeX/Asset/Blueprint/RougeTreasureActor/Ball_9130001_SkillActor.Ball_9130001_SkillActor_C',"((""OrbitalRadius"", 200.000000),(""OrbitalSpeed"", 180.000000),(""OrbitalShowTime"", 3.000000),(""OrbitalExpandSpeed"", 50.000000))",Scale,8310933,1
9640501,96405,5,大溟有鱼,5,36,4,0,"(X=60.000000,Y=60.000000,Z=60.000000)",,SpawnOrbital,BlueprintGeneratedClass'/RoguelikeX/Asset/Blueprint/Prefabs/Skills/NewRogueSkill/Test_NewRogueSkill.Test_NewRogueSkill_C',BlueprintGeneratedClass'/RoguelikeX/Asset/Blueprint/RougeTreasureActor/Rotate_96400.Rotate_96400_C',None,Texture2D'/RoguelikeX/Asset/Art/UI/RouglikeXUI/SkillIcon/Icon_601_Skill_FJ.Icon_601_Skill_FJ',<font src="/Game/UMG/Fonts/AgencyFB_Bold.AgencyFB_Bold" size="16" color="ffff00">【近战】【环绕】</><br/><font src="/Game/UMG/Fonts/AgencyFB_Bold.AgencyFB_Bold" size="16" color="ffffff">召唤</><font src="/Game/UMG/Fonts/AgencyFB_Bold.AgencyFB_Bold" size="16" color="ffff00">4</><font src="/Game/UMG/Fonts/AgencyFB_Bold.AgencyFB_Bold" size="16" color="ffffff">条大鱼环绕，冷却时间</><font src="/Game/UMG/Fonts/AgencyFB_Bold.AgencyFB_Bold" size="16" color="ffff00">5</><font src="/Game/UMG/Fonts/AgencyFB_Bold.AgencyFB_Bold" size="16" color="ffffff">秒</><br/><font src="/Game/UMG/Fonts/AgencyFB_Bold.AgencyFB_Bold" size="16" color="ffffff">每发造成</><font src="/Game/UMG/Fonts/AgencyFB_Bold.AgencyFB_Bold" size="16" color="ffff00">36</><font src="/Game/UMG/Fonts/AgencyFB_Bold.AgencyFB_Bold" size="16" color="ffffff">伤害，持续</><font src="/Game/UMG/Fonts/AgencyFB_Bold.AgencyFB_Bold" size="16" color="ffff00">3</><font src="/Game/UMG/Fonts/AgencyFB_Bold.AgencyFB_Bold" size="16" color="ffffff">秒</>,1,BlueprintGeneratedClass'/RoguelikeX/Asset/Blueprint/RougeTreasureActor/Rotate_9640001_SkillActor.Rotate_9640001_SkillActor_C',"((""OrbitalRadius"", 200.000000),(""OrbitalSpeed"", 180.000000),(""OrbitalShowTime"", 3.000000),(""OrbitalExpandSpeed"", 50.000000))",Scale,8310800,1
9640502,96405,5,大溟有鱼,5,40,4,0,"(X=60.000000,Y=60.000000,Z=60.000000)",,SpawnOrbital,BlueprintGeneratedClass'/RoguelikeX/Asset/Blueprint/Prefabs/Skills/NewRogueSkill/Test_NewRogueSkill.Test_NewRogueSkill_C',BlueprintGeneratedClass'/RoguelikeX/Asset/Blueprint/RougeTreasureActor/Rotate_96400.Rotate_96400_C',None,Texture2D'/RoguelikeX/Asset/Art/UI/RouglikeXUI/SkillIcon/Icon_601_Skill_FJ.Icon_601_Skill_FJ',<font src="/Game/UMG/Fonts/AgencyFB_Bold.AgencyFB_Bold" size="16" color="ffff00">【近战】【环绕】</><br/><font src="/Game/UMG/Fonts/AgencyFB_Bold.AgencyFB_Bold" size="16" color="ffffff">召唤</><font src="/Game/UMG/Fonts/AgencyFB_Bold.AgencyFB_Bold" size="16" color="ffff00">4</><font src="/Game/UMG/Fonts/AgencyFB_Bold.AgencyFB_Bold" size="16" color="ffffff">条大鱼环绕，冷却时间</><font src="/Game/UMG/Fonts/AgencyFB_Bold.AgencyFB_Bold" size="16" color="ffff00">5</><font src="/Game/UMG/Fonts/AgencyFB_Bold.AgencyFB_Bold" size="16" color="ffffff">秒</><br/><font src="/Game/UMG/Fonts/AgencyFB_Bold.AgencyFB_Bold" size="16" color="ffffff">每发造成</><font src="/Game/UMG/Fonts/AgencyFB_Bold.AgencyFB_Bold" size="16" color="ffff00">40</><font src="/Game/UMG/Fonts/AgencyFB_Bold.AgencyFB_Bold" size="16" color="ffffff">伤害，持续</><font src="/Game/UMG/Fonts/AgencyFB_Bold.AgencyFB_Bold" size="16" color="ffff00">3</><font src="/Game/UMG/Fonts/AgencyFB_Bold.AgencyFB_Bold" size="16" color="ffffff">秒</>,2,BlueprintGeneratedClass'/RoguelikeX/Asset/Blueprint/RougeTreasureActor/Rotate_9640001_SkillActor.Rotate_9640001_SkillActor_C',"((""OrbitalRadius"", 200.000000),(""OrbitalSpeed"", 180.000000),(""OrbitalShowTime"", 3.000000),(""OrbitalExpandSpeed"", 50.000000))",Scale,8310801,1
9640503,96405,5,大溟有鱼,5,50,4,0,"(X=60.000000,Y=60.000000,Z=60.000000)",,SpawnOrbital,BlueprintGeneratedClass'/RoguelikeX/Asset/Blueprint/Prefabs/Skills/NewRogueSkill/Test_NewRogueSkill.Test_NewRogueSkill_C',BlueprintGeneratedClass'/RoguelikeX/Asset/Blueprint/RougeTreasureActor/Rotate_96400.Rotate_96400_C',None,Texture2D'/RoguelikeX/Asset/Art/UI/RouglikeXUI/SkillIcon/Icon_601_Skill_FJ.Icon_601_Skill_FJ',<font src="/Game/UMG/Fonts/AgencyFB_Bold.AgencyFB_Bold" size="16" color="ffff00">【近战】【环绕】</><br/><font src="/Game/UMG/Fonts/AgencyFB_Bold.AgencyFB_Bold" size="16" color="ffffff">召唤</><font src="/Game/UMG/Fonts/AgencyFB_Bold.AgencyFB_Bold" size="16" color="ffff00">4</><font src="/Game/UMG/Fonts/AgencyFB_Bold.AgencyFB_Bold" size="16" color="ffffff">条大鱼环绕，冷却时间</><font src="/Game/UMG/Fonts/AgencyFB_Bold.AgencyFB_Bold" size="16" color="ffff00">5</><font src="/Game/UMG/Fonts/AgencyFB_Bold.AgencyFB_Bold" size="16" color="ffffff">秒</><br/><font src="/Game/UMG/Fonts/AgencyFB_Bold.AgencyFB_Bold" size="16" color="ffffff">每发造成</><font src="/Game/UMG/Fonts/AgencyFB_Bold.AgencyFB_Bold" size="16" color="ffff00">50</><font src="/Game/UMG/Fonts/AgencyFB_Bold.AgencyFB_Bold" size="16" color="ffffff">伤害，持续</><font src="/Game/UMG/Fonts/AgencyFB_Bold.AgencyFB_Bold" size="16" color="ffff00">3</><font src="/Game/UMG/Fonts/AgencyFB_Bold.AgencyFB_Bold" size="16" color="ffffff">秒</>,3,BlueprintGeneratedClass'/RoguelikeX/Asset/Blueprint/RougeTreasureActor/Rotate_9640001_SkillActor.Rotate_9640001_SkillActor_C',"((""OrbitalRadius"", 200.000000),(""OrbitalSpeed"", 180.000000),(""OrbitalShowTime"", 3.000000),(""OrbitalExpandSpeed"", 50.000000))",Scale,8310802,1
9640504,96405,5,大溟有鱼,5,59,4,0,"(X=60.000000,Y=60.000000,Z=60.000000)",,SpawnOrbital,BlueprintGeneratedClass'/RoguelikeX/Asset/Blueprint/Prefabs/Skills/NewRogueSkill/Test_NewRogueSkill.Test_NewRogueSkill_C',BlueprintGeneratedClass'/RoguelikeX/Asset/Blueprint/RougeTreasureActor/Rotate_96400.Rotate_96400_C',None,Texture2D'/RoguelikeX/Asset/Art/UI/RouglikeXUI/SkillIcon/Icon_601_Skill_FJ.Icon_601_Skill_FJ',<font src="/Game/UMG/Fonts/AgencyFB_Bold.AgencyFB_Bold" size="16" color="ffff00">【近战】【环绕】</><br/><font src="/Game/UMG/Fonts/AgencyFB_Bold.AgencyFB_Bold" size="16" color="ffffff">召唤</><font src="/Game/UMG/Fonts/AgencyFB_Bold.AgencyFB_Bold" size="16" color="ffff00">4</><font src="/Game/UMG/Fonts/AgencyFB_Bold.AgencyFB_Bold" size="16" color="ffffff">条大鱼环绕，冷却时间</><font src="/Game/UMG/Fonts/AgencyFB_Bold.AgencyFB_Bold" size="16" color="ffff00">5</><font src="/Game/UMG/Fonts/AgencyFB_Bold.AgencyFB_Bold" size="16" color="ffffff">秒</><br/><font src="/Game/UMG/Fonts/AgencyFB_Bold.AgencyFB_Bold" size="16" color="ffffff">每发造成</><font src="/Game/UMG/Fonts/AgencyFB_Bold.AgencyFB_Bold" size="16" color="ffff00">59</><font src="/Game/UMG/Fonts/AgencyFB_Bold.AgencyFB_Bold" size="16" color="ffffff">伤害，持续</><font src="/Game/UMG/Fonts/AgencyFB_Bold.AgencyFB_Bold" size="16" color="ffff00">3</><font src="/Game/UMG/Fonts/AgencyFB_Bold.AgencyFB_Bold" size="16" color="ffffff">秒</>,4,BlueprintGeneratedClass'/RoguelikeX/Asset/Blueprint/RougeTreasureActor/Rotate_9640001_SkillActor.Rotate_9640001_SkillActor_C',"((""OrbitalRadius"", 200.000000),(""OrbitalSpeed"", 180.000000),(""OrbitalShowTime"", 3.000000),(""OrbitalExpandSpeed"", 50.000000))",Scale,8310803,1
9640505,96405,5,大溟有鱼,5,68,4,0,"(X=60.000000,Y=60.000000,Z=60.000000)",,SpawnOrbital,BlueprintGeneratedClass'/RoguelikeX/Asset/Blueprint/Prefabs/Skills/NewRogueSkill/Test_NewRogueSkill.Test_NewRogueSkill_C',BlueprintGeneratedClass'/RoguelikeX/Asset/Blueprint/RougeTreasureActor/Rotate_96400.Rotate_96400_C',None,Texture2D'/RoguelikeX/Asset/Art/UI/RouglikeXUI/SkillIcon/Icon_601_Skill_FJ.Icon_601_Skill_FJ',<font src="/Game/UMG/Fonts/AgencyFB_Bold.AgencyFB_Bold" size="16" color="ffff00">【近战】【环绕】</><br/><font src="/Game/UMG/Fonts/AgencyFB_Bold.AgencyFB_Bold" size="16" color="ffffff">召唤</><font src="/Game/UMG/Fonts/AgencyFB_Bold.AgencyFB_Bold" size="16" color="ffff00">4</><font src="/Game/UMG/Fonts/AgencyFB_Bold.AgencyFB_Bold" size="16" color="ffffff">条大鱼环绕，冷却时间</><font src="/Game/UMG/Fonts/AgencyFB_Bold.AgencyFB_Bold" size="16" color="ffff00">5</><font src="/Game/UMG/Fonts/AgencyFB_Bold.AgencyFB_Bold" size="16" color="ffffff">秒</><br/><font src="/Game/UMG/Fonts/AgencyFB_Bold.AgencyFB_Bold" size="16" color="ffffff">每发造成</><font src="/Game/UMG/Fonts/AgencyFB_Bold.AgencyFB_Bold" size="16" color="ffff00">68</><font src="/Game/UMG/Fonts/AgencyFB_Bold.AgencyFB_Bold" size="16" color="ffffff">伤害，持续</><font src="/Game/UMG/Fonts/AgencyFB_Bold.AgencyFB_Bold" size="16" color="ffff00">3</><font src="/Game/UMG/Fonts/AgencyFB_Bold.AgencyFB_Bold" size="16" color="ffffff">秒</>,5,BlueprintGeneratedClass'/RoguelikeX/Asset/Blueprint/RougeTreasureActor/Rotate_9640001_SkillActor.Rotate_9640001_SkillActor_C',"((""OrbitalRadius"", 200.000000),(""OrbitalSpeed"", 180.000000),(""OrbitalShowTime"", 3.000000),(""OrbitalExpandSpeed"", 50.000000))",Scale,8310804,1
9330401,93304,4,风龙扇,5,6,1,1,"(X=400.000000,Y=400.000000,Z=400.000000)",,SpawnProjectile_Linear,BlueprintGeneratedClass'/RoguelikeX/Asset/Blueprint/Prefabs/Skills/NewRogueSkill/Test_NewRogueSkill.Test_NewRogueSkill_C',BlueprintGeneratedClass'/RoguelikeX/Asset/Blueprint/RougeTreasureActor/Tornado_9330001.Tornado_9330001_C',BlueprintGeneratedClass'/RoguelikeX/Asset/Blueprint/Prefabs/Projectiles/NewRogueProj/Tornado_Proj_9330001.Tornado_Proj_9330001_C',Texture2D'/RoguelikeX/Asset/Art/UI/RouglikeXUI/SkillIcon/Icon_601_Skill_FJ.Icon_601_Skill_FJ',<font src="/Game/UMG/Fonts/AgencyFB_Bold.AgencyFB_Bold" size="16" color="ffff00">【范围】【持续伤害】</><br/><font src="/Game/UMG/Fonts/AgencyFB_Bold.AgencyFB_Bold" size="16" color="ffffff">召唤一道风龙卷，冷却时间</><font src="/Game/UMG/Fonts/AgencyFB_Bold.AgencyFB_Bold" size="16" color="ffff00">5</><font src="/Game/UMG/Fonts/AgencyFB_Bold.AgencyFB_Bold" size="16" color="ffffff">秒</><br/><font src="/Game/UMG/Fonts/AgencyFB_Bold.AgencyFB_Bold" size="16" color="ffffff">每秒造成</><font src="/Game/UMG/Fonts/AgencyFB_Bold.AgencyFB_Bold" size="16" color="ffff00">6</><font src="/Game/UMG/Fonts/AgencyFB_Bold.AgencyFB_Bold" size="16" color="ffffff">范围伤害，持续</><font src="/Game/UMG/Fonts/AgencyFB_Bold.AgencyFB_Bold" size="16" color="ffff00">3</><font src="/Game/UMG/Fonts/AgencyFB_Bold.AgencyFB_Bold" size="16" color="ffffff">秒</><font></><font></>,1,None,"((""SkillProjTrackingSpeed"", 800.000000),(""SkillProjLifeSpan"", 5.000000))",Critical,8310724,1
9330402,93304,4,风龙扇,5,6,1,1,"(X=400.000000,Y=400.000000,Z=400.000000)",,SpawnProjectile_Linear,BlueprintGeneratedClass'/RoguelikeX/Asset/Blueprint/Prefabs/Skills/NewRogueSkill/Test_NewRogueSkill.Test_NewRogueSkill_C',BlueprintGeneratedClass'/RoguelikeX/Asset/Blueprint/RougeTreasureActor/Tornado_9330001.Tornado_9330001_C',BlueprintGeneratedClass'/RoguelikeX/Asset/Blueprint/Prefabs/Projectiles/NewRogueProj/Tornado_Proj_9330001.Tornado_Proj_9330001_C',Texture2D'/RoguelikeX/Asset/Art/UI/RouglikeXUI/SkillIcon/Icon_601_Skill_FJ.Icon_601_Skill_FJ',<font src="/Game/UMG/Fonts/AgencyFB_Bold.AgencyFB_Bold" size="16" color="ffff00">【范围】【持续伤害】</><br/><font src="/Game/UMG/Fonts/AgencyFB_Bold.AgencyFB_Bold" size="16" color="ffffff">召唤一道风龙卷，冷却时间</><font src="/Game/UMG/Fonts/AgencyFB_Bold.AgencyFB_Bold" size="16" color="ffff00">5</><font src="/Game/UMG/Fonts/AgencyFB_Bold.AgencyFB_Bold" size="16" color="ffffff">秒</><br/><font src="/Game/UMG/Fonts/AgencyFB_Bold.AgencyFB_Bold" size="16" color="ffffff">每秒造成</><font src="/Game/UMG/Fonts/AgencyFB_Bold.AgencyFB_Bold" size="16" color="ffff00">6</><font src="/Game/UMG/Fonts/AgencyFB_Bold.AgencyFB_Bold" size="16" color="ffffff">范围伤害，持续</><font src="/Game/UMG/Fonts/AgencyFB_Bold.AgencyFB_Bold" size="16" color="ffff00">3</><font src="/Game/UMG/Fonts/AgencyFB_Bold.AgencyFB_Bold" size="16" color="ffffff">秒</><font></><font></>,2,None,"((""SkillProjTrackingSpeed"", 800.000000),(""SkillProjLifeSpan"", 5.000000))",Critical,8310990,1
9330403,93304,4,风龙扇,5,8,1,1,"(X=400.000000,Y=400.000000,Z=400.000000)",,SpawnProjectile_Linear,BlueprintGeneratedClass'/RoguelikeX/Asset/Blueprint/Prefabs/Skills/NewRogueSkill/Test_NewRogueSkill.Test_NewRogueSkill_C',BlueprintGeneratedClass'/RoguelikeX/Asset/Blueprint/RougeTreasureActor/Tornado_9330001.Tornado_9330001_C',BlueprintGeneratedClass'/RoguelikeX/Asset/Blueprint/Prefabs/Projectiles/NewRogueProj/Tornado_Proj_9330001.Tornado_Proj_9330001_C',Texture2D'/RoguelikeX/Asset/Art/UI/RouglikeXUI/SkillIcon/Icon_601_Skill_FJ.Icon_601_Skill_FJ',<font src="/Game/UMG/Fonts/AgencyFB_Bold.AgencyFB_Bold" size="16" color="ffff00">【范围】【持续伤害】</><br/><font src="/Game/UMG/Fonts/AgencyFB_Bold.AgencyFB_Bold" size="16" color="ffffff">召唤一道风龙卷，冷却时间</><font src="/Game/UMG/Fonts/AgencyFB_Bold.AgencyFB_Bold" size="16" color="ffff00">5</><font src="/Game/UMG/Fonts/AgencyFB_Bold.AgencyFB_Bold" size="16" color="ffffff">秒</><br/><font src="/Game/UMG/Fonts/AgencyFB_Bold.AgencyFB_Bold" size="16" color="ffffff">每秒造成</><font src="/Game/UMG/Fonts/AgencyFB_Bold.AgencyFB_Bold" size="16" color="ffff00">8</><font src="/Game/UMG/Fonts/AgencyFB_Bold.AgencyFB_Bold" size="16" color="ffffff">范围伤害，持续</><font src="/Game/UMG/Fonts/AgencyFB_Bold.AgencyFB_Bold" size="16" color="ffff00">3</><font src="/Game/UMG/Fonts/AgencyFB_Bold.AgencyFB_Bold" size="16" color="ffffff">秒</><font></><font></>,3,None,"((""SkillProjTrackingSpeed"", 800.000000),(""SkillProjLifeSpan"", 5.000000))",Critical,8310991,1
9330404,93304,4,风龙扇,5,10,1,1,"(X=400.000000,Y=400.000000,Z=400.000000)",,SpawnProjectile_Linear,BlueprintGeneratedClass'/RoguelikeX/Asset/Blueprint/Prefabs/Skills/NewRogueSkill/Test_NewRogueSkill.Test_NewRogueSkill_C',BlueprintGeneratedClass'/RoguelikeX/Asset/Blueprint/RougeTreasureActor/Tornado_9330001.Tornado_9330001_C',BlueprintGeneratedClass'/RoguelikeX/Asset/Blueprint/Prefabs/Projectiles/NewRogueProj/Tornado_Proj_9330001.Tornado_Proj_9330001_C',Texture2D'/RoguelikeX/Asset/Art/UI/RouglikeXUI/SkillIcon/Icon_601_Skill_FJ.Icon_601_Skill_FJ',<font src="/Game/UMG/Fonts/AgencyFB_Bold.AgencyFB_Bold" size="16" color="ffff00">【范围】【持续伤害】</><br/><font src="/Game/UMG/Fonts/AgencyFB_Bold.AgencyFB_Bold" size="16" color="ffffff">召唤一道风龙卷，冷却时间</><font src="/Game/UMG/Fonts/AgencyFB_Bold.AgencyFB_Bold" size="16" color="ffff00">5</><font src="/Game/UMG/Fonts/AgencyFB_Bold.AgencyFB_Bold" size="16" color="ffffff">秒</><br/><font src="/Game/UMG/Fonts/AgencyFB_Bold.AgencyFB_Bold" size="16" color="ffffff">每秒造成</><font src="/Game/UMG/Fonts/AgencyFB_Bold.AgencyFB_Bold" size="16" color="ffff00">10</><font src="/Game/UMG/Fonts/AgencyFB_Bold.AgencyFB_Bold" size="16" color="ffffff">范围伤害，持续</><font src="/Game/UMG/Fonts/AgencyFB_Bold.AgencyFB_Bold" size="16" color="ffff00">3</><font src="/Game/UMG/Fonts/AgencyFB_Bold.AgencyFB_Bold" size="16" color="ffffff">秒</><font></><font></>,4,None,"((""SkillProjTrackingSpeed"", 800.000000),(""SkillProjLifeSpan"", 5.000000))",Critical,8310992,1
9330405,93304,4,风龙扇,5,11,1,1,"(X=400.000000,Y=400.000000,Z=400.000000)",,SpawnProjectile_Linear,BlueprintGeneratedClass'/RoguelikeX/Asset/Blueprint/Prefabs/Skills/NewRogueSkill/Test_NewRogueSkill.Test_NewRogueSkill_C',BlueprintGeneratedClass'/RoguelikeX/Asset/Blueprint/RougeTreasureActor/Tornado_9330001.Tornado_9330001_C',BlueprintGeneratedClass'/RoguelikeX/Asset/Blueprint/Prefabs/Projectiles/NewRogueProj/Tornado_Proj_9330001.Tornado_Proj_9330001_C',Texture2D'/RoguelikeX/Asset/Art/UI/RouglikeXUI/SkillIcon/Icon_601_Skill_FJ.Icon_601_Skill_FJ',<font src="/Game/UMG/Fonts/AgencyFB_Bold.AgencyFB_Bold" size="16" color="ffff00">【范围】【持续伤害】</><br/><font src="/Game/UMG/Fonts/AgencyFB_Bold.AgencyFB_Bold" size="16" color="ffffff">召唤一道风龙卷，冷却时间</><font src="/Game/UMG/Fonts/AgencyFB_Bold.AgencyFB_Bold" size="16" color="ffff00">5</><font src="/Game/UMG/Fonts/AgencyFB_Bold.AgencyFB_Bold" size="16" color="ffffff">秒</><br/><font src="/Game/UMG/Fonts/AgencyFB_Bold.AgencyFB_Bold" size="16" color="ffffff">每秒造成</><font src="/Game/UMG/Fonts/AgencyFB_Bold.AgencyFB_Bold" size="16" color="ffff00">11</><font src="/Game/UMG/Fonts/AgencyFB_Bold.AgencyFB_Bold" size="16" color="ffffff">范围伤害，持续</><font src="/Game/UMG/Fonts/AgencyFB_Bold.AgencyFB_Bold" size="16" color="ffff00">3</><font src="/Game/UMG/Fonts/AgencyFB_Bold.AgencyFB_Bold" size="16" color="ffffff">秒</><font></><font></>,5,None,"((""SkillProjTrackingSpeed"", 800.000000),(""SkillProjLifeSpan"", 5.000000))",Critical,8310993,1
9650401,96504,4,雷电宝瓶,5,7,1,1,"(X=400.000000,Y=400.000000,Z=400.000000)",,SpawnProjectile_Linear,BlueprintGeneratedClass'/RoguelikeX/Asset/Blueprint/Prefabs/Skills/NewRogueSkill/Test_NewRogueSkill.Test_NewRogueSkill_C',BlueprintGeneratedClass'/RoguelikeX/Asset/Blueprint/RougeTreasureActor/lightning_9650001.Lightning_9650001_C',BlueprintGeneratedClass'/RoguelikeX/Asset/Blueprint/Prefabs/Projectiles/NewRogueProj/Lightning_Proj_9650001.Lightning_Proj_9650001_C',Texture2D'/RoguelikeX/Asset/Art/UI/RouglikeXUI/SkillIcon/Icon_601_Skill_FJ.Icon_601_Skill_FJ',<font src="/Game/UMG/Fonts/AgencyFB_Bold.AgencyFB_Bold" size="16" color="ffff00">【范围】【持续伤害】</><br/><font src="/Game/UMG/Fonts/AgencyFB_Bold.AgencyFB_Bold" size="16" color="ffffff">召唤一片雷暴，冷却时间</><font src="/Game/UMG/Fonts/AgencyFB_Bold.AgencyFB_Bold" size="16" color="ffff00">5</><font src="/Game/UMG/Fonts/AgencyFB_Bold.AgencyFB_Bold" size="16" color="ffffff">秒</><br/><font src="/Game/UMG/Fonts/AgencyFB_Bold.AgencyFB_Bold" size="16" color="ffffff">每秒造成</><font src="/Game/UMG/Fonts/AgencyFB_Bold.AgencyFB_Bold" size="16" color="ffff00">7</><font src="/Game/UMG/Fonts/AgencyFB_Bold.AgencyFB_Bold" size="16" color="ffffff">范围伤害，持续</><font src="/Game/UMG/Fonts/AgencyFB_Bold.AgencyFB_Bold" size="16" color="ffff00">3</><font src="/Game/UMG/Fonts/AgencyFB_Bold.AgencyFB_Bold" size="16" color="ffffff">秒</><font></><font></>,1,None,"((""SkillProjTrackingSpeed"", 800.000000),(""SkillProjLifeSpan"", 5.000000))",Critical,8310805,1
9650402,96504,4,雷电宝瓶,5,8,1,1,"(X=400.000000,Y=400.000000,Z=400.000000)",,SpawnProjectile_Linear,BlueprintGeneratedClass'/RoguelikeX/Asset/Blueprint/Prefabs/Skills/NewRogueSkill/Test_NewRogueSkill.Test_NewRogueSkill_C',BlueprintGeneratedClass'/RoguelikeX/Asset/Blueprint/RougeTreasureActor/lightning_9650001.Lightning_9650001_C',BlueprintGeneratedClass'/RoguelikeX/Asset/Blueprint/Prefabs/Projectiles/NewRogueProj/Lightning_Proj_9650001.Lightning_Proj_9650001_C',Texture2D'/RoguelikeX/Asset/Art/UI/RouglikeXUI/SkillIcon/Icon_601_Skill_FJ.Icon_601_Skill_FJ',<font src="/Game/UMG/Fonts/AgencyFB_Bold.AgencyFB_Bold" size="16" color="ffff00">【范围】【持续伤害】</><br/><font src="/Game/UMG/Fonts/AgencyFB_Bold.AgencyFB_Bold" size="16" color="ffffff">召唤一片雷暴，冷却时间</><font src="/Game/UMG/Fonts/AgencyFB_Bold.AgencyFB_Bold" size="16" color="ffff00">5</><font src="/Game/UMG/Fonts/AgencyFB_Bold.AgencyFB_Bold" size="16" color="ffffff">秒</><br/><font src="/Game/UMG/Fonts/AgencyFB_Bold.AgencyFB_Bold" size="16" color="ffffff">每秒造成</><font src="/Game/UMG/Fonts/AgencyFB_Bold.AgencyFB_Bold" size="16" color="ffff00">8</><font src="/Game/UMG/Fonts/AgencyFB_Bold.AgencyFB_Bold" size="16" color="ffffff">范围伤害，持续</><font src="/Game/UMG/Fonts/AgencyFB_Bold.AgencyFB_Bold" size="16" color="ffff00">3</><font src="/Game/UMG/Fonts/AgencyFB_Bold.AgencyFB_Bold" size="16" color="ffffff">秒</><font></><font></>,2,None,"((""SkillProjTrackingSpeed"", 800.000000),(""SkillProjLifeSpan"", 5.000000))",Critical,8310806,1
9650403,96504,4,雷电宝瓶,5,10,1,1,"(X=400.000000,Y=400.000000,Z=400.000000)",,SpawnProjectile_Linear,BlueprintGeneratedClass'/RoguelikeX/Asset/Blueprint/Prefabs/Skills/NewRogueSkill/Test_NewRogueSkill.Test_NewRogueSkill_C',BlueprintGeneratedClass'/RoguelikeX/Asset/Blueprint/RougeTreasureActor/lightning_9650001.Lightning_9650001_C',BlueprintGeneratedClass'/RoguelikeX/Asset/Blueprint/Prefabs/Projectiles/NewRogueProj/Lightning_Proj_9650001.Lightning_Proj_9650001_C',Texture2D'/RoguelikeX/Asset/Art/UI/RouglikeXUI/SkillIcon/Icon_601_Skill_FJ.Icon_601_Skill_FJ',<font src="/Game/UMG/Fonts/AgencyFB_Bold.AgencyFB_Bold" size="16" color="ffff00">【范围】【持续伤害】</><br/><font src="/Game/UMG/Fonts/AgencyFB_Bold.AgencyFB_Bold" size="16" color="ffffff">召唤一片雷暴，冷却时间</><font src="/Game/UMG/Fonts/AgencyFB_Bold.AgencyFB_Bold" size="16" color="ffff00">5</><font src="/Game/UMG/Fonts/AgencyFB_Bold.AgencyFB_Bold" size="16" color="ffffff">秒</><br/><font src="/Game/UMG/Fonts/AgencyFB_Bold.AgencyFB_Bold" size="16" color="ffffff">每秒造成</><font src="/Game/UMG/Fonts/AgencyFB_Bold.AgencyFB_Bold" size="16" color="ffff00">10</><font src="/Game/UMG/Fonts/AgencyFB_Bold.AgencyFB_Bold" size="16" color="ffffff">范围伤害，持续</><font src="/Game/UMG/Fonts/AgencyFB_Bold.AgencyFB_Bold" size="16" color="ffff00">3</><font src="/Game/UMG/Fonts/AgencyFB_Bold.AgencyFB_Bold" size="16" color="ffffff">秒</><font></><font></>,3,None,"((""SkillProjTrackingSpeed"", 800.000000),(""SkillProjLifeSpan"", 5.000000))",Critical,8310807,1
9650404,96504,4,雷电宝瓶,5,13,1,1,"(X=400.000000,Y=400.000000,Z=400.000000)",,SpawnProjectile_Linear,BlueprintGeneratedClass'/RoguelikeX/Asset/Blueprint/Prefabs/Skills/NewRogueSkill/Test_NewRogueSkill.Test_NewRogueSkill_C',BlueprintGeneratedClass'/RoguelikeX/Asset/Blueprint/RougeTreasureActor/lightning_9650001.Lightning_9650001_C',BlueprintGeneratedClass'/RoguelikeX/Asset/Blueprint/Prefabs/Projectiles/NewRogueProj/Lightning_Proj_9650001.Lightning_Proj_9650001_C',Texture2D'/RoguelikeX/Asset/Art/UI/RouglikeXUI/SkillIcon/Icon_601_Skill_FJ.Icon_601_Skill_FJ',<font src="/Game/UMG/Fonts/AgencyFB_Bold.AgencyFB_Bold" size="16" color="ffff00">【范围】【持续伤害】</><br/><font src="/Game/UMG/Fonts/AgencyFB_Bold.AgencyFB_Bold" size="16" color="ffffff">召唤一片雷暴，冷却时间</><font src="/Game/UMG/Fonts/AgencyFB_Bold.AgencyFB_Bold" size="16" color="ffff00">5</><font src="/Game/UMG/Fonts/AgencyFB_Bold.AgencyFB_Bold" size="16" color="ffffff">秒</><br/><font src="/Game/UMG/Fonts/AgencyFB_Bold.AgencyFB_Bold" size="16" color="ffffff">每秒造成</><font src="/Game/UMG/Fonts/AgencyFB_Bold.AgencyFB_Bold" size="16" color="ffff00">13</><font src="/Game/UMG/Fonts/AgencyFB_Bold.AgencyFB_Bold" size="16" color="ffffff">范围伤害，持续</><font src="/Game/UMG/Fonts/AgencyFB_Bold.AgencyFB_Bold" size="16" color="ffff00">3</><font src="/Game/UMG/Fonts/AgencyFB_Bold.AgencyFB_Bold" size="16" color="ffffff">秒</><font></><font></>,4,None,"((""SkillProjTrackingSpeed"", 800.000000),(""SkillProjLifeSpan"", 5.000000))",Critical,8310808,1
9650405,96504,4,雷电宝瓶,5,15,1,1,"(X=400.000000,Y=400.000000,Z=400.000000)",,SpawnProjectile_Linear,BlueprintGeneratedClass'/RoguelikeX/Asset/Blueprint/Prefabs/Skills/NewRogueSkill/Test_NewRogueSkill.Test_NewRogueSkill_C',BlueprintGeneratedClass'/RoguelikeX/Asset/Blueprint/RougeTreasureActor/lightning_9650001.Lightning_9650001_C',BlueprintGeneratedClass'/RoguelikeX/Asset/Blueprint/Prefabs/Projectiles/NewRogueProj/Lightning_Proj_9650001.Lightning_Proj_9650001_C',Texture2D'/RoguelikeX/Asset/Art/UI/RouglikeXUI/SkillIcon/Icon_601_Skill_FJ.Icon_601_Skill_FJ',<font src="/Game/UMG/Fonts/AgencyFB_Bold.AgencyFB_Bold" size="16" color="ffff00">【范围】【持续伤害】</><br/><font src="/Game/UMG/Fonts/AgencyFB_Bold.AgencyFB_Bold" size="16" color="ffffff">召唤一片雷暴，冷却时间</><font src="/Game/UMG/Fonts/AgencyFB_Bold.AgencyFB_Bold" size="16" color="ffff00">5</><font src="/Game/UMG/Fonts/AgencyFB_Bold.AgencyFB_Bold" size="16" color="ffffff">秒</><br/><font src="/Game/UMG/Fonts/AgencyFB_Bold.AgencyFB_Bold" size="16" color="ffffff">每秒造成</><font src="/Game/UMG/Fonts/AgencyFB_Bold.AgencyFB_Bold" size="16" color="ffff00">15</><font src="/Game/UMG/Fonts/AgencyFB_Bold.AgencyFB_Bold" size="16" color="ffffff">范围伤害，持续</><font src="/Game/UMG/Fonts/AgencyFB_Bold.AgencyFB_Bold" size="16" color="ffff00">3</><font src="/Game/UMG/Fonts/AgencyFB_Bold.AgencyFB_Bold" size="16" color="ffffff">秒</><font></><font></>,5,None,"((""SkillProjTrackingSpeed"", 800.000000),(""SkillProjLifeSpan"", 5.000000))",Critical,8310809,1
9660501,96605,5,地龙印,5,8,1,1,"(X=400.000000,Y=400.000000,Z=400.000000)",,SpawnProjectile_Linear,BlueprintGeneratedClass'/RoguelikeX/Asset/Blueprint/Prefabs/Skills/NewRogueSkill/Test_NewRogueSkill.Test_NewRogueSkill_C',BlueprintGeneratedClass'/RoguelikeX/Asset/Blueprint/RougeTreasureActor/Dragon_9660501.Dragon_9660501_C',BlueprintGeneratedClass'/RoguelikeX/Asset/Blueprint/Prefabs/Projectiles/NewRogueProj/Dragon_Proj_9660001.Dragon_Proj_9660001_C',Texture2D'/RoguelikeX/Asset/Art/UI/RouglikeXUI/SkillIcon/Icon_601_Skill_FJ.Icon_601_Skill_FJ',<font src="/Game/UMG/Fonts/AgencyFB_Bold.AgencyFB_Bold" size="16" color="ffff00">【范围】【持续伤害】</><br/><font src="/Game/UMG/Fonts/AgencyFB_Bold.AgencyFB_Bold" size="16" color="ffffff">召唤一片地震，冷却时间</><font src="/Game/UMG/Fonts/AgencyFB_Bold.AgencyFB_Bold" size="16" color="ffff00">5</><font src="/Game/UMG/Fonts/AgencyFB_Bold.AgencyFB_Bold" size="16" color="ffffff">秒</><br/><font src="/Game/UMG/Fonts/AgencyFB_Bold.AgencyFB_Bold" size="16" color="ffffff">每秒造成</><font src="/Game/UMG/Fonts/AgencyFB_Bold.AgencyFB_Bold" size="16" color="ffff00">8</><font src="/Game/UMG/Fonts/AgencyFB_Bold.AgencyFB_Bold" size="16" color="ffffff">范围伤害，持续</><font src="/Game/UMG/Fonts/AgencyFB_Bold.AgencyFB_Bold" size="16" color="ffff00">3</><font src="/Game/UMG/Fonts/AgencyFB_Bold.AgencyFB_Bold" size="16" color="ffffff">秒</><font></><font></>,1,None,"((""SkillProjTrackingSpeed"", 800.000000),(""SkillProjLifeSpan"", 5.000000))",Critical,8310810,1
9660502,96605,5,地龙印,5,9,1,1,"(X=400.000000,Y=400.000000,Z=400.000000)",,SpawnProjectile_Linear,BlueprintGeneratedClass'/RoguelikeX/Asset/Blueprint/Prefabs/Skills/NewRogueSkill/Test_NewRogueSkill.Test_NewRogueSkill_C',BlueprintGeneratedClass'/RoguelikeX/Asset/Blueprint/RougeTreasureActor/Dragon_9660501.Dragon_9660501_C',BlueprintGeneratedClass'/RoguelikeX/Asset/Blueprint/Prefabs/Projectiles/NewRogueProj/Dragon_Proj_9660001.Dragon_Proj_9660001_C',Texture2D'/RoguelikeX/Asset/Art/UI/RouglikeXUI/SkillIcon/Icon_601_Skill_FJ.Icon_601_Skill_FJ',<font src="/Game/UMG/Fonts/AgencyFB_Bold.AgencyFB_Bold" size="16" color="ffff00">【范围】【持续伤害】</><br/><font src="/Game/UMG/Fonts/AgencyFB_Bold.AgencyFB_Bold" size="16" color="ffffff">召唤一片地震，冷却时间</><font src="/Game/UMG/Fonts/AgencyFB_Bold.AgencyFB_Bold" size="16" color="ffff00">5</><font src="/Game/UMG/Fonts/AgencyFB_Bold.AgencyFB_Bold" size="16" color="ffffff">秒</><br/><font src="/Game/UMG/Fonts/AgencyFB_Bold.AgencyFB_Bold" size="16" color="ffffff">每秒造成</><font src="/Game/UMG/Fonts/AgencyFB_Bold.AgencyFB_Bold" size="16" color="ffff00">9</><font src="/Game/UMG/Fonts/AgencyFB_Bold.AgencyFB_Bold" size="16" color="ffffff">范围伤害，持续</><font src="/Game/UMG/Fonts/AgencyFB_Bold.AgencyFB_Bold" size="16" color="ffff00">3</><font src="/Game/UMG/Fonts/AgencyFB_Bold.AgencyFB_Bold" size="16" color="ffffff">秒</><font></><font></>,2,None,"((""SkillProjTrackingSpeed"", 800.000000),(""SkillProjLifeSpan"", 5.000000))",Critical,8310811,1
9660503,96605,5,地龙印,5,11,1,1,"(X=400.000000,Y=400.000000,Z=400.000000)",,SpawnProjectile_Linear,BlueprintGeneratedClass'/RoguelikeX/Asset/Blueprint/Prefabs/Skills/NewRogueSkill/Test_NewRogueSkill.Test_NewRogueSkill_C',BlueprintGeneratedClass'/RoguelikeX/Asset/Blueprint/RougeTreasureActor/Dragon_9660501.Dragon_9660501_C',BlueprintGeneratedClass'/RoguelikeX/Asset/Blueprint/Prefabs/Projectiles/NewRogueProj/Dragon_Proj_9660001.Dragon_Proj_9660001_C',Texture2D'/RoguelikeX/Asset/Art/UI/RouglikeXUI/SkillIcon/Icon_601_Skill_FJ.Icon_601_Skill_FJ',<font src="/Game/UMG/Fonts/AgencyFB_Bold.AgencyFB_Bold" size="16" color="ffff00">【范围】【持续伤害】</><br/><font src="/Game/UMG/Fonts/AgencyFB_Bold.AgencyFB_Bold" size="16" color="ffffff">召唤一片地震，冷却时间</><font src="/Game/UMG/Fonts/AgencyFB_Bold.AgencyFB_Bold" size="16" color="ffff00">5</><font src="/Game/UMG/Fonts/AgencyFB_Bold.AgencyFB_Bold" size="16" color="ffffff">秒</><br/><font src="/Game/UMG/Fonts/AgencyFB_Bold.AgencyFB_Bold" size="16" color="ffffff">每秒造成</><font src="/Game/UMG/Fonts/AgencyFB_Bold.AgencyFB_Bold" size="16" color="ffff00">11</><font src="/Game/UMG/Fonts/AgencyFB_Bold.AgencyFB_Bold" size="16" color="ffffff">范围伤害，持续</><font src="/Game/UMG/Fonts/AgencyFB_Bold.AgencyFB_Bold" size="16" color="ffff00">3</><font src="/Game/UMG/Fonts/AgencyFB_Bold.AgencyFB_Bold" size="16" color="ffffff">秒</><font></><font></>,3,None,"((""SkillProjTrackingSpeed"", 800.000000),(""SkillProjLifeSpan"", 5.000000))",Critical,8310812,1
9660504,96605,5,地龙印,5,13,1,1,"(X=400.000000,Y=400.000000,Z=400.000000)",,SpawnProjectile_Linear,BlueprintGeneratedClass'/RoguelikeX/Asset/Blueprint/Prefabs/Skills/NewRogueSkill/Test_NewRogueSkill.Test_NewRogueSkill_C',BlueprintGeneratedClass'/RoguelikeX/Asset/Blueprint/RougeTreasureActor/Dragon_9660501.Dragon_9660501_C',BlueprintGeneratedClass'/RoguelikeX/Asset/Blueprint/Prefabs/Projectiles/NewRogueProj/Dragon_Proj_9660001.Dragon_Proj_9660001_C',Texture2D'/RoguelikeX/Asset/Art/UI/RouglikeXUI/SkillIcon/Icon_601_Skill_FJ.Icon_601_Skill_FJ',<font src="/Game/UMG/Fonts/AgencyFB_Bold.AgencyFB_Bold" size="16" color="ffff00">【范围】【持续伤害】</><br/><font src="/Game/UMG/Fonts/AgencyFB_Bold.AgencyFB_Bold" size="16" color="ffffff">召唤一片地震，冷却时间</><font src="/Game/UMG/Fonts/AgencyFB_Bold.AgencyFB_Bold" size="16" color="ffff00">5</><font src="/Game/UMG/Fonts/AgencyFB_Bold.AgencyFB_Bold" size="16" color="ffffff">秒</><br/><font src="/Game/UMG/Fonts/AgencyFB_Bold.AgencyFB_Bold" size="16" color="ffffff">每秒造成</><font src="/Game/UMG/Fonts/AgencyFB_Bold.AgencyFB_Bold" size="16" color="ffff00">13</><font src="/Game/UMG/Fonts/AgencyFB_Bold.AgencyFB_Bold" size="16" color="ffffff">范围伤害，持续</><font src="/Game/UMG/Fonts/AgencyFB_Bold.AgencyFB_Bold" size="16" color="ffff00">3</><font src="/Game/UMG/Fonts/AgencyFB_Bold.AgencyFB_Bold" size="16" color="ffffff">秒</><font></><font></>,4,None,"((""SkillProjTrackingSpeed"", 800.000000),(""SkillProjLifeSpan"", 5.000000))",Critical,8310813,1
9660505,96605,5,地龙印,5,15,1,1,"(X=400.000000,Y=400.000000,Z=400.000000)",,SpawnProjectile_Linear,BlueprintGeneratedClass'/RoguelikeX/Asset/Blueprint/Prefabs/Skills/NewRogueSkill/Test_NewRogueSkill.Test_NewRogueSkill_C',BlueprintGeneratedClass'/RoguelikeX/Asset/Blueprint/RougeTreasureActor/Dragon_9660501.Dragon_9660501_C',BlueprintGeneratedClass'/RoguelikeX/Asset/Blueprint/Prefabs/Projectiles/NewRogueProj/Dragon_Proj_9660001.Dragon_Proj_9660001_C',Texture2D'/RoguelikeX/Asset/Art/UI/RouglikeXUI/SkillIcon/Icon_601_Skill_FJ.Icon_601_Skill_FJ',<font src="/Game/UMG/Fonts/AgencyFB_Bold.AgencyFB_Bold" size="16" color="ffff00">【范围】【持续伤害】</><br/><font src="/Game/UMG/Fonts/AgencyFB_Bold.AgencyFB_Bold" size="16" color="ffffff">召唤一片地震，冷却时间</><font src="/Game/UMG/Fonts/AgencyFB_Bold.AgencyFB_Bold" size="16" color="ffff00">5</><font src="/Game/UMG/Fonts/AgencyFB_Bold.AgencyFB_Bold" size="16" color="ffffff">秒</><br/><font src="/Game/UMG/Fonts/AgencyFB_Bold.AgencyFB_Bold" size="16" color="ffffff">每秒造成</><font src="/Game/UMG/Fonts/AgencyFB_Bold.AgencyFB_Bold" size="16" color="ffff00">15</><font src="/Game/UMG/Fonts/AgencyFB_Bold.AgencyFB_Bold" size="16" color="ffffff">范围伤害，持续</><font src="/Game/UMG/Fonts/AgencyFB_Bold.AgencyFB_Bold" size="16" color="ffff00">3</><font src="/Game/UMG/Fonts/AgencyFB_Bold.AgencyFB_Bold" size="16" color="ffffff">秒</><font></><font></>,5,None,"((""SkillProjTrackingSpeed"", 800.000000),(""SkillProjLifeSpan"", 5.000000))",Critical,8310814,1
9680501,96805,5,火龙扇,5,10,1,1,"(X=400.000000,Y=400.000000,Z=400.000000)",,SpawnProjectile_Linear,BlueprintGeneratedClass'/RoguelikeX/Asset/Blueprint/Prefabs/Skills/NewRogueSkill/Test_NewRogueSkill.Test_NewRogueSkill_C',BlueprintGeneratedClass'/RoguelikeX/Asset/Blueprint/RougeTreasureActor/Dragon_9680001.Dragon_9680001_C',BlueprintGeneratedClass'/RoguelikeX/Asset/Blueprint/Prefabs/Projectiles/NewRogueProj/Dragon_Proj_9680001.Dragon_Proj_9680001_C',Texture2D'/RoguelikeX/Asset/Art/UI/RouglikeXUI/SkillIcon/Icon_601_Skill_FJ.Icon_601_Skill_FJ',<font src="/Game/UMG/Fonts/AgencyFB_Bold.AgencyFB_Bold" size="16" color="ffff00">【范围】【持续伤害】</><br/><font src="/Game/UMG/Fonts/AgencyFB_Bold.AgencyFB_Bold" size="16" color="ffffff">召唤一道火龙卷，冷却时间</><font src="/Game/UMG/Fonts/AgencyFB_Bold.AgencyFB_Bold" size="16" color="ffff00">5</><font src="/Game/UMG/Fonts/AgencyFB_Bold.AgencyFB_Bold" size="16" color="ffffff">秒</><br/><font src="/Game/UMG/Fonts/AgencyFB_Bold.AgencyFB_Bold" size="16" color="ffffff">每秒造成</><font src="/Game/UMG/Fonts/AgencyFB_Bold.AgencyFB_Bold" size="16" color="ffff00">10</><font src="/Game/UMG/Fonts/AgencyFB_Bold.AgencyFB_Bold" size="16" color="ffffff">范围伤害，持续</><font src="/Game/UMG/Fonts/AgencyFB_Bold.AgencyFB_Bold" size="16" color="ffff00">3</><font src="/Game/UMG/Fonts/AgencyFB_Bold.AgencyFB_Bold" size="16" color="ffffff">秒</><font></><font></>,1,None,"((""SkillProjTrackingSpeed"", 800.000000),(""SkillProjLifeSpan"", 5.000000))",Critical,8310726,1
9680502,96805,5,火龙扇,5,11,1,1,"(X=400.000000,Y=400.000000,Z=400.000000)",,SpawnProjectile_Linear,BlueprintGeneratedClass'/RoguelikeX/Asset/Blueprint/Prefabs/Skills/NewRogueSkill/Test_NewRogueSkill.Test_NewRogueSkill_C',BlueprintGeneratedClass'/RoguelikeX/Asset/Blueprint/RougeTreasureActor/Dragon_9680001.Dragon_9680001_C',BlueprintGeneratedClass'/RoguelikeX/Asset/Blueprint/Prefabs/Projectiles/NewRogueProj/Dragon_Proj_9680001.Dragon_Proj_9680001_C',Texture2D'/RoguelikeX/Asset/Art/UI/RouglikeXUI/SkillIcon/Icon_601_Skill_FJ.Icon_601_Skill_FJ',<font src="/Game/UMG/Fonts/AgencyFB_Bold.AgencyFB_Bold" size="16" color="ffff00">【范围】【持续伤害】</><br/><font src="/Game/UMG/Fonts/AgencyFB_Bold.AgencyFB_Bold" size="16" color="ffffff">召唤一道火龙卷，冷却时间</><font src="/Game/UMG/Fonts/AgencyFB_Bold.AgencyFB_Bold" size="16" color="ffff00">5</><font src="/Game/UMG/Fonts/AgencyFB_Bold.AgencyFB_Bold" size="16" color="ffffff">秒</><br/><font src="/Game/UMG/Fonts/AgencyFB_Bold.AgencyFB_Bold" size="16" color="ffffff">每秒造成</><font src="/Game/UMG/Fonts/AgencyFB_Bold.AgencyFB_Bold" size="16" color="ffff00">11</><font src="/Game/UMG/Fonts/AgencyFB_Bold.AgencyFB_Bold" size="16" color="ffffff">范围伤害，持续</><font src="/Game/UMG/Fonts/AgencyFB_Bold.AgencyFB_Bold" size="16" color="ffff00">3</><font src="/Game/UMG/Fonts/AgencyFB_Bold.AgencyFB_Bold" size="16" color="ffffff">秒</><font></><font></>,2,None,"((""SkillProjTrackingSpeed"", 800.000000),(""SkillProjLifeSpan"", 5.000000))",Critical,8310922,1
9680503,96805,5,火龙扇,5,14,1,1,"(X=400.000000,Y=400.000000,Z=400.000000)",,SpawnProjectile_Linear,BlueprintGeneratedClass'/RoguelikeX/Asset/Blueprint/Prefabs/Skills/NewRogueSkill/Test_NewRogueSkill.Test_NewRogueSkill_C',BlueprintGeneratedClass'/RoguelikeX/Asset/Blueprint/RougeTreasureActor/Dragon_9680001.Dragon_9680001_C',BlueprintGeneratedClass'/RoguelikeX/Asset/Blueprint/Prefabs/Projectiles/NewRogueProj/Dragon_Proj_9680001.Dragon_Proj_9680001_C',Texture2D'/RoguelikeX/Asset/Art/UI/RouglikeXUI/SkillIcon/Icon_601_Skill_FJ.Icon_601_Skill_FJ',<font src="/Game/UMG/Fonts/AgencyFB_Bold.AgencyFB_Bold" size="16" color="ffff00">【范围】【持续伤害】</><br/><font src="/Game/UMG/Fonts/AgencyFB_Bold.AgencyFB_Bold" size="16" color="ffffff">召唤一道火龙卷，冷却时间</><font src="/Game/UMG/Fonts/AgencyFB_Bold.AgencyFB_Bold" size="16" color="ffff00">5</><font src="/Game/UMG/Fonts/AgencyFB_Bold.AgencyFB_Bold" size="16" color="ffffff">秒</><br/><font src="/Game/UMG/Fonts/AgencyFB_Bold.AgencyFB_Bold" size="16" color="ffffff">每秒造成</><font src="/Game/UMG/Fonts/AgencyFB_Bold.AgencyFB_Bold" size="16" color="ffff00">14</><font src="/Game/UMG/Fonts/AgencyFB_Bold.AgencyFB_Bold" size="16" color="ffffff">范围伤害，持续</><font src="/Game/UMG/Fonts/AgencyFB_Bold.AgencyFB_Bold" size="16" color="ffff00">3</><font src="/Game/UMG/Fonts/AgencyFB_Bold.AgencyFB_Bold" size="16" color="ffffff">秒</><font></><font></>,3,None,"((""SkillProjTrackingSpeed"", 800.000000),(""SkillProjLifeSpan"", 5.000000))",Critical,8310923,1
9680504,96805,5,火龙扇,5,16,1,1,"(X=400.000000,Y=400.000000,Z=400.000000)",,SpawnProjectile_Linear,BlueprintGeneratedClass'/RoguelikeX/Asset/Blueprint/Prefabs/Skills/NewRogueSkill/Test_NewRogueSkill.Test_NewRogueSkill_C',BlueprintGeneratedClass'/RoguelikeX/Asset/Blueprint/RougeTreasureActor/Dragon_9680001.Dragon_9680001_C',BlueprintGeneratedClass'/RoguelikeX/Asset/Blueprint/Prefabs/Projectiles/NewRogueProj/Dragon_Proj_9680001.Dragon_Proj_9680001_C',Texture2D'/RoguelikeX/Asset/Art/UI/RouglikeXUI/SkillIcon/Icon_601_Skill_FJ.Icon_601_Skill_FJ',<font src="/Game/UMG/Fonts/AgencyFB_Bold.AgencyFB_Bold" size="16" color="ffff00">【范围】【持续伤害】</><br/><font src="/Game/UMG/Fonts/AgencyFB_Bold.AgencyFB_Bold" size="16" color="ffffff">召唤一道火龙卷，冷却时间</><font src="/Game/UMG/Fonts/AgencyFB_Bold.AgencyFB_Bold" size="16" color="ffff00">5</><font src="/Game/UMG/Fonts/AgencyFB_Bold.AgencyFB_Bold" size="16" color="ffffff">秒</><br/><font src="/Game/UMG/Fonts/AgencyFB_Bold.AgencyFB_Bold" size="16" color="ffffff">每秒造成</><font src="/Game/UMG/Fonts/AgencyFB_Bold.AgencyFB_Bold" size="16" color="ffff00">16</><font src="/Game/UMG/Fonts/AgencyFB_Bold.AgencyFB_Bold" size="16" color="ffffff">范围伤害，持续</><font src="/Game/UMG/Fonts/AgencyFB_Bold.AgencyFB_Bold" size="16" color="ffff00">3</><font src="/Game/UMG/Fonts/AgencyFB_Bold.AgencyFB_Bold" size="16" color="ffffff">秒</><font></><font></>,4,None,"((""SkillProjTrackingSpeed"", 800.000000),(""SkillProjLifeSpan"", 5.000000))",Critical,8310924,1
9680505,96805,5,火龙扇,5,19,1,1,"(X=400.000000,Y=400.000000,Z=400.000000)",,SpawnProjectile_Linear,BlueprintGeneratedClass'/RoguelikeX/Asset/Blueprint/Prefabs/Skills/NewRogueSkill/Test_NewRogueSkill.Test_NewRogueSkill_C',BlueprintGeneratedClass'/RoguelikeX/Asset/Blueprint/RougeTreasureActor/Dragon_9680001.Dragon_9680001_C',BlueprintGeneratedClass'/RoguelikeX/Asset/Blueprint/Prefabs/Projectiles/NewRogueProj/Dragon_Proj_9680001.Dragon_Proj_9680001_C',Texture2D'/RoguelikeX/Asset/Art/UI/RouglikeXUI/SkillIcon/Icon_601_Skill_FJ.Icon_601_Skill_FJ',<font src="/Game/UMG/Fonts/AgencyFB_Bold.AgencyFB_Bold" size="16" color="ffff00">【范围】【持续伤害】</><br/><font src="/Game/UMG/Fonts/AgencyFB_Bold.AgencyFB_Bold" size="16" color="ffffff">召唤一道火龙卷，冷却时间</><font src="/Game/UMG/Fonts/AgencyFB_Bold.AgencyFB_Bold" size="16" color="ffff00">5</><font src="/Game/UMG/Fonts/AgencyFB_Bold.AgencyFB_Bold" size="16" color="ffffff">秒</><br/><font src="/Game/UMG/Fonts/AgencyFB_Bold.AgencyFB_Bold" size="16" color="ffffff">每秒造成</><font src="/Game/UMG/Fonts/AgencyFB_Bold.AgencyFB_Bold" size="16" color="ffff00">19</><font src="/Game/UMG/Fonts/AgencyFB_Bold.AgencyFB_Bold" size="16" color="ffffff">范围伤害，持续</><font src="/Game/UMG/Fonts/AgencyFB_Bold.AgencyFB_Bold" size="16" color="ffff00">3</><font src="/Game/UMG/Fonts/AgencyFB_Bold.AgencyFB_Bold" size="16" color="ffffff">秒</><font></><font></>,5,None,"((""SkillProjTrackingSpeed"", 800.000000),(""SkillProjLifeSpan"", 5.000000))",Critical,8310925,1
9670501,96705,5,水龙扇,5,10,1,1,"(X=400.000000,Y=400.000000,Z=400.000000)",,SpawnProjectile_Linear,BlueprintGeneratedClass'/RoguelikeX/Asset/Blueprint/Prefabs/Skills/NewRogueSkill/Test_NewRogueSkill.Test_NewRogueSkill_C',BlueprintGeneratedClass'/RoguelikeX/Asset/Blueprint/RougeTreasureActor/Dragon_9670001.Dragon_9670001_C',BlueprintGeneratedClass'/RoguelikeX/Asset/Blueprint/Prefabs/Projectiles/NewRogueProj/Dragon_Proj_9670001.Dragon_Proj_9670001_C',Texture2D'/RoguelikeX/Asset/Art/UI/RouglikeXUI/SkillIcon/Icon_601_Skill_FJ.Icon_601_Skill_FJ',<font src="/Game/UMG/Fonts/AgencyFB_Bold.AgencyFB_Bold" size="16" color="ffff00">【范围】【持续伤害】</><br/><font src="/Game/UMG/Fonts/AgencyFB_Bold.AgencyFB_Bold" size="16" color="ffffff">召唤一道水龙卷，冷却时间</><font src="/Game/UMG/Fonts/AgencyFB_Bold.AgencyFB_Bold" size="16" color="ffff00">5</><font src="/Game/UMG/Fonts/AgencyFB_Bold.AgencyFB_Bold" size="16" color="ffffff">秒</><br/><font src="/Game/UMG/Fonts/AgencyFB_Bold.AgencyFB_Bold" size="16" color="ffffff">每秒造成</><font src="/Game/UMG/Fonts/AgencyFB_Bold.AgencyFB_Bold" size="16" color="ffff00">10</><font src="/Game/UMG/Fonts/AgencyFB_Bold.AgencyFB_Bold" size="16" color="ffffff">范围伤害，持续</><font src="/Game/UMG/Fonts/AgencyFB_Bold.AgencyFB_Bold" size="16" color="ffff00">3</><font src="/Game/UMG/Fonts/AgencyFB_Bold.AgencyFB_Bold" size="16" color="ffffff">秒</><font></><font></>,1,None,"((""SkillProjTrackingSpeed"", 800.000000),(""SkillProjLifeSpan"", 5.000000))",Critical,8310725,1
9670502,96705,5,水龙扇,5,11,1,1,"(X=400.000000,Y=400.000000,Z=400.000000)",,SpawnProjectile_Linear,BlueprintGeneratedClass'/RoguelikeX/Asset/Blueprint/Prefabs/Skills/NewRogueSkill/Test_NewRogueSkill.Test_NewRogueSkill_C',BlueprintGeneratedClass'/RoguelikeX/Asset/Blueprint/RougeTreasureActor/Dragon_9670001.Dragon_9670001_C',BlueprintGeneratedClass'/RoguelikeX/Asset/Blueprint/Prefabs/Projectiles/NewRogueProj/Dragon_Proj_9670001.Dragon_Proj_9670001_C',Texture2D'/RoguelikeX/Asset/Art/UI/RouglikeXUI/SkillIcon/Icon_601_Skill_FJ.Icon_601_Skill_FJ',<font src="/Game/UMG/Fonts/AgencyFB_Bold.AgencyFB_Bold" size="16" color="ffff00">【范围】【持续伤害】</><br/><font src="/Game/UMG/Fonts/AgencyFB_Bold.AgencyFB_Bold" size="16" color="ffffff">召唤一道水龙卷，冷却时间</><font src="/Game/UMG/Fonts/AgencyFB_Bold.AgencyFB_Bold" size="16" color="ffff00">5</><font src="/Game/UMG/Fonts/AgencyFB_Bold.AgencyFB_Bold" size="16" color="ffffff">秒</><br/><font src="/Game/UMG/Fonts/AgencyFB_Bold.AgencyFB_Bold" size="16" color="ffffff">每秒造成</><font src="/Game/UMG/Fonts/AgencyFB_Bold.AgencyFB_Bold" size="16" color="ffff00">11</><font src="/Game/UMG/Fonts/AgencyFB_Bold.AgencyFB_Bold" size="16" color="ffffff">范围伤害，持续</><font src="/Game/UMG/Fonts/AgencyFB_Bold.AgencyFB_Bold" size="16" color="ffff00">3</><font src="/Game/UMG/Fonts/AgencyFB_Bold.AgencyFB_Bold" size="16" color="ffffff">秒</><font></><font></>,2,None,"((""SkillProjTrackingSpeed"", 800.000000),(""SkillProjLifeSpan"", 5.000000))",Critical,8310890,1
9670503,96705,5,水龙扇,5,14,1,1,"(X=400.000000,Y=400.000000,Z=400.000000)",,SpawnProjectile_Linear,BlueprintGeneratedClass'/RoguelikeX/Asset/Blueprint/Prefabs/Skills/NewRogueSkill/Test_NewRogueSkill.Test_NewRogueSkill_C',BlueprintGeneratedClass'/RoguelikeX/Asset/Blueprint/RougeTreasureActor/Dragon_9670001.Dragon_9670001_C',BlueprintGeneratedClass'/RoguelikeX/Asset/Blueprint/Prefabs/Projectiles/NewRogueProj/Dragon_Proj_9670001.Dragon_Proj_9670001_C',Texture2D'/RoguelikeX/Asset/Art/UI/RouglikeXUI/SkillIcon/Icon_601_Skill_FJ.Icon_601_Skill_FJ',<font src="/Game/UMG/Fonts/AgencyFB_Bold.AgencyFB_Bold" size="16" color="ffff00">【范围】【持续伤害】</><br/><font src="/Game/UMG/Fonts/AgencyFB_Bold.AgencyFB_Bold" size="16" color="ffffff">召唤一道水龙卷，冷却时间</><font src="/Game/UMG/Fonts/AgencyFB_Bold.AgencyFB_Bold" size="16" color="ffff00">5</><font src="/Game/UMG/Fonts/AgencyFB_Bold.AgencyFB_Bold" size="16" color="ffffff">秒</><br/><font src="/Game/UMG/Fonts/AgencyFB_Bold.AgencyFB_Bold" size="16" color="ffffff">每秒造成</><font src="/Game/UMG/Fonts/AgencyFB_Bold.AgencyFB_Bold" size="16" color="ffff00">14</><font src="/Game/UMG/Fonts/AgencyFB_Bold.AgencyFB_Bold" size="16" color="ffffff">范围伤害，持续</><font src="/Game/UMG/Fonts/AgencyFB_Bold.AgencyFB_Bold" size="16" color="ffff00">3</><font src="/Game/UMG/Fonts/AgencyFB_Bold.AgencyFB_Bold" size="16" color="ffffff">秒</><font></><font></>,3,None,"((""SkillProjTrackingSpeed"", 800.000000),(""SkillProjLifeSpan"", 5.000000))",Critical,8310891,1
9670504,96705,5,水龙扇,5,16,1,1,"(X=400.000000,Y=400.000000,Z=400.000000)",,SpawnProjectile_Linear,BlueprintGeneratedClass'/RoguelikeX/Asset/Blueprint/Prefabs/Skills/NewRogueSkill/Test_NewRogueSkill.Test_NewRogueSkill_C',BlueprintGeneratedClass'/RoguelikeX/Asset/Blueprint/RougeTreasureActor/Dragon_9670001.Dragon_9670001_C',BlueprintGeneratedClass'/RoguelikeX/Asset/Blueprint/Prefabs/Projectiles/NewRogueProj/Dragon_Proj_9670001.Dragon_Proj_9670001_C',Texture2D'/RoguelikeX/Asset/Art/UI/RouglikeXUI/SkillIcon/Icon_601_Skill_FJ.Icon_601_Skill_FJ',<font src="/Game/UMG/Fonts/AgencyFB_Bold.AgencyFB_Bold" size="16" color="ffff00">【范围】【持续伤害】</><br/><font src="/Game/UMG/Fonts/AgencyFB_Bold.AgencyFB_Bold" size="16" color="ffffff">召唤一道水龙卷，冷却时间</><font src="/Game/UMG/Fonts/AgencyFB_Bold.AgencyFB_Bold" size="16" color="ffff00">5</><font src="/Game/UMG/Fonts/AgencyFB_Bold.AgencyFB_Bold" size="16" color="ffffff">秒</><br/><font src="/Game/UMG/Fonts/AgencyFB_Bold.AgencyFB_Bold" size="16" color="ffffff">每秒造成</><font src="/Game/UMG/Fonts/AgencyFB_Bold.AgencyFB_Bold" size="16" color="ffff00">16</><font src="/Game/UMG/Fonts/AgencyFB_Bold.AgencyFB_Bold" size="16" color="ffffff">范围伤害，持续</><font src="/Game/UMG/Fonts/AgencyFB_Bold.AgencyFB_Bold" size="16" color="ffff00">3</><font src="/Game/UMG/Fonts/AgencyFB_Bold.AgencyFB_Bold" size="16" color="ffffff">秒</><font></><font></>,4,None,"((""SkillProjTrackingSpeed"", 800.000000),(""SkillProjLifeSpan"", 5.000000))",Critical,8310892,1
9670505,96705,5,水龙扇,5,19,1,1,"(X=400.000000,Y=400.000000,Z=400.000000)",,SpawnProjectile_Linear,BlueprintGeneratedClass'/RoguelikeX/Asset/Blueprint/Prefabs/Skills/NewRogueSkill/Test_NewRogueSkill.Test_NewRogueSkill_C',BlueprintGeneratedClass'/RoguelikeX/Asset/Blueprint/RougeTreasureActor/Dragon_9670001.Dragon_9670001_C',BlueprintGeneratedClass'/RoguelikeX/Asset/Blueprint/Prefabs/Projectiles/NewRogueProj/Dragon_Proj_9670001.Dragon_Proj_9670001_C',Texture2D'/RoguelikeX/Asset/Art/UI/RouglikeXUI/SkillIcon/Icon_601_Skill_FJ.Icon_601_Skill_FJ',<font src="/Game/UMG/Fonts/AgencyFB_Bold.AgencyFB_Bold" size="16" color="ffff00">【范围】【持续伤害】</><br/><font src="/Game/UMG/Fonts/AgencyFB_Bold.AgencyFB_Bold" size="16" color="ffffff">召唤一道水龙卷，冷却时间</><font src="/Game/UMG/Fonts/AgencyFB_Bold.AgencyFB_Bold" size="16" color="ffff00">5</><font src="/Game/UMG/Fonts/AgencyFB_Bold.AgencyFB_Bold" size="16" color="ffffff">秒</><br/><font src="/Game/UMG/Fonts/AgencyFB_Bold.AgencyFB_Bold" size="16" color="ffffff">每秒造成</><font src="/Game/UMG/Fonts/AgencyFB_Bold.AgencyFB_Bold" size="16" color="ffff00">19</><font src="/Game/UMG/Fonts/AgencyFB_Bold.AgencyFB_Bold" size="16" color="ffffff">范围伤害，持续</><font src="/Game/UMG/Fonts/AgencyFB_Bold.AgencyFB_Bold" size="16" color="ffff00">3</><font src="/Game/UMG/Fonts/AgencyFB_Bold.AgencyFB_Bold" size="16" color="ffffff">秒</><font></><font></>,5,None,"((""SkillProjTrackingSpeed"", 800.000000),(""SkillProjLifeSpan"", 5.000000))",Critical,8310893,1
